AG38,0.014367878926623645,0.0365277902813689,0.04007337200138163,0.1176332251584269,-0.04509336378976762,0.228516187419499,-0.14487813056377402,0.15500718733318228,-0.03369121654496051,0.01933441368268601,-0.011263555081941651,-0.022946689091891865,0.007977116053781378,-0.08391407683296184,0.08829005113058065,-0.12237206762754341,0.08393459291262452,-0.06423508999210756,0.02375895008157625,-0.012032433440652905
EMX07,0.008470837790495336,0.06753668501984642,-0.0017834009776282222,0.24254781406713713,-0.051632341765695824,0.16125863084197695,-0.04363831705182875,0.05674403667213613,-0.012907304897506727,0.009463523469748042,-0.012690005955693183,-0.011042745778968709,-0.030938857593778585,-0.011264275947840673,-0.025608934064831515,-0.05939184972851963,0.0010345098094536019,-0.05311637519113785,0.0016889086002886916,-0.010979239824346605
ag10,0.014931362482684086,0.02134075995148016,0.05351669402703384,0.0707159242234262,-0.01998270745239828,0.10888939719428706,-0.04207407766057299,0.06426289557747003,-0.015238579111438087,0.013017699530717613,-0.012798809396862332,-0.02215704066516656,-0.0003646219302166707,-0.05065036983899629,0.08808537182746204,-0.08986162277939579,0.0632521173472697,-0.039419883778960316,0.016190072344293448,-0.007581683649076742
N634421,0.04968126290309487,-0.008427428042086843,0.25427190513158937,-0.10870020129307072,0.4336772763600396,-0.040163842878529026,0.180075105097129,0.006225164621056617,0.027005634062775064,0.003924644254267538,-0.0015811083825849508,-0.08691743874163357,-0.018242567856941606,-0.1308128869676146,-0.1067224871188407,-0.1252801141183046,0.000279013715238407,-0.023829313869959155,0.017041254498448528,0.0017923268065577725
SG6040,0.017980104014150646,0.06368436648142772,0.05563164368749175,0.14048216431933847,0.1295788624464784,0.09639744558856062,0.12115467470014883,0.02282140611555928,0.0422907873193061,0.004025003541750194,-0.02402622561845568,-0.0008162107310159737,-0.1467044674798373,0.06511445432333182,-0.14204027552633666,-0.10373265887192473,0.032186888605877484,-0.024648657447832737,0.01071535282956688,0.0019371018045248125
EH210,0.009816792806199407,0.036219779966969734,0.07307250774074228,0.092104782945607,0.10534360937200243,0.03196569283399048,0.05205759289415209,0.009861841863176998,0.01092719007075869,0.0006639694689700834,-0.009849269721925359,-0.026542557717567652,-0.038680853301299355,-0.015219947663269378,-0.038042621487045236,-0.038949761650016956,-0.04471006631614967,-0.012053395087201008,-0.010381828688932839,-0.0007454450928840548
S4061,0.017244294297017765,0.04785567664877624,0.03394760873174482,0.18583459042259845,-0.006873401793027044,0.18017742600163678,0.04530125808745256,0.033801389892773814,0.012216929998493073,0.003117368666936786,-0.010044620937643536,-0.02398554387127666,-0.02803144665695505,-0.03738847597454311,0.024600053772135238,-0.010140001069305129,0.002872998462636766,-0.0005395330923916962,6.065598969643173e-05,-3.1457307049625727e-06
Aquila,0.01962588575083998,0.02450803495748763,0.12202492377396913,0.06410622468071635,0.14110202822741005,0.07417313930743252,0.06592827996148885,0.03254782861266447,0.01625127857593601,0.004224454343910275,-0.009727184335875603,-0.0358870128153949,0.05196048236393739,-0.08902009912202784,0.07179716422860602,-0.05992055700436633,0.02547546852792069,-0.012586757597310394,0.0015518338512346616,-0.0004942027553173511
N663418,0.040925468466951734,0.00044969635402818337,0.11548015539075947,0.13065416766758275,0.020433698329097336,0.23845247660325705,0.11441547087529282,0.04923894301082562,0.024447815467484493,0.005643047538684144,-0.0013709339732503583,-0.10282963307475854,0.15445480335333162,-0.44404388820017215,0.39927307289303615,-0.4658272969093396,0.08025423104933532,-0.060381492910513056,0.016121783682308575,0.000711991944546288
dd928416,0.008323972810508578,0.03654322981413807,0.05406915599576983,0.06594765738284618,0.07496453404934,0.05342473141011125,0.0479421327357757,0.028218350190286054,0.011824400818241246,0.0031439716744455087,-0.010147061630159245,-0.015995479091784684,-0.0549634280419864,0.018770752785772008,-0.10543886060759798,0.06300486976530971,-0.09001475403302663,0.01552534037237285,-0.004858209398834859,0.0008992509668060029
marske7,0.009441891015675092,0.07739556241973038,-0.09342482017984115,0.5176026774796145,-0.6591283143635777,0.9755946486802933,-0.47147299374254803,0.21305084401612706,-0.0577090101445445,0.01462714900830458,-0.013877355293087678,-0.02531420210982176,-0.0015187537636729804,-0.09519729672388874,0.07327475624725442,-0.16662567462472522,0.08665581432561315,-0.11369600467434801,0.00813547378176692,-0.013697733730696292
HS510,0.015798152717779897,0.028268721085533972,0.0962579513265768,0.04748794924993985,0.10205275917588308,0.07485571575495088,0.013347545642909495,0.012290824595259667,-0.001719614997156771,0.00041311582553335324,-0.0074403507793082005,-0.04244736341222335,0.03581044857840144,-0.11049617072782383,0.05950468743910554,-0.08181980459680857,0.017465679020640692,-0.02184445109554297,-0.006457381607027795,-0.0019797974024258996
DAI1335,0.024581280789601003,0.05689503685671398,0.09706304905483001,0.1927387634134327,-0.00038519623584016926,0.4263755613125513,-0.11707925415089349,0.10985759144513835,0.0009494315510130907,0.006179816421525033,-0.024966640061774282,-0.02217038187576102,-0.03660291843226911,-0.0217314417260616,-0.007781188045129774,-0.014963310679601783,0.022434121074574927,0.008570090311522515,0.006395626504722075,0.0014201795016624288
SG6041,0.013379134227091936,0.048072475679922046,0.06457181139037131,0.06019650703476347,0.11757604115148129,0.0220385171069344,0.1229948477174904,0.010702422780562017,0.0287048525794245,0.002761355196941917,-0.0138761262730477,-0.015689635441733737,-0.039414274862823034,-0.0345044704492018,-0.0009584085413755661,-0.08070980186539835,-0.011311315406025596,0.0010388224203348659,-0.004940983433788249,0.0010237674458947834
DAE11,0.012573910262097386,0.08694723224236146,-0.006237778713408142,0.38726034466853476,-0.2548771134062678,0.6128098067823454,-0.16571701151420623,0.11885408029656995,0.0013378083138996188,0.006198309290324438,-0.019081557993999316,-0.019378761269057448,-0.01635349540206736,-0.010616243695335786,-0.006096611705902397,0.02607842855725545,0.013877682118106284,0.01639280295699857,0.0076956223338048675,0.0019125444909910872
SG6043,0.017596792073658853,0.05585565635484054,0.07812731968294677,0.10301252459964827,0.13966270327585648,0.07286329148555744,0.17256132985132613,0.00796375603531854,0.06442902373727105,0.005732910460656137,-0.02445036384221228,0.0073700403688719916,-0.08451641757874767,0.10126320075730579,-0.09632944202782139,0.05685700876272981,0.020204718646475963,0.01857285531195946,0.021810694922394413,0.005354858946800181
clarky,0.00562987786103676,0.0656082063958398,0.04405771367918412,0.19053021627715777,-0.01461578226553181,0.22404418955887292,-0.0027625552220003607,0.08516851506204275,0.01138438754459434,0.00947072522834507,-0.01931628830582583,-0.04650108996363502,0.004307332186563169,-0.11665575183652499,0.08503832011143903,-0.1123281835271578,0.045074010460523485,-0.035951750569914676,0.00608889490368776,-0.004366778639729088
RAE2822,0.013019586317287746,0.036516770656431205,0.02039815863524304,0.11894811483383594,-0.015319176462440584,0.16197024260864695,0.020389119125918925,0.051028227605769916,0.017488897616076075,0.005372171258526268,-0.017296081268578144,-0.005069481819913867,-0.13829169507831643,0.13038538111726664,-0.3031176510235455,0.05173802141316706,-0.061089939025698356,0.006625070240084816,0.005186926568239156,0.0013218506263723148
EH159,0.009972465514332235,0.02668634777493212,0.07334948823395285,0.06162045458443962,0.1038424777345945,0.018987903130972608,0.05061932511715875,0.007697943553117524,0.009773344461044673,0.0006178134248279643,-0.009550234938170908,-0.021450508109552766,-0.042810627825913515,-0.011817369124919933,-0.04499724339279951,-0.030821990790560715,-0.04133227303428235,-0.010833626062818232,-0.009026639397050394,-0.0007094225310507633
AS5048,0.014223282741894255,0.09129191696219578,-0.046829952977093206,0.4579504142559768,-0.49888471926919825,0.836809040189056,-0.4119631793945608,0.23824324351521395,-0.021887462402649518,0.02720486410125429,-0.018351248988996146,-0.03540766796392774,0.03003684420784161,-0.3914287879720573,0.5035743997410465,-0.8140429087315231,0.4205166814603204,-0.18997626653331068,0.01921764219450219,-0.004240569242562981
ag46c,0.011746932791765752,0.032161547377477374,0.06517645199148468,0.03892159442876384,0.08144719037435205,0.039075165626910165,0.0432491310377126,0.023180130353943545,0.010032205188966236,0.0032225406832497713,-0.00837646888051836,-0.019021858672459327,-0.004652088852217491,-0.06985968628800494,0.13097070737587446,-0.196187526862222,0.18227770979605604,-0.0802886375745213,0.03104021311090043,-0.005299209947317941
DAI1336,0.02005487385681849,0.07482397963337135,0.05031383070925764,0.26057689741460743,-0.06958710028495914,0.4063402942271192,-0.05887986793093533,0.08501636614461713,0.006823878647809096,0.005467167018970107,-0.02143492703759554,-0.03706339601533365,-0.004127710194505017,-0.06933333346075908,0.040934179663870536,-0.050860450575503834,0.041205298251558185,0.0017072452982857408,0.007984814200655325,0.0012366155882359427
Dragonfly,0.01695746849946068,0.05093451852363199,0.041927422219499896,0.3095768869996953,-0.128616455449728,0.4269414604671811,-0.20383723286739225,0.24214114815035462,-0.0698392338751783,0.04721884811295049,-0.021910211944782456,-0.0007155333299668919,-0.05946509950573613,-0.002220169126093728,0.32015355541221047,-0.3574665320373094,0.41009271860285085,-0.2458978925063912,0.13127142823290477,-0.05244513009152452
SD7062,0.018760654796014305,0.08598605308549657,0.05818669224918119,0.2218126780159037,0.013012075906226729,0.21762434618377993,0.013167204517098857,0.06421677898648308,0.016008941197845645,0.003939365997671063,-0.023218919180403187,-0.020242471461005482,-0.058899704722434894,-0.016850863498029854,-0.06192478991713203,-0.0033386856375443863,-0.00922948449093418,0.004230463760601762,0.0057548271228634335,0.0019685357811594748
SG6042,0.01592574914857484,0.0527221291463522,0.06928097685461639,0.08601244986788553,0.12356420436380325,0.05245817540472988,0.145079676561929,0.011509007679023598,0.04533289697113566,0.004452916787733482,-0.018015216273757118,-0.007678186555061012,-0.052088474981616624,0.013918907568040623,-0.019616649413521807,-0.04088181471964189,0.023450695733778455,0.002919660635008323,0.010002230630324113,0.003031696151107499
MH45,0.015044111083164316,0.047800908691924035,0.017697260797572608,0.19942575555291145,-0.08007822599298207,0.19293965422712908,-0.010331282283425502,0.014787374601925578,4.098869604477381e-05,0.0002204298622288273,-0.010045600332688887,-0.02819857181085726,-0.017550914738907797,-0.10629308756718481,0.05206980584775266,-0.09817952516369734,0.021879949076489748,-0.021381563859035613,-0.00618472190583538,-0.0021470211763136714
S6062,0.010194506496185656,0.023439064807207678,0.07056329791647577,0.032101757376652246,0.10337021897575782,0.031893034735990276,0.060711101723881875,0.017004163484885922,0.008626499804734292,0.0012452311321959578,-0.01213072085112249,-0.0069921452660080255,-0.06327361268684432,0.02013963667396947,-0.08218193653585623,0.028724030565474897,-0.0520016504898162,0.010429034913412728,-0.0040686029329070695,0.0007562855926367157
Teal,0.0048676676018862145,0.009830720149562114,0.025089008500644584,0.019908953564280532,0.10135878367230323,0.030967798533335672,0.04319861498566081,0.043680103275864426,0.02144188869588035,0.005921824131538237,-0.0014001311118084906,-0.0015074348779973842,-0.007045573569210664,0.023520843417373066,0.02522265852783035,0.006103638540245446,0.04066185490330304,0.0037823275058323814,0.005564202092026267,0.0008289237439708442
HM10011,0.011862873626215999,0.03756925365177862,0.0783956049423997,0.04899962712889179,0.11693214874227514,0.01789026480871006,0.079316952157425,0.010081091292734308,0.014981699110685838,0.0014862897807883984,-0.00887161874916988,-0.031521535706292854,-0.041688646670836514,-0.04576798131407367,-0.0436201592324815,-0.023805183928510977,-0.0292589441954764,-0.0024589107229914943,-0.005175412010568212,0.00024722976059785056
FX02196,0.033961772214434124,0.025147387929055163,0.20703619046052643,-0.1033559318335208,0.4923654994046693,-0.055781667799472405,0.1791753863264743,0.022444240185966333,0.02701769735873704,0.005721138500403191,-0.011003122247835917,-0.024035409671960026,-0.11631559669204702,0.12984938396425627,-0.36828956173484045,0.10287629876420093,-0.050999776103127455,0.0030335749169730355,0.01531643002788792,0.004052651931892226
ag47c,0.011557938131295383,0.031889265560660324,0.04637249787346623,0.03757116124279848,0.06371706987197057,0.03781490926037171,0.034092253276363775,0.020741414940233727,0.008883026646338513,0.0024638884363629163,-0.008096513894636588,-0.01863831067901749,-0.0030580420345401294,-0.05644157308794298,0.1024748252910912,-0.16104679510546016,0.16030459579384207,-0.07150489211806405,0.02740737265258783,-0.004713583592243856
SD7003-85-88,0.012126901213283688,0.03807562998108657,0.07131364481262023,0.05448348894771558,0.08159760131050607,0.03828891993218472,0.04728275026304354,0.01313612684888016,0.015693399437776045,0.0017425515906159194,-0.01213182826235593,-0.027372088958141003,-0.036952083721667354,-0.037770474399306066,-0.015294536689204137,-0.040028064954927806,-0.004333494849982246,-0.004314933662339804,0.003052128804598916,0.0008871557659121533
S6063,0.01079742916829798,0.029733901677391993,0.02299726279888455,0.10824706808802673,0.0058479143569392135,0.07485735709669344,0.04141259093927525,0.014498164605027843,0.00804482474340445,0.0016470288673814028,-0.008519934352825592,-0.019656893308060263,-0.027548673125514643,-0.030666529597188873,-0.014755467917392724,-0.02268030512961452,-0.011506934365876617,-0.0017607223639726814,-0.0003602373201241641,1.228165792284413e-05
AG03,0.010638304186728263,0.040520417033268044,0.04193312212350584,0.09316102570276072,0.006504060006994546,0.11111623705415918,-0.017013045474956672,0.053372861119494845,-0.0034278282716897843,0.007192898844050922,-0.007067497673527296,-0.012461280993944281,-0.03925441732733089,0.02530587249187868,-0.038284667843668,0.0006621286330298907,0.0003454065091254062,-0.012636436215506601,0.0038914877672312784,-0.0031722552693945333
N663218,0.030346918838990045,0.02866337515656242,0.04390019386853866,0.20822041830660012,-0.07174986632320243,0.2737773287742093,0.08432665963688117,0.043784782948005016,0.015809790521275593,0.003925638876565071,-0.008262979094819205,-0.09282972474326324,0.12911249507748282,-0.43810994441687295,0.37944283501294385,-0.4777167043014134,0.06794098031493172,-0.06956380517179513,0.00832001796707008,-0.0010645189708359687
MH78,0.02111005272264264,0.09666883270034189,0.05984436298690123,0.28897396958739446,-0.11380138156165215,0.22846847355809796,-0.06333669196429306,0.04212752957046473,-0.007044779748275276,0.00021673089305448265,-0.02804652602321196,-0.015157534677895575,-0.0727162625761953,-0.03645436482507786,-0.06815383615212857,-0.034649680693072595,-0.04613169961387916,-0.04667464118275423,-0.004992091488738062,-0.0022372468099125446
bw3,0.029350551798816852,0.033001627914643464,-0.0009299453278655645,0.23775168848029052,-0.10561779613021337,0.24900970685313029,-0.0012403795275927783,0.07204009040077788,0.005001850547455181,0.042129920545195404,-0.003671116463291101,-0.06070771742683162,-0.011355858549815877,0.10073522129495545,0.08128460602968411,-0.1322393185716626,0.3079159175744463,-0.21441213575796983,0.1335938731026458,-0.049874033977710897
hn1033a,0.00862255073274874,0.033389771986052204,0.058852373204818106,0.055236832513060094,0.08644156676912412,0.04330837552493892,0.06507924326252396,0.023475002506747965,0.02030096282338416,0.003282898128450312,-0.0079598390848932,-0.026807026010420506,-0.01083578846767977,-0.04793305364719961,0.015329324110279659,-0.04336079383775622,0.010385298871073756,-0.0005194723253019695,0.00400708798144494,0.001407555109065679
FX63-137,0.028233188526187628,0.07366802533951776,0.07244804427302422,0.17685064565264907,0.10361154904163625,0.16625908779886675,0.11579307003134345,0.03717204257433318,0.05223454108880373,0.012684540081076938,-0.009519813893955283,-0.03471677708024701,-0.018882567750406858,-0.00035603486855902166,-0.11606495157277173,0.09429834620660021,-0.01903862783095727,0.062472087067888586,0.03349615498994422,0.01014526628965546
FX78188,0.007514993624001531,0.08554991460860097,-0.05832523134307528,0.41774890868265124,-0.3336654569878511,0.5868618800214556,-0.06369987640340281,0.07500206605287235,0.015535027922807565,0.005286571125566335,-0.010962537313627937,-0.057932003740120426,0.029773101648654748,-0.24153199888687454,0.15681418848657788,-0.2659086933062239,-0.05458663380577046,0.01280520585522671,-0.00859117546766956,-0.0007303888987663189
ishii,0.010666810141816951,0.04786458243716561,0.020691009469863318,0.17923277566573828,-0.2027226234061326,0.35795276054419933,-0.22893739430088617,0.19160660970272037,-0.0626766776454379,0.032048718359084294,-0.0072896476843027185,-0.029815189463518483,-0.006396698844273377,-0.0786823625007501,-0.025305410853345457,0.04406937828615803,0.029459688459715708,-0.05843427338877302,0.04552422524135794,-0.023743447024399116
LA5055,0.04284733227859212,-0.01909647688740627,0.3393891413993323,-0.23726336668354264,0.48446664674920215,0.2374825519800681,-0.19560790761264157,0.15268575994825517,-0.017442328373880663,0.005384628573429704,-0.006016575756145829,-0.18113993300004322,0.2517101832375034,-0.3616555968151503,0.21733696326412374,-0.09036259801947989,-0.024074111288911272,0.02198641896491948,-0.0076107581697064455,0.0003837757910243629
FX05188,0.02438928904996229,0.04692406719740583,0.05508285725236625,0.20854412918016393,-0.009625933060423586,0.3168717985925738,0.029215018337878686,0.0669402781657798,0.021407416342560538,0.012863036750241358,-0.01572213331626463,-0.0633662206328236,0.05874443653139126,-0.31343998290205527,0.2528575624668586,-0.39846151462880963,0.07346804823489984,-0.0003282221496325988,0.009039671298830262,0.008408709279964888
NLF1015,0.01301761683647388,0.048110729930629474,0.06828150877585029,0.17207810201337195,0.03396898579363509,0.22257572058166397,0.14430478582136677,0.02400225857157944,0.0695980545508564,0.007802324411641926,-0.01130716692571802,-0.03473538354430167,0.00794067301877487,-0.17082255395037832,0.20530998153412522,-0.3247797954070154,0.1679500636586102,-0.04772018471947842,0.039280042493188366,0.006333553026946561
E552,0.021024804867405676,0.033151672089243446,0.19128844697353262,-0.10695443432736547,0.5195925326181906,-0.19352630831674844,0.24575847066048392,-0.030339892911585228,0.0452552890305747,0.006136027614334449,-0.014273725106733186,-0.005615319220727423,-0.17140992714367198,0.20152035980040076,-0.49803965749384593,0.23898102215364558,-0.14408529554969374,0.04056915605251061,-0.00018990769568510873,0.003838849672564087
sd7003,0.012126901213283688,0.03807562998108657,0.07131364481262023,0.05448348894771558,0.08159760131050607,0.03828891993218472,0.04728275026304354,0.01313612684888016,0.015693399437776045,0.0017425515906159194,-0.01213182826235593,-0.027372088958141003,-0.036952083721667354,-0.037770474399306066,-0.015294536689204137,-0.040028064954927806,-0.004333494849982246,-0.004314933662339804,0.003052128804598916,0.0008871557659121533
PKMB803,0.0026863110759419917,0.06062492834384311,0.000772101867589528,0.16565630952744703,-0.01749972209451584,0.1430304839648743,0.00020930727981506537,0.06105480082099094,0.010572434040634203,0.008981058820610809,-0.009664460482586509,-0.00622055501886382,-0.03179204351631253,0.01385081721853402,0.01616704540938532,-0.036357890842946994,0.05241644172651536,-0.015869344178658817,0.023431468745126863,-1.079623886132678e-05
HQ359,0.008718712096495404,0.05351199479160582,0.03060075412879041,0.18857303367488906,-0.06381279650045954,0.22954260885730535,0.00333957424968143,0.06695217792524288,0.015831258301349807,0.005088919057503841,-0.004226321437287746,-0.02447322652151537,0.002715660835164809,-0.03420388022481177,0.028483471827178957,-0.0896098175789369,0.0633108297731199,0.006359038103861161,0.009156190187667938,0.00213627804783856
AS6093,0.00607174932833512,0.05974762558016617,-0.0022090380778196496,0.16962564927205365,-0.03607366229031856,0.18157456792309642,-0.024535536987752526,0.06415827375547517,0.010438658230947298,0.004570543082017272,-0.017635865704772765,0.008162491229305843,-0.07944568663854654,-0.06137722129304859,0.26221251501514875,-0.13402480390876118,0.18993740814966503,-0.023763755965258173,0.028878979093986224,0.0018223145386419843
S807,0.01035320075482985,0.10539346023111391,-0.08820474171107133,0.5238605147416943,-0.3812579625812985,0.4660923313667547,-0.15905683857944883,0.13479922923951065,0.019352604456242956,0.005722254441926563,-0.023134302815952947,0.00048098987603035023,-0.21699058318015893,0.23624240668798321,-0.5830747368010442,0.22604008807010428,-0.11287893051523103,0.02029445164854332,0.014447157016261071,0.004584127415394869
FX75193,0.028013618167531916,0.004606218953141373,0.19213446302506523,-0.08018583762850068,0.512283629180811,-0.31833766356423326,0.6133171520303478,-0.20560146456334136,0.0881353279594896,0.00788104807377118,-0.02077835007550383,-0.03712950557919631,0.04271671763901233,-0.397111869461302,0.5832908751388654,-0.8521521099175852,0.4378888604096632,-0.14707950233939582,0.05118221870371643,-0.0015453800815549738
Dragongly,0.015143101328199895,0.06534846243352646,0.07349686498067898,0.3088229786921119,-0.1637081426041836,0.8193244102334144,-0.4152163763870397,0.270827890203996,-0.024012415913418586,0.012306638371979478,-0.015996577389550664,-0.05482100784470517,0.030506148602907058,-0.13602607873511577,0.08068113233934428,-0.14528504016503627,0.05632398881895603,-0.03668341779236175,-0.005966204899497355,-0.0027153207509669963
N643218,0.03760721529616472,-0.00499240846554636,0.20396255040636202,-0.11456081373637951,0.3692100403545635,-0.025130832440638334,0.12846730728868092,0.017512751797511883,0.013888019856879562,0.0029491749205413555,-0.027030826799712585,-0.0015309701859352268,-0.1756681449381155,0.12667276735917113,-0.3437499203228657,0.04763535897286841,-0.09552218185151928,-0.005563635169028259,0.003520025907622783,0.00041506956743222816
HQ3518,0.03322054559604401,0.028302896165169025,0.19011329723269382,0.07093885582384889,0.12298645726541042,0.23824262738938137,0.033049679726513806,0.0868626783704466,0.017948168261136824,0.00630129163100715,-0.00015321351081714065,-0.10334090032578364,0.07162317764699296,-0.26327840270579617,0.20674411008552307,-0.36767349189964094,0.1707943368232389,-0.06005763144742547,0.016976306086217238,-3.538177396662988e-05
E553,0.018748592896190158,0.04462753422259937,0.13279253054803536,0.030163832859148327,0.30404451604399774,-0.02537157740630526,0.191014725288747,-0.0024122578457116974,0.04454000632288164,0.0071105160814799616,-0.014106939800674595,-0.008859584453190149,-0.16507989205589713,0.1883019847784547,-0.509180541038841,0.2789465853212468,-0.16822897802199713,0.05506931704915389,-0.000703391862002718,0.0045679327038683866
E551,0.018153748477273513,0.040414456666989826,0.14839588229137182,-0.009771136531185885,0.3387656414620848,-0.026619634501655255,0.18110071089051266,0.004060619619021283,0.039829281499730765,0.00662628076866172,-0.015049865130672455,-0.0013748514047623643,-0.18399378996637625,0.22403256811588496,-0.5266208399722908,0.2625443477534816,-0.1598811430863653,0.04615522471905411,-0.003210300343888355,0.0038834212927030833
MH114,0.018951745207321964,0.06619601076116746,0.09438244552869031,0.16094179183963725,0.13783905011013425,0.13572629542752895,0.15574374222457021,0.0350511214389062,0.05569825477003591,0.007647858763260925,-0.019357129689802105,-0.0028513698667790976,-0.06720181407339988,0.03703937482950067,-0.049397869475006205,0.037234584415425244,0.02499674369060753,0.022684266508450335,0.025979818637781975,0.0060975811474353004
FX60-126,0.027833236335640624,0.027963463249328625,0.1418052707776899,0.00492124531997328,0.2359527437130013,-0.013222986212787304,0.1485856547926881,0.016396788047185508,0.025227558259786242,0.005280107291310997,-0.008187371889534228,-0.026788336606163365,-0.056710290528140285,-0.009715902627175695,-0.12758830253532386,0.04908116612359474,-0.00025282941190753454,0.026478505512420283,0.011237932064166166,0.0046837151626315235
S3021,0.013574729166194297,0.029098590080399916,0.10337082704019869,0.04734449767174391,0.1127055920795373,0.10847072955015773,0.015939246700435887,0.04876711274745696,0.013455368154523188,0.002581609968400197,-0.011007490891291527,-0.018499712568806215,-0.028510693926790155,-0.03340149146961224,0.0033635975792960003,-0.03583369491776643,0.009403418659495063,-0.011652493372645387,-0.003067125372064062,0.0009348194083987911
ag41d,0.010879167919422306,0.03408991736126958,0.0663200513389039,0.05753910896474391,0.0948883852938856,0.03601898028217868,0.06589343842289508,0.023280779726128218,0.011579063734327134,0.005035610901818646,-0.010728302707506703,-0.018221312970697727,-0.026019068599202576,-0.05421107942353296,0.0689522988513211,-0.12776457433725463,0.10024716938128157,-0.04021633201877665,0.014095686807551593,-0.002946756980741985
owl,0.011681114139408836,0.020101888895356548,0.05737362890652166,0.0066009055257126295,0.12552032603605867,0.10059896081311848,0.03526272991212541,0.0752930582935661,0.03001008046412584,0.009131178980997677,-0.007747556652975313,-0.022838535155358934,-0.006959078440250574,-0.033848436585485565,0.12530413936644455,0.10092417460995144,0.0391712386959473,0.054941987336976916,0.02129246627788721,0.006335839827867687
FX63137,0.028233188526187628,0.07366802533951776,0.07244804427302422,0.17685064565264907,0.10361154904163625,0.16625908779886675,0.11579307003134345,0.03717204257433318,0.05223454108880373,0.012684540081076938,-0.009519813893955283,-0.03471677708024701,-0.018882567750406858,-0.00035603486855902166,-0.11606495157277173,0.09429834620660021,-0.01903862783095727,0.062472087067888586,0.03349615498994422,0.01014526628965546
HQ159,0.009372769542248175,0.043369447570024394,0.02530873735039613,0.12521303953464683,-0.009784434019081854,0.1382160175273479,0.01909046961923172,0.03338818139120641,0.009585131628142283,0.0032790424461685646,-0.006026874224365074,-0.03344672755440888,0.0002724957621341479,-0.09564523668435462,0.059422782434859635,-0.146700789320006,0.05467871189437064,-0.01857220619069781,0.002674263765831081,-0.0002432539707057602
mh32,0.008881962023406418,0.03980174284135488,0.06358344876209872,0.06677236563461711,0.1051370586951967,0.03551776736158244,0.0852685354616023,0.024546191061468534,0.01371036465857523,0.0023046647179548415,-0.006585185980277374,-0.019896283551349647,-0.03252705839011632,-0.021605299665336235,-0.02685842958975596,-0.010657953315455155,-0.011268696318362147,0.00134961272466435,0.00012904858923214855,0.0004190251170718011
E554,0.021658057873562325,0.03699363186860477,0.17437902542420491,-0.0629502627012883,0.4822103415631804,-0.20425181557472635,0.2674209137532815,-0.04178882006749778,0.05117295350639579,0.006526521763084214,-0.013915434273570728,-0.011434577010597694,-0.15767453777854,0.17670186024312157,-0.49569311804082333,0.2701611453011857,-0.16179233260064455,0.05352572391856959,0.001390188668403106,0.0046631419229225465
aquilasm,0.01962588575083998,0.02450803495748763,0.12202492377396913,0.06410622468071635,0.14110202822741005,0.07417313930743252,0.06592827996148885,0.03254782861266447,0.01625127857593601,0.004224454343910275,-0.009727184335875603,-0.0358870128153949,0.05196048236393739,-0.08902009912202784,0.07179716422860602,-0.05992055700436633,0.02547546852792069,-0.012586757597310394,0.0015518338512346616,-0.0004942027553173511
ag40d,0.010761975114017842,0.03407910787622764,0.06435958661993979,0.06424366297599969,0.09057412786646038,0.04192403936802359,0.0726083893858497,0.022323647526827965,0.01293431383453976,0.005102979927045035,-0.010478169971550372,-0.019759185215010355,-0.02976046066128509,-0.04583583401040341,0.05257840835830417,-0.11722876400021884,0.09213133122014343,-0.03919958218426241,0.013528165717183698,-0.003037517966385739
e193,0.017209799281560433,0.009671006272899225,0.1576055686065959,-0.06645343086578767,0.28215963597651605,0.01099940729826245,0.07610809562411128,0.03553114403530884,0.021540610802518973,0.002987445821567918,-0.012368710110002177,-0.016915590256170572,-0.04079307791251075,-0.009913533895996645,-0.028761542572843555,0.0010830273183813155,-0.008848257269095524,0.004357055191035228,-0.003395260597594123,0.0017697373651261086
HS602,0.01747195840090777,0.024612023303521358,0.08408723257342039,0.07247311589510035,0.09936667462895796,0.09085925244571376,0.05203379265408956,0.04523198888370824,0.01746292995868208,0.004904065646550268,-0.015216631235900481,-0.009432003625037306,-0.08330110269432671,0.07656527574412049,-0.1969964068330795,0.10527474637255058,-0.03286094219478853,0.028059680559442742,0.008200472719504004,0.0024887477116488175
N6334221,0.03697839497590447,0.01875031207778441,0.18609513801138464,-0.03054819567530971,0.32567025450313536,0.0277890274390312,0.116855869200404,0.01872259304934977,0.013648009698590053,0.0028117164887930535,-0.011328118692727847,-0.07458596426883331,-0.04676290603145128,-0.12178371219304074,-0.13035849042737827,-0.1306656150385348,-0.018533804962661715,-0.029396568428313133,0.008484954481193106,8.43324746585495e-05
Seagull,0.009929781052385388,0.03718832909076939,0.06632752578588462,0.15316271776909843,0.10697862478972654,0.09857066550360485,0.09553080305404162,0.0723553247943004,0.032999902861766725,0.009454900566795215,-0.010605417926468701,-0.012459611603103198,0.0021232374960565366,0.03577569397258183,0.07497721361379091,0.07392299354443606,0.05459804710172701,0.04618553332207153,0.020014498826353047,0.005755815013235769
SA7035,0.010090754351767085,0.04217702905181512,0.06922863583676107,0.07913573751024834,0.0949726324922216,0.06234900249109036,0.060621529369408934,0.039903934895794586,0.011376076912379594,0.002425324843872948,-0.0110819378115255,-0.010637771347225934,-0.04983972462133116,-0.005738026341621768,-0.029509462171254615,-0.028749881296497137,0.009986410915927352,-0.008079305341827015,0.0032863276362566545,0.0015143706695697626
S1223,0.01942366330611228,0.10568405192755312,0.0650181166200934,0.16127051605472834,0.3789038321808722,-0.2614376522235095,0.4582265027469901,-0.11277188459661394,0.12827365931859358,0.018647417919497998,-0.035943881261757474,-0.003816404143383166,0.008918603993491266,-0.13835218649849812,0.2628189618106484,-0.13795505555865098,0.22145183818010897,-0.004259003880196081,0.07812711629006296,0.014679128134046803
lnv109a,0.0331761484805707,0.035956037460415244,0.21235085632330866,-0.16618673352106603,0.78055805621074,-0.5082685401223583,0.34240206930281186,-0.08062862507547162,0.023897267976630367,0.0007189554100650288,-0.017207839515659806,-0.14227812597188974,0.16730246707343782,-0.23974277707393163,0.19723387768946585,-0.07425442453645553,0.040469730709106935,-0.006112300717555502,0.0038398382217884643,-0.0008049702914844362
N643418,0.047305781863649046,-0.028392550154749258,0.26812680717615917,-0.19035372942291984,0.47326517054047557,-0.08360774103331507,0.18109133555294607,0.011067599180194078,0.025346263017519174,0.004342086195027638,-0.003788801877167396,-0.07435474076081035,-0.007060726918202652,-0.09945121366621278,-0.08440975376753326,-0.13060658753094415,0.028540907917449055,-0.044894357402967856,0.02551085855670373,9.5767532237857e-05
DU86-084,0.008004381070683958,0.033264222880013856,0.06531089214483737,-0.014296302392179905,0.23214411427897527,-0.21337644795865662,0.33421128006015,-0.1233577824924389,0.033866994875489595,0.0012458584593750268,-0.008693307624947934,-0.013699782572333844,-0.06056859250023599,0.023391688421241577,-0.1243242589151295,0.050569262457112386,-0.04914215742935174,-0.06113712025863054,0.02153370158757689,-0.002500740172065917
N643618,0.05859171973802591,-0.05784717445543904,0.34408131796429614,-0.2797755259429223,0.5891121750605056,-0.15200534292502196,0.24101538409520795,0.0011406074025860564,0.03764340045353303,0.0056948316331875744,-0.10832170600988608,0.27788004473669914,-0.6803665701723712,0.8287365358409364,-0.960532459165839,0.5002042581110857,-0.26540807663876276,0.07031130287644215,0.008761260904524752,0.004885594806134232
HD48B,0.01430043121548166,0.02910942971816036,0.08729626241463155,0.044006748578989216,0.1185600011916906,0.03391181342103118,0.0853610776719819,0.011162915537821757,0.025338692435021692,0.0020161220938849827,-0.011717864342316694,-0.022626731943697652,-0.038842479566415254,-0.02295869211033762,-0.031584428354331,-0.006985049338062796,-0.010534074238367202,-0.008040246484260227,-0.0061147231455334775,0.0008219125263320111
PSU94097,0.011524515044283562,0.05407488077843109,0.03097111323288083,0.22725037443466903,-0.1490979138210948,0.41408679271049487,-0.15999152861784505,0.1753225488809016,-0.033056244406570456,0.024360510503096514,-0.008949053245381677,-0.012105169791578694,-0.037621180307054934,0.0026844372372939844,-0.016593271062184434,-0.008734254227160886,0.008809281024663908,0.011800482222348828,0.008512884612523404,0.003057194561893937
AS6096,0.008880107758551482,0.07754461916964261,0.007596381308884985,0.21609255300583077,-0.020755699143511615,0.20187400103918784,0.019059962399214786,0.07000514666561708,0.02297931393681763,0.005513443887287282,-0.023416168134312496,0.016405228616284358,-0.08693068330562477,0.0946012531496058,0.07504676219262418,0.08936151245477411,0.11635160713603353,0.026369825850104677,0.030353060730584063,0.003937220418508418
e423,0.03995075988966131,0.03488675462762703,0.2100778411300613,0.042130888794450226,0.29303344712072854,0.18875968122665016,0.09162838463695375,0.08274937846411679,0.07270105580612844,0.008741158282860642,-0.018083226936315276,-0.022660139808191163,-0.013885367964823573,-0.07150221204072117,0.259166870162514,-0.13661413169934353,0.1814664785554764,-0.005502238585952812,0.032253491837545945,0.00641420111307866
e387,0.017140597606714804,0.004787796310646594,0.16630527423800662,-0.0921227308027197,0.31030283469058756,-0.024873135573554174,0.0909273705410651,0.02530714749968778,0.017180375889018787,0.002879709555590788,-0.013244667776164652,-0.005990430711303384,-0.05145249416228429,0.029474180771152124,-0.05194065922352819,0.0357892546178865,-0.01622498480421997,0.014819544621898523,0.0016052264105416646,0.001999350102376235
N653218,0.03561276153036066,0.0005764509366889673,0.14233633568641157,0.036287207371026,0.11327964859090968,0.22550646126372412,0.00045416907441862337,0.07562464004815753,0.0028250150544790634,0.004640647549115123,-0.010303025608091789,-0.07482790615816039,0.05822606076328069,-0.32586650848056065,0.28958252872274864,-0.5362826812553145,0.2358457510382635,-0.14691285558658781,0.0359561285878953,-0.0038188960266643877
SA7036,0.007925133226224798,0.051763044486290724,0.052622493122357596,0.10877029686000358,0.06720744035030114,0.08936740940152656,0.04863051379905247,0.04826657936819621,0.01042607834185505,0.0028223340064970842,-0.012441733782154137,-0.010319123201268713,-0.04698216732365712,-0.007064567039286781,-0.02458186027492716,-0.024413298817800428,0.010794317708316358,-0.005759573745717701,0.004199042596339249,0.0016422414596233314
naca0006,0.00938997035588532,0.020497339126112596,0.029074598540639866,0.03710104317370791,0.035763913369533606,0.028103962465382458,0.02264565642087084,0.014340824071250662,0.006884563022188779,0.001778457417424084,-0.009381258131946171,-0.02053268724882133,-0.0289882563629526,-0.03724474933470791,-0.03559662294476902,-0.028237930056563026,-0.0225760457347003,-0.014361502860271241,-0.006881909498852391,-0.0017785776332100616
DOA5,0.031591952806911655,0.02930098383998115,0.1553031705492296,-0.0018670026112859806,0.2076794266775066,0.04370173015041586,0.15028524859289435,0.047113123541146926,0.03935656003274141,0.011774705535002213,-0.0011655949359901374,-0.10882741781794823,0.11508750486952435,-0.30700784779709345,0.24431239554753256,-0.3848574428055432,0.06526216302930646,0.01864188174607499,0.003916133246972305,0.0009257713307176193
MH30,0.008283915793068693,0.034560970047514405,0.05609710385934997,0.055457490993275745,0.085501115448108,0.03034423418218613,0.07303442404954448,0.020634647221416037,0.011426351996666202,0.001825905090988788,-0.006121665274984452,-0.01967596345733018,-0.036478257764571816,-0.018776688313067197,-0.03423943941055745,-0.010638769496475325,-0.01625687504653724,-0.00046514479818142494,-0.0017564185352050361,-0.00018490083965402225
GrummanK3,0.036644646172274566,0.02420050059779201,0.10928631347822904,0.07801086853463592,0.030830080262366027,0.22651098355134913,-0.027281016046472165,0.1675344009417812,-0.002370607653222372,0.022575700433144264,-0.03832419895580468,-0.0917962041863226,-0.01637841561326118,-0.31347382835533416,0.3359640075413167,-0.7336262897563227,0.5447854658027734,-0.31287202887616694,0.12357581598170164,-0.022722594884269136
E1098,0.009945849807938213,0.07383652052081437,0.03240443306776352,0.2994518880206615,-0.1766616658126332,0.5582278691826207,-0.13023323888207317,0.11404606664989904,0.025948468913606682,0.006280296303466501,-0.017513452473498763,-0.0036224535834764185,-0.12318183960837036,0.05436755430303171,-0.1771258899171737,-0.1208933629494355,0.08089658290879094,-0.044638518937841785,0.02356014657733664,0.0019976102005925672
ds19,0.013747494997545894,0.030443905671660682,0.06784049799484157,0.06340754890046785,0.09327093595831372,0.031832657286629484,0.0814003611411592,0.0065927364963307665,0.023260061143464985,0.0018592538750403242,-0.012937533762951339,-0.02895038696524552,-0.003017694518365467,-0.0814785230851906,0.03977236957714777,-0.0753945853920011,0.022897030879615372,-0.009130327482390968,0.007676909826995726,9.79620420115746e-05
HS3412B,0.020686882991161126,0.038349523756024295,0.1422354988208862,0.03417592804950793,0.22859785608711244,0.0014497328132977998,0.07522922966248173,0.026052752274215205,0.013423704546412217,0.003013124153576853,-0.0027854120604828073,-0.052477174139374715,0.02633610373068361,-0.11412160174880502,0.09552230143007895,-0.1275624861002397,-0.004169463717056503,-0.03901253361888255,-0.013545127757085275,-0.004065340946479785
S833,0.010760051612972775,0.05789891417374919,0.03142780894832058,0.2031408118255784,-0.05892113228916265,0.2983451816461698,-0.025743042736205854,0.1285008543462643,0.03654249001007795,0.004751584917657881,-0.01632059751364303,-0.0702891526079123,-0.05219575041756606,-0.20221279705710601,0.030838747817529905,-0.19230311006906223,-0.03059309905832725,0.024773140907120357,0.00851549231330362,0.004748488981793637
N654221,0.04016532388012582,0.0022479975631765803,0.15539810193467013,0.06803829590256408,0.08371584400920486,0.3128275648949835,-0.03915999524343347,0.09946936387664827,-0.0016571181759010114,0.005368729909438736,-0.010879358773664534,-0.08415325277228798,0.055364614585821294,-0.35828180874608107,0.3044816362192226,-0.6043756983336239,0.26352392169547445,-0.1663149730760915,0.03965436383277984,-0.004470576388242416
RONCZ1082,0.01890807897480052,0.0421070451040663,0.1340562009498965,0.062412351755466645,0.16561248414413665,0.25381593966252874,-0.011006693184336103,0.0800343234431359,0.025270623322614563,0.008112628108254272,-0.02246901423781578,-0.007337316942810268,-0.11518820478145445,0.06407725683924294,-0.2475726456721068,0.17232044246663777,-0.292974042134963,0.10005655044834028,-0.029426306484192904,0.005365254583400817
E604,0.017571864352755234,0.06619207698700205,0.06486233329640573,0.21924507429878298,-0.011999298819504203,0.34894163921562266,0.006298013217515279,0.08005953482335122,0.03706965038802298,0.006496090057768929,-0.010748668523446652,-0.038852982128103626,-0.009355487386312854,-0.20130590176935428,0.2218536756524146,-0.44683975865319503,0.17973418119539988,-0.06692619416572554,0.029646136352668603,0.0027426316742976526
S1210,0.018049838171730236,0.05582356293438583,0.1975225927543979,-0.1385831365092401,0.602356729690836,-0.3283324058023031,0.3922197406583842,-0.0684051178741341,0.08811248682680586,0.015370428396771163,-0.018478928068653047,-0.0242937384501336,0.04327730432089702,-0.2359856642157259,0.29320781808587704,-0.18024229956039953,0.20997936424305688,-0.014732014382636204,0.0703033467892197,0.012163518985590975
HS208,0.006395252317993386,0.051659463097886736,0.014886478205757779,0.13012420918786946,0.0724718424930248,0.007727875869289446,0.06020495308318612,0.008375677952404657,0.0025849927750927365,0.0005805814650769743,-0.00974815396710086,-0.014014203587158157,-0.008776592793902359,-0.030571729992112814,-0.03297742229985399,0.0072222040534336935,-0.0520149891137733,-0.00028975980373732263,-0.015288020518960941,-0.002217160832164898
sd7037,0.016947626368455957,0.022750665009068156,0.12748498142380638,-0.005592101214067515,0.19982851169635957,-0.010940002621055243,0.10568000374749038,0.033923624681339325,0.01489352656525841,0.002943980407432261,-0.013523572554392441,-0.014739207708094965,-0.038667214237465934,-0.013407999963484109,-0.019574901831908662,-0.010331356377882909,-0.003623737633562323,0.005965217088600764,0.004054982568947714,0.0016929893779224232
cr001sm,0.011936661973385648,0.03156142941675311,0.0838873274598154,0.05791478860131194,0.10518100498583303,0.08762242921868678,0.04975800056619115,0.061098771990864026,0.01578772582889216,0.009405628973170928,-0.013406802900880277,-0.013718509270515041,-0.0006569890387446184,-0.03930384713389593,0.04274259641799252,-0.009172186589743043,0.029180733033389236,0.017560945864905482,0.006517155470988913,0.0013596829935901607
e214,0.011182844523445971,0.04528092513378621,0.08393317529886264,0.06963244793378247,0.1658446953205812,0.061693783285406985,0.10884675172626,0.04039035886947114,0.04236105033880645,0.007020457807276925,-0.012022884684807859,-0.017943062033366458,-0.046357997115086695,0.0022040448067775094,-0.035216065243374624,-0.04675834197514725,0.05652871725021246,-0.0069035705182264,0.021883033631660973,0.003895476378091161
DP-1.89-7.83,0.011551137305586023,0.039890958647418304,0.06340622845389307,0.0764236685862018,0.053152210449593854,0.07222878692807252,0.017587047093616075,0.03179568563085852,0.008335732129220199,0.0030137405256275254,-0.006566288604996482,-0.02939211560501119,-0.003928943054833776,-0.07906994594285849,0.05590581685826982,-0.08198387890018734,0.030249309262631637,-0.00689106250158275,0.008124786002328365,0.0017474828484091635
DAE51,0.01454251207405208,0.03521984031669176,0.07601285697678899,0.09323999052447127,0.09813214984875171,0.10974348996482544,0.07084739064020573,0.04987087444414841,0.00939888977814039,0.009612200977662634,-0.015465393819104794,-0.021729217902728984,-0.003422580381108641,-0.0591966777291736,0.05485348847558137,-0.06453906207522189,0.059184371031193526,-0.019463582430988044,0.018215483698426585,-0.004409784691031194
MS10317,0.030537745305661397,0.05836625185902251,0.13910806414499308,0.06085999995220436,0.07124522174416048,0.2351443953778851,-0.0019589991133168298,0.08993181918518185,0.0069557309468316125,0.012682477671880936,-0.013739726084533723,-0.09325547610160748,0.10495271648547443,-0.4598207081073504,0.5399680203833306,-0.7632274695571074,0.4054529357974524,-0.23594572387969046,0.10118154923932447,-0.030631614493429497
AG45,0.010294431506174038,0.03795948901414243,0.04848870625191075,0.09111237879958839,-0.011250174910540374,0.1533369082555627,-0.0775044195047722,0.07210673311312146,-0.0075498463626446554,0.006040067998922087,-0.010497976530577787,-0.012080290832455027,-0.032710989756319225,-0.010165497473357788,-0.006414694419006634,-0.018203677043994806,0.0034518785532639596,-0.008192572116494446,0.0050989329199439305,-0.0020953733831438693
AS6099,0.013937827936791967,0.07275707599404607,0.03151088175908292,0.20141414480179456,0.013301144291146497,0.21177795581302222,0.03278737152298428,0.08661397840786908,0.03765434057052392,0.0071072975461757525,-0.03046500726184788,0.04307731719853797,-0.14372930465223707,0.22583700031104295,-0.09065859716303246,0.30141233375110027,-0.00903840099875093,0.1060343998705768,0.02709184196688564,0.00753357668948915
SA7038,0.007488774152480343,0.05501148863403515,0.056771072190323624,0.10626119129854959,0.08346529807165622,0.08206173676907584,0.06248542452335636,0.04855746551059667,0.012851005671275537,0.0030905127798451664,-0.014504436632173118,-0.008902439913348617,-0.04534556377102104,-0.001675087599365891,-0.025776219139171545,-0.005820700063786015,0.005474419067123,0.002230351620923311,0.004923219823489435,0.002106685039136432
ag43d,0.011090394788249459,0.03630451509790989,0.06343413474978833,0.05648509183473416,0.051677410629275874,0.08036034481881157,-0.0035899263742672025,0.04660635335000652,0.0009798595577862903,0.005567917223018998,-0.00942950641903181,-0.019877254256276948,-0.0050567842760696315,-0.07893693117594265,0.1072649405758537,-0.14383147898340942,0.1189304057331678,-0.04151749627963436,0.01679735484688676,-0.002517259718499274
RONCZ1080,0.019413528872611226,0.056649692003573386,0.08044704555579223,0.20477469467785295,-0.08155904926815463,0.5030582119751821,-0.14941898138243973,0.12232733628619025,0.012735344193645158,0.007408928683396416,-0.021879002167862403,-0.007538026662920031,-0.10534921435777772,0.03696771067406166,-0.2009365793993965,0.12013869036492857,-0.2645042277892212,0.09106533622934739,-0.03090423800429605,0.004820419929985014
CJ3209,0.004781169594458975,0.033456277514648664,0.005096473410182253,0.27925787336345265,-0.20819334585708169,0.34091823209034694,-0.12166284325816296,0.029807473935912824,0.009677490256668708,0.0015567204492718235,-0.009697639570285603,-0.03580144117627801,0.041497228884385895,-0.23274467774323665,0.2748770747192605,-0.32825007276100215,0.211852590447838,-0.14128734775289717,0.01552724373773199,-0.006453237343084644
SD6060,0.009920444513062844,0.03388125849058456,0.0750644243599687,0.06402119690074032,0.08633864775820584,0.10055236394484532,0.03722956457109671,0.03687536304091619,0.006525767026359067,0.0017202575188806398,-0.01141255717165017,-0.016145701199144984,-0.05202707644005459,-0.016673922797425203,-0.04900453194265708,-0.03602940326730764,-0.02906686829610988,-0.013919062806383577,-0.0026115017872014755,4.891095929085786e-06
HQ3512,0.015524787864537062,0.06280009764915116,0.031809025737651715,0.2174527302509398,-0.04094063022666231,0.22910375301693875,0.03571381283859587,0.05657446104978877,0.02167540917475292,0.004091824737004204,-0.01538336860848031,-0.011209762969511882,-0.043399984265451434,-0.03352716885971372,0.017784082152311777,-0.13332851100916546,0.08098091889591512,-0.016598962512239836,0.01434272558815062,0.0019428372738037037
sd7034,0.015853246775115716,0.05211444252829794,0.07234572342829439,0.13527715750724809,0.06910467792746301,0.13381616908939367,0.053227946871942135,0.03926531901690943,0.010690237305235226,0.0025796489537932422,-0.015814085469643357,-0.019041333280677912,-0.049948648223639966,0.022134151119338225,-0.06367358192531805,0.032188480353335845,-0.01341516148421488,0.010716813708706153,0.003463898103839762,0.0016378592339922511
MID455,0.01685113786979501,0.07106530134880155,0.06576879561609099,0.2438323614838331,-0.10569659663171646,0.2531089709690546,-0.056197752006738357,0.0459577217949747,-0.007591058363093455,0.0007413693846852759,-0.018578089231297383,-0.0478853071357945,-0.01794931816909112,-0.10476095694102304,-0.08083178794966764,-0.0034548864615988138,-0.09528078105676914,0.006081461496297981,-0.017508219887438645,-0.001889221976116989
E203,0.011790073930548086,0.03679348862482829,0.10451611523278505,0.03169826286584509,0.18403588364620227,0.10400755874188936,0.03330398089546152,0.05976921331978487,0.0235992961961284,0.004011836339627374,-0.012548761812860743,-0.023530200413420663,-0.08598591265856319,0.03992027732583234,-0.2125189479172528,0.09351211034461004,-0.06975183213110445,0.014440775308805805,-0.0013273909166639465,0.0020533169874015393
Merganser,0.0055432848954857245,0.01947565417387193,0.06445657050719379,0.08085454020285107,0.1330445468492278,-0.006238987985092234,0.20466343154043298,0.0388980973272619,0.062079250235114354,0.009616570280856739,-0.005530596221483081,-0.001588059329565335,0.01655117284549529,0.05253017119896641,0.08557974272761788,0.045602002068829806,0.07929434626976466,0.10430936964856448,0.04411532526415585,0.012399776257426057
S8025,0.014260944872899223,0.03786097131627704,0.03195350190383392,0.11664936098386339,-0.031943290159997875,0.09318286283060141,-0.009346590876681021,0.016359638584096566,0.004589913240494683,0.001502504811563807,-0.01062088820969096,-0.029608970243730975,-0.021100938250976933,-0.09849435988117541,0.03777992035015769,-0.09450832691541482,0.012934360233450433,-0.015805890174915526,-0.0036333147496239544,-0.0013089105979524956
TL56,0.011734571179746495,0.04035995248302857,0.05606689186148067,0.08332150392775062,0.0561607007494933,0.07060874033348269,0.023437794920405326,0.02389905430877909,0.00279200245983385,9.526817408888402e-06,-0.009790504110373289,-0.03400597182961883,-0.04484902758436178,-0.01940150941746483,-0.056919308320038955,0.0026963409167535,-0.04100257239725935,-0.0006253740101079997,-0.013490968673767409,-0.004038200833952174
Sipkill,0.015967536262567944,0.043091237627203245,0.03955158323669189,0.13404878887119664,0.008943153186859459,0.13531932709928174,0.01233283105019572,0.028998140987251564,0.009370370342945055,0.0027533637910744746,-0.010481345942859483,-0.023243598704052886,-0.037436778906077585,-0.028313372843519997,-0.042494362256262935,-0.026186626637819357,-0.04261923834443902,-0.019421920938632056,-0.010225095244215974,-0.0025004556946170977
DAI1238,0.0195947958826241,0.050262614764101474,0.10468369763249553,0.1044217187265341,0.17900633158620494,0.03592328627355512,0.23191154731865402,-0.027697113124613888,0.03661083031021524,0.0026821242578378953,-0.021652462475534564,-0.026176319388169632,-0.018395672053097934,-0.04227104454362932,0.01026774593767337,-0.009712245707161659,0.008648741792416672,0.02888155016883721,0.006805753549751959,0.0026401391201219507
RONCZ1046,0.020833063730233782,0.05788308815383654,0.14000051259741586,0.11429696145206442,0.16023953705525595,0.41136699912947666,-0.1214454101760803,0.16094824301790592,0.010672297318060096,0.005969785178402386,-0.022412139469084026,-0.0071527381597223895,-0.06962303633653681,0.008789700087565626,-0.04546049455823091,-0.04770666740634724,0.03305119032072238,-0.027883957615811607,0.0024925602338271057,0.001589395840383732
hs179,0.010076648371768186,0.046020879086366685,0.027376255120317456,0.1290381528543191,0.0035236149014348937,0.11892993240993882,0.03082807722751431,0.03552533968775751,0.01631820149663844,0.004164541773319706,-0.006048755843098132,-0.03753017145664224,0.00445698184207302,-0.10286935625084145,0.058583478030411223,-0.09705434657524106,-0.009689084767781785,0.016959949997356574,-0.0057257834626276045,-0.00022243530995833487
S809,0.01398621251184788,0.049247431433769674,0.04083309494224996,0.22710584135454384,-0.18713846397050113,0.6236351991964798,-0.3529899311744985,0.22370662524131546,-0.0194713153954578,0.006757295624202296,-0.015343645459553776,0.013119544867552894,-0.2235343575514383,0.2705332086382615,-0.6311850322218225,0.10888797188517023,-0.06512054630911476,-0.018117296348409185,0.008174375980963341,0.0015486284255894196
ag42d,0.01101062775221153,0.034110642549158784,0.06915014744442845,0.047968883591591294,0.10036911835381548,0.028389552251219963,0.05469846587688848,0.025409787579028755,0.009309743349058331,0.004966259772348219,-0.010242892077079496,-0.019703942415796517,-0.011600654027594937,-0.0808241551809255,0.10991131368716421,-0.1579667769525628,0.12188244964438688,-0.04620219550058198,0.01628257542321124,-0.0030313577557114914
RZ,0.009441891015675092,0.07739556241973038,-0.09342482017984115,0.5176026774796145,-0.6591283143635777,0.9755946486802933,-0.47147299374254803,0.21305084401612706,-0.0577090101445445,0.01462714900830458,-0.013877355293087678,-0.02531420210982176,-0.0015187537636729804,-0.09519729672388874,0.07327475624725442,-0.16662567462472522,0.08665581432561315,-0.11369600467434801,0.00813547378176692,-0.013697733730696292
S7075,0.00937944045287207,0.06082570747237976,0.029249254406239735,0.11216769201061956,0.09620470198188236,0.03430252817918523,0.11135693300641963,0.03416609561252546,0.018423321052002083,0.004310618412957024,-0.01677342578773067,-0.002622910683113697,-0.07623164875727663,0.07173744748259187,-0.16432746035563234,0.16774256517891628,-0.15356191362889082,0.08093490124462732,-0.010462996564813917,0.003291528582184809
HQW2511,0.017184595764213252,0.03630042444464685,0.07121618152032719,0.1098106826826281,0.047199033642672986,0.1396627086076002,0.04604313204784587,0.04869426657520897,0.02157105351449634,0.00558714060846699,-0.014226233461589237,-0.01863393972060436,-0.03546374461365403,-0.0583888432848699,0.025677353138170253,-0.1199935084686579,0.040268733690731605,-0.014912038822142638,0.008140359995846861,0.002082099277376683
naca0018,0.026765408384549137,0.0683091231665808,0.06697209873629131,0.15403346357529565,0.04034474271538533,0.16351717614425432,-0.0029887104368469947,0.09088279482066434,-0.0014280603017081577,0.015149441617830642,-0.02677117976426103,-0.06821751100996896,-0.06742364459934327,-0.15292368674874648,-0.042030668861880914,-0.16178243642474655,0.0017708569923476727,-0.09036518972511243,0.0013023673736217373,-0.015134909397043138
DAE41,0.02155333352275314,0.04627333577104845,0.07122164075334857,0.12498785728258428,0.06727432508984427,0.1351612612174358,0.06130429098640309,0.030435645812269093,0.011686940362910294,0.0030464505407604005,-0.018417900750269136,-0.02479048626477754,-0.03822944267978345,-0.037005737414823624,-0.03359280219706233,-0.02347146795876381,-0.011096639370794917,-0.0050096947457584995,0.0007956544761931985,0.0006247954105538757
N654421,0.054419856914767334,-0.042120611072610434,0.2805913012946389,-0.12363783583895305,0.33929576335310774,0.1186121224182446,0.09510558509271187,0.06119942867644449,0.017534711484924435,0.005879675962403475,-0.009310580751780293,-0.06594439506823993,0.011290838622004919,-0.24633481145346683,0.18205547757676316,-0.47187359646153826,0.2050056421322731,-0.12846112757015393,0.03981638853875995,-0.001814918224188862
TL55,0.012297356750416825,0.04673041681574439,0.05288118889868085,0.10737678094882674,0.052859476116220466,0.08333838117746854,0.029273432482538227,0.02645767474939847,0.004816971621611267,0.0004250531159138329,-0.010294010918531174,-0.031238483850052744,-0.04615489664356278,-0.012489858312584614,-0.05745865812683318,0.007868873341823165,-0.03835199961152827,0.0013089261563564263,-0.011787212218625545,-0.0035081985550857848
S823,0.01471771366932556,0.04052668170964294,0.1308511120012228,0.003792303095256709,0.3021611649759908,-0.03596643841066395,0.1966337791693787,-0.011815191594901563,0.05812755141370864,0.004002877099535166,-0.02884551194486831,0.0600177534489963,-0.5785398332606212,0.4105415343744787,-0.6027187002507091,0.24309095816940993,-0.1432542530026914,0.041105774856437974,0.011083127554854565,0.0049967661369611635
S822,0.011427038731220477,0.05591197671840389,0.04127589998668906,0.15644718627309087,0.035986312563035236,0.14737655278988537,0.14555395267063598,0.004073883488763443,0.04230183178697642,0.0015959204436027297,-0.010362729415451424,-0.045112376531255764,-0.05758483604486768,-0.08957506872706669,-0.069972989281362,-0.05684446488791318,-0.08605357411917396,0.002328624693460265,-0.0034176493646765325,0.0023912513714125314
HQ208,0.006168154803633419,0.05683251669723583,-0.021315338056473655,0.21882232850198396,-0.13551347767106395,0.24180437646785283,-0.03268566174141012,0.05277990803496427,0.00964600891003111,0.0034060137967595844,-0.004783604982771607,-0.022762863253214458,-0.014261328602078772,-0.03709976200991338,0.014675147757882678,-0.09362656288045342,0.04397667225369765,-0.006429189173457267,0.0044086707499608165,0.0007985836429339015
LA203a,0.01400541841344092,0.12814742655880204,-0.09453318492731216,0.4854103416800094,-0.292248869717457,0.6092483274873287,-0.17025408157630242,0.15849035517183468,0.004777929851284641,0.01646051071437186,-0.03622364848476604,-0.056837150347630774,-0.00236917615597668,-0.06910705199265833,0.04368067798249409,-0.14270352804682723,0.08186762565151108,-0.0009458131960929022,0.024282206943441742,0.01092423368395033
N644221,0.045216950100249946,-0.011149900541865697,0.24670252856981165,-0.15031710265847464,0.4477741818952027,-0.04490279248358871,0.14989093788694666,0.0172343739305126,0.014779521693590338,0.0030531450045428077,-0.01308682030935518,-0.07227342980802447,-0.046998103412887654,-0.09455941095257989,-0.15155341781346887,-0.13438035897276743,-0.010210463796012429,-0.04391098997857421,0.011600498618823169,-0.0007251748575091239
DS21,0.014398239468924781,0.028365447365963633,0.0727286586226276,0.05253544845705018,0.09371816617646837,0.04201951399001352,0.06416174405237622,0.013371860741293503,0.01953944124697156,0.001950675381104949,-0.012890712035287605,-0.031929244529798895,0.002175880218311183,-0.10426250273244564,0.06882745678847162,-0.10685937375630748,0.033089420781107985,-0.015407560799930333,0.007191160621970701,-0.0002955975220296815
TL54,0.01768514595877939,0.04702907002498718,0.042349141618551814,0.15674095029797452,0.027260907494996583,0.0971219376073909,0.05352293375635834,0.016090597606141614,0.0091156351041624,0.0017552546960020626,-0.012008957334924235,-0.028021304276938008,-0.035064669809889364,-0.053085146367843915,0.028512815233163093,-0.0861163047283918,0.03469419935598929,-0.026970488889292387,-0.005212051415065068,-0.002517075928746198
SD7032,0.011697179164716928,0.05666748630864044,0.060536020549098506,0.13089401090444427,0.07593229960799369,0.0994026535321035,0.06883786087671583,0.04870485066389876,0.014486245923077068,0.003635465371830242,-0.014498084678360737,-0.007776803124322946,-0.05374888379544923,0.019428642954025098,-0.054843241073009835,0.02481628412464074,-0.019017348720847083,0.021202407622511975,0.005920224064858225,0.0024885662589924098
MH62,0.014200489992137235,0.042327982365520885,0.016230035297488492,0.195192113752918,-0.08359946379264009,0.18293278619592507,-0.00028514935323764,0.013825293344970301,0.0012045609671468799,0.00034872477314425816,-0.009369596445040354,-0.02748802392697432,-0.015317829514887762,-0.10066319282890121,0.04793950973125956,-0.09051745326432147,0.02061866968092493,-0.01911377531743456,-0.005223474452315406,-0.0018603731311259602
DAE31,0.014840483071000322,0.06760390227179286,0.08204606208939137,0.14456601580504705,0.1534716400399643,0.0706478603110293,0.23146473625037767,-0.016293422946248647,0.03821624216460043,0.003539416023190369,-0.028980302815195938,-0.010451200040365597,-0.029279448748737707,0.015564519181502612,-0.006255128078454564,0.04928051720548597,0.024250124415051547,0.022548326860967114,0.00992751230741431,0.0025794679051648053
AH79-100b,0.017033326905260177,0.03760610001291854,0.07916213992802364,0.14191107998289496,0.09207469197060333,0.16536834962271182,0.1047999402335587,0.0415849114599345,0.04750661053571314,0.011553861643464712,-0.008685831448427724,-0.03863895289383175,0.0271246182429681,-0.02472766834096758,0.002416764758634562,0.024097924369836172,0.06092312139304233,0.027401427267406596,0.03549898094843883,0.007734496266373769
S4083,0.006949537286621316,0.0488530634290899,0.06283839537351998,0.08568614811495842,0.15222436559425684,-0.03660630970702109,0.12664838363146055,-0.0009903673578015157,0.03098534323150846,0.008365335532783626,-0.014449612631573154,-0.002459323071201245,-0.046083146941073676,0.022052173408369544,-0.02019395417736994,-0.0007425271056088479,0.032723696365667944,0.0037704549023069266,0.004404048299311155,0.0009337610999825144
N633018,0.014251701365938167,0.058009602222754066,0.07922072433818349,0.04826695367139448,0.20206139175915816,0.05173686096510548,0.07385207143067965,0.01693542080530157,0.0022839817113270975,0.0016792649086489636,-0.014274710856467048,-0.05774036029335476,-0.08026214618072383,-0.04594598601550248,-0.20535568621119013,-0.04871502404097946,-0.07574247700955848,-0.016120305360387686,-0.002506214807787541,-0.0016552464807093371
FX05191,0.02459013956031635,0.026244301930642793,0.15842760385543367,-0.061243540346412335,0.42364867273846374,-0.13723502740796886,0.32902257635667737,-0.019794167428281547,0.038755044636975905,0.010779113976815925,-0.01953640253441935,-0.027546527796466973,-0.07653122883011358,0.006229757151273619,-0.24427917582885414,0.12217316077294643,-0.2793530287123114,0.11411262331101032,-0.016866317789453404,0.011767687409785468
MileyM06,0.015360143272862526,0.028584037677379135,0.18610744391468506,-0.04841102488987509,0.33168282222457957,0.15990673812955522,-0.12085790036064778,0.10994100806917272,-0.02017635442056146,0.0061434186475629055,-0.01139946424348532,-0.0032289613245375754,-0.035958956569647066,0.012183187038664918,-0.041417637428103,0.011832647590483743,-0.02139966913370896,-0.00010310009891324391,-0.0059950992642717514,-0.003187003986730094
RG8,0.011199227450379544,0.03778956351088186,0.07654944789447155,0.06214330963983955,0.1255141467417046,0.03157389350041329,0.1090344263747994,0.011698347029782105,0.04027369083972336,0.004663846512053625,-0.011113753422865424,-0.02535374016645233,-0.04849093639088841,-0.041573444984235146,-0.0002270336046960985,-0.1264938744326059,0.06919909408951168,-0.026885228030542566,0.015140540284032535,0.002175620959296186
AG24,0.008621138914343464,0.0390826280463088,0.05505799187882354,0.08857932927273467,0.05338207641064529,0.08633299605689455,0.030609765158428236,0.04139541329823918,0.007942135181237917,0.00494784190079378,-0.01054525457893264,-0.01693926773884554,-0.04138695345038066,-0.01749224531577832,-0.03962563110663386,0.0037358006743558763,-0.006528266944326017,-0.0010118798021334376,0.012218717894943347,-0.0028792601934402072
AH79-100c,0.017085967750555927,0.030682124197968688,0.10798899097111608,0.11983994274392608,0.08514321507673947,0.19411246525716186,0.09698355976449023,0.05867749347135903,0.06783030630578013,0.00754879011853966,-0.009826538064281734,-0.04411769154303232,0.0481120174717439,-0.11968977502681093,0.17758491131315665,-0.10964824424562755,0.11851018073414456,-0.008150693185364502,0.03558108051526806,0.005073726727374034
naca634_418,0.04692862598392096,-0.013290147531820727,0.2294169731791947,-0.09877757831970103,0.36857290287021544,-0.013894178148424053,0.148272200911913,0.027609829721629148,0.017090884752898754,0.007836996088328925,-0.00508142445089742,-0.07432586359187505,-0.011902662884195978,-0.10754979381674452,-0.09536157574714443,-0.07757502734110099,-0.04056044309251776,0.005464522172831253,0.002796584935538344,0.00638002022132384
ag26,0.008713067665562672,0.04001336844048385,0.051968080139544695,0.07916501384871438,0.04614201457314548,0.08691835154821076,0.021123591006542,0.037841248194777626,0.008157479998340978,0.004531140771335412,-0.009838108691468594,-0.013883318151832575,-0.03425337762631765,0.0034036816081777273,-0.036368925880346015,0.02781421046162689,0.0013096634092583054,0.003385354934653577,0.009958499476579404,-0.0023590379057727593
AH79-100a,0.016941785126148173,0.019197410120314902,0.12338965535344577,-0.019632509033156602,0.255221540469631,-0.06921973128456607,0.18621794392345664,-0.008117982166645261,0.033736007866865765,0.0037393991140124423,-0.012795271176595655,-0.022140079240774546,-0.04796865040981461,0.021842175573850466,-0.12796370252510675,0.08772635929284461,-0.015903566521596295,0.027614567323994806,0.011094918976628206,0.0010514829363572386
HD48,0.012689490535185387,0.02716327689328438,0.0812089462916933,0.042618151629398325,0.11298694268834876,0.033281111379549734,0.08327321072543896,0.01027158048489063,0.024387587287623063,0.002092387524609352,-0.011108648861830077,-0.015923437664617707,-0.037991960415081336,-0.005375140844093456,-0.03402070830559135,0.008542637783292013,-0.009165838727287656,-0.00370790107014516,-0.004388350354151601,0.0011100018771787647
S7012,0.009160162019862979,0.030583212506834684,0.0820612025572489,0.02511019854510377,0.16043458072401232,-0.012860035912638056,0.08626067021071707,0.011254797907812402,0.017060516461272414,0.0034787638676244265,-0.012012107578736443,-0.012203366948891766,-0.03753328770944268,-0.04763497181035269,0.03279401308093558,-0.09634188392382356,0.03216803876747482,-0.006663934411511678,0.00660277074836749,0.002056355768440262
N633218,0.03266485685857222,0.01783574082870607,0.15356006341449438,-0.014386499609186025,0.2737633062148055,0.024250988523616707,0.10961133906040028,0.015104665608697743,0.013640555597493163,0.002634110978790571,-0.01071046041150743,-0.06724436481712885,-0.030944267227428306,-0.11349083986715093,-0.09879004982571357,-0.11632535246385056,-0.014627124481022782,-0.025960852982703366,0.008835807252194409,0.0002098205128202298
GU255118,0.02144031210867709,0.053276065932388005,0.10406452253837728,0.2803836400002458,-0.13903718370777018,0.7234000450869705,-0.19474308123908857,0.17923567239969027,0.01454833695936749,0.010872249463313182,-0.0055970063965830276,-0.07686135501574431,0.07701640517947371,-0.19558795193855824,0.1386643307166551,-0.18123918531650904,0.07358416173682276,-0.04095506324056293,-0.004674287505862724,-0.0026905226672623247
HS308,0.018471105312481695,0.003564045857974582,0.15022712970894592,-0.0754304211668552,0.3733392433757443,-0.24937401503650897,0.22243508100650225,-0.05008617232906671,0.027114983925498284,0.0009191133175755946,-0.00036552148513856745,-0.057795912856231396,0.08906407939885663,-0.1620036194058817,0.18863695214191636,-0.1896247386647217,0.06792586614842684,-0.03783930744528024,-0.010784564669587311,-0.0034396729415814855
SD7080,0.013203326444952706,0.03301417620940266,0.09679811394779403,0.03217476682776369,0.1476965973319168,0.012569696821858586,0.08687792655958056,0.03579215212633589,0.012544122847983698,0.0026479047270879155,-0.012786403743562044,-0.016070321658539197,-0.04348157169350508,-0.010888574881718896,-0.033735765330073324,-0.014838457505561262,-0.006824300819751819,0.00012202541116794245,0.002542889661473059,0.0012343242760970395
eJ1,0.010004910092019412,0.02381813681244327,0.10496235734428006,0.08993539348646616,0.06681314617906445,0.17482269514244966,-0.010259704906972695,0.09924905175257556,-0.0008758603073924949,0.014845460370989303,-0.009690884912496759,-0.040906333040090836,0.02207220439613569,-0.16003616045734984,0.03299867859345638,-0.06342260347889994,-0.05671392559297779,0.00538602266566382,-0.019075846487435443,-0.00402074421852008
Phoenix,0.013095132117154268,0.04535039974759655,0.010701345766277182,0.21579666009371068,-0.03904593640932151,0.13102137201994687,-0.0025855866601420044,0.020829429634060436,0.007202127701041223,0.0020695824887356235,-0.0057578302059722985,-0.008737509947572124,-0.033453424475636026,0.038535022731444935,-0.06165832951225043,-0.0024716514105392906,-0.013492037489563902,-0.025278697173786467,-0.010377889801569921,-0.003216077685951636
AG37,0.02473180602249807,-0.006476370220450534,0.1299900258414174,-0.015490865216563699,0.15027077883432874,0.017065333829411476,0.03192474290521749,0.04838118304095792,0.00648417348463091,0.005238988563324169,-0.020967903621562072,-0.004132379242298259,-0.04165938750673347,-0.029216312808760848,0.029885227218910158,-0.09298466936559752,0.07440893692057973,-0.07279854837516034,0.030084806762766664,-0.01720435962011721
HS522,0.014673127801123925,0.03404444882284546,0.08512067719534992,0.05079328086590589,0.10074440438866664,0.055055104609396284,0.03143705235218305,0.016538169742484836,0.004490053404508726,0.0005161468419126414,-0.014477436821221304,-0.010955972408253514,-0.03801387829692853,-0.004415126917686741,-0.05176593450996862,-0.006174755699571519,-0.021953404146967687,-0.006991380592425012,-0.006771178262202719,-0.00199993298642438
FX66196,0.024774816105537476,-0.003203055630813214,0.2684666963797522,-0.21287663965160475,0.613906371027907,-0.1203188763296363,0.20390410655095204,0.020136893084714197,0.02821708292033551,0.007708197686814409,-0.01141434628168288,-0.02372960310334331,-0.09767592747262098,0.06221036451850251,-0.24377500971353286,-0.003395549962592813,0.015368480298021632,-0.029809208196182265,0.02259287089153084,0.00011168376738919607
AS5045,0.009813801316605452,0.08778118398637147,-0.06225074594612799,0.42829402910768766,-0.4722315877216129,0.7539336441954901,-0.3743554188605668,0.18820869396533269,-0.021900329377310096,0.015618901673872088,-0.019662985675784065,-0.02015969467792867,0.0020169796444925543,-0.29961479344072417,0.39893702926477226,-0.6861171624400425,0.38202174798013466,-0.1712291989010607,0.049361086518596345,-0.00744291903782589
N66021,0.024195016074639884,0.06105322460906676,-0.030896598918078163,0.3535744726131094,-0.24677549922896597,0.43417272532704665,0.012131976940921406,0.059298311112331054,0.005295050827647849,0.002566870068445978,-0.02415574118098852,-0.06147118629306605,0.032871236732624216,-0.35800012791736147,0.2522479849778932,-0.43834478309332425,-0.010098182163942664,-0.059952266894979185,-0.005161147572749022,-0.002581096410992938
ag45c,0.012630631362742851,0.032010564310515764,0.08059768937176444,0.03343581652977098,0.12166970846500756,0.013838698867088396,0.058452170832437915,0.02199088191526096,0.011136568467011372,0.003822800382021741,-0.008653482012438794,-0.019984046712052533,-0.004156499871054281,-0.08433687439913676,0.15057307714269325,-0.21661056812775425,0.19787584734652547,-0.08720240694917067,0.033836316615522055,-0.005578165030419896
EH29,0.009957485895909323,0.025329577607050555,0.07017256478206,0.04937441949096613,0.09963730347726013,0.014840343811916143,0.05417306035037795,0.004978357344541554,0.01108317668635243,0.00020272263482981324,-0.009670224236784033,-0.021853657288803438,-0.04982319253317096,-0.01571430841598958,-0.061312793487033154,-0.021998637817959632,-0.04819007078524035,-0.00716697275901362,-0.01047303201579896,-0.0003066954786634598
HQ308,0.008365659562761687,0.048433230659045395,0.03005041680807912,0.14287184134579722,-0.02044289064577479,0.17061471011292803,0.019067485118128828,0.052138247798582824,0.01489542228418466,0.004251790808356079,-0.00403130479309168,-0.01906672249620615,-0.009069251118901143,-0.01292809664266556,0.0028662115172594814,-0.06468617549643894,0.04658362964745936,0.007148824342691933,0.0073388745490565194,0.00177680671843724
FX6617182,0.02527728534530634,-0.008933159558858393,0.29109656763196323,-0.28448782711936205,0.7458812415831473,-0.2940574818722763,0.29213833540925505,-0.040355724288112675,0.051780124118243,0.004102510087559515,-0.009316591805671218,-0.038792505737546085,-0.012426763956566993,-0.15139762440745166,0.1367680338571785,-0.37341392114654753,0.22110899818614807,-0.07759899040653156,0.017812821309228663,-0.004068867507174837
PKMB500,-0.00033508844030703203,0.07069044153381428,-0.0004063546718747912,0.18878592091763777,-0.0337289766774771,0.19431847428268378,-0.014867525115060815,0.07751820136080004,0.012988864086941896,0.009637041342770077,-0.006748060685882007,-0.02831112471636237,-0.007593064276518092,-0.05892253437663143,0.045150568949565095,-0.07187788387591047,0.06408271729259693,-0.025005705864094487,0.024656928788673718,-0.0001641912032398885
HS130,0.013061381374569707,0.047463514694519045,0.047037078197608856,0.1175702356798323,0.02856208936112307,0.10896214443177155,0.02028808084242423,0.02416273684783187,0.0010013580045110742,0.0004903358622799248,-0.008889400897410842,-0.03086667975309267,-0.014191628111216601,-0.07060400515323571,0.010930655028018267,-0.0690124040367307,-0.011163909055833816,-0.028240547308443605,-0.011545925574552677,-0.003776096641143975
EH1917,0.0075296567055506474,0.02099291331525762,0.055123115442640445,0.043988200066273644,0.08047404557588915,0.01136629226113664,0.04258032893825237,0.0036814464253719366,0.008683389185264614,0.0001465423584579224,-0.007304201816868671,-0.017259317546505403,-0.035572358618474534,-0.008542294787192817,-0.045379384333589665,-0.014616034583482514,-0.03940560796515121,-0.004592486801435001,-0.008437388400336974,-0.0001924901112295847
SM701,0.011028912948429405,0.09740858877601154,0.0015893303816278978,0.3720097963462985,-0.278051815706875,0.5429095265575179,-0.16175855852499976,0.1599603777113051,0.02019016383415826,0.006604263612360373,-0.018082353458342616,-0.024756339023922956,-0.04920805417049526,-0.0785890016592625,0.052707135607303675,-0.27053421540468925,0.15014405408434728,-0.06672902620725703,0.034112740484657816,0.0031090364179421326
rg15,0.00866752218689352,0.03874902929059744,0.05490949269865867,0.07004588677556617,0.08669051289681627,0.044836553939871036,0.07281525994293386,0.01617391761157279,0.025922493376130642,0.003290704217567771,-0.007691892353538585,-0.03342515836053695,0.001759080300300956,-0.1106892223713838,0.09478402792551159,-0.1549298639538134,0.051537252976608924,-0.01873287319862834,0.006173632034480519,0.0014556578627356927
S5010,0.016926798032952453,0.049283415081945586,0.027666187171024342,0.19934776699848777,-0.0574515805584523,0.1918274885721547,-0.02276522991393873,0.01552817591578171,-0.0003292855616643763,0.000320715423536588,-0.010116181634828107,-0.019376275248569552,-0.04464571501873445,0.004417329629095903,-0.0740314157986571,0.0005907055395971447,-0.022337106273684123,-0.014714014603314408,-0.007200259661333424,-0.0019668117295221993
HS520,0.016459966470399406,0.04570684527897651,0.03540440949096638,0.15896422099360485,-0.018464485939575684,0.14860010704721097,-0.013349227851813108,0.014493124633433864,0.0008916864528177649,0.0005676549632050205,-0.009054453221442977,-0.01632620102920869,-0.04258325248024507,0.014351408327811066,-0.07042935147375518,0.0012990172677294206,-0.017979898709460262,-0.01249151383502124,-0.005828884393098771,-0.0016269262824829087
RG14A147,0.011396355445764303,0.02157302501886674,0.06487509312124608,0.02750996809163431,0.09778644730981906,0.011721593953756588,0.06877316687248734,0.006254336634400016,0.020534165078027262,0.001960614405808,-0.0040701449025034395,-0.021723775994242907,-0.026074360619421644,-0.006430144859677182,-0.06852591022806075,0.05009525967556282,-0.08338170617041621,0.023205613931673284,-0.007509429021492645,0.0014518217465987126
ag35,0.007462624764656552,0.03444464158697049,0.09344116461521297,-0.0023273527325924043,0.212365661133509,-0.07309662357881164,0.13892231861452425,-0.010463422767304246,0.02337367663392517,0.0010595512937820843,-0.019886555252779017,-0.014002843102024131,-0.02982608589943642,-0.06347348023747804,0.058367432564417024,-0.11349032709665505,0.07583093725454322,-0.06871639737873494,0.02559474429507614,-0.01472808126957039
DAE21,0.018911084031486395,0.070388147770149,0.038564063656055865,0.27908021968279517,-0.08800683828890515,0.38775869903308147,-0.0074639619644079145,0.06113636314250531,0.013808656095638265,0.004645178849229189,-0.024169639967794344,-0.016936423917341056,-0.012017384593227392,-0.014673146512131599,0.014794032980955336,0.01845662358498153,0.029391165860676798,0.016270107937893474,0.009034299082876264,0.002164025143084903
