AG38,0.011498109242798251,0.030159596557973924,0.05861421408933019,0.05283344954250559,0.08086948163887563,0.02222166496455373,0.04771214626060483,0.013648330446192018,0.010034293906957724,-0.009228453557851185,-0.01317066532712338,-0.02250060767802791,-0.01025689077764544,-0.02009052966321134,-0.0012204673252136325,-0.013239429020102295,-0.0006002825689530718,-0.005033300993398804
EMX07,0.009363116120509362,0.04219827061256946,0.06606761560129998,0.11759518037564623,0.051812848884494035,0.04920176728913417,0.02010250929281966,0.0072959275963768375,0.004447694792407644,-0.008740704788031642,-0.01385176233794013,-0.022584105641984827,-0.019325432349805462,-0.03894782502400925,-0.02359564731033063,-0.033539028936317994,-0.010991058679103787,-0.008218551835220682
ag10,0.010358408016053332,0.024695825231931846,0.05038079451222057,0.03647292429379235,0.04398670930350941,0.021213318512424136,0.02628958737818454,0.006750543668909366,0.006933792903501412,-0.0099285253635421,-0.015386565615335199,-0.014662969310596062,7.629006626125437e-05,0.0011134926147732653,-0.000582920760656917,-0.004538028099556796,0.0009672592285894318,-0.0031502515470247495
N634421,0.02699071376716698,0.049642651024711396,0.11799288648146912,0.11625593519798014,0.18173400309751478,0.09093616347511331,0.06539546764146485,0.021802479554912456,0.00624937338796395,-0.007787376609327754,-0.05069957352290604,-0.06061447580347675,-0.1062030524018181,-0.11299628930567762,-0.049935566272812926,-0.022307403840836945,0.004364186774329286,0.003926637264624751
SG6040,0.015260322353341085,0.05010736218041538,0.07527549085970581,0.13185014982414955,0.10561474912158862,0.11075003746179551,0.055174428251347926,0.03419260520059288,0.008490921451153337,-0.015017405274315125,-0.02650763643431625,-0.07570545024792512,-0.01769432101744037,-0.11871932771153883,-0.019049722489747872,-0.01535042320761588,0.002594279324983545,0.0028127804458236124
DU84-132,0.01651042358491886,0.04541681415545051,0.08668845371383756,0.11199182122164482,0.10306774278913122,0.1007349330759153,0.05815457755724355,0.03349772632743565,0.009424574437289977,-0.007536411182119741,-0.041207758837846595,-0.0010484966006379345,-0.12592229729800208,0.0691823494561026,-0.13031361579388712,0.033768918392034886,0.00838772308110383,0.002379743306446017
EH210,0.0077593881349219416,0.03580518612713669,0.06881116621089478,0.09360109227495807,0.06776626500698944,0.04665535191644465,0.023605853420178867,0.010531420132549355,0.001780128925707242,-0.007822432184842186,-0.02393597078158294,-0.027476769761588162,-0.030364637405691224,-0.03365923251947742,-0.04032389819921423,-0.02195726007502501,-0.010757035085527961,-0.0017443518175750113
FX61184,0.018586257301793366,0.04682276890806321,0.10597222025546299,0.11641638944944312,0.14928795802930628,0.12675877890857082,0.054801960648395154,0.03087868567380624,0.012814181466353165,-0.007040079752936565,-0.02636712264178601,-0.05975831357651436,-0.044161646488678215,-0.12223717675693832,-0.04140187542420722,0.011237658876229302,0.007428131848360794,0.009357533989683234
S4061,0.013978290562150865,0.036703077703037316,0.07441261585789222,0.10090034657234069,0.08833037612243122,0.09116942387402281,0.04213416765228951,0.01717858564216627,0.0036725513314881373,-0.007881506770613396,-0.0206955924929884,-0.027026969138532055,-0.015007765846617257,0.0036109036664906916,-0.0016448762967953131,0.0005320478529007791,-0.00011321622469736835,1.9079948567583203e-05
Aquila,0.012535719609355733,0.0391992577779665,0.08941304676695022,0.09382750960358544,0.10578457971137517,0.06753175531788352,0.044690561551359496,0.01910775721117313,0.005223380630428525,-0.010688994999928111,-0.010704425234489511,-0.004508833343131208,-0.012081952993704423,-0.0012819262331782467,-0.006430001770222076,-0.0013795878472477575,-0.0014137556631301797,-0.00020646078430326472
N663418,0.023521121499780806,0.031006678818211487,0.09451123301300579,0.10229387131490238,0.11062434915497658,0.15872441973469606,0.06956636888718444,0.031947593544762974,0.006782417175413217,-0.010772555955626352,-0.03210637675470376,-0.037595197957547344,-0.0985654981622277,-0.02656417012019278,-0.13284564566489543,-0.018625743602831233,-0.007324567426086126,0.003739726651463824
dd928416,0.007221519691350022,0.03217530222002542,0.05110639484064594,0.06953541346413904,0.0609955684007685,0.05123175797152522,0.03255114208113224,0.015570585397986765,0.0037559728625345353,-0.0068721027922085485,-0.020991526068353673,-0.0273726909955693,-0.032712794264203815,-0.024071613816852706,-0.022790037129204854,-0.017855493476479675,-0.0021206788307808282,0.00041981162355150386
marske7,0.010667780946973598,0.03805510748923307,0.06248327056837543,0.10331832629788305,0.06742002331885702,0.16372535292029014,-0.011369639835270137,0.011396673574762295,0.001854611236677369,-0.010996050955997734,-0.016569271536233894,-0.031026198646970947,-0.02601010316953539,-0.04012325912396314,-0.02940254603414719,-0.034840815064093617,-0.023002524366049992,-0.008351309657424737
N63618,0.02695711942930993,0.043815156918508354,0.11579212832516927,0.10403296071028428,0.17952753948241085,0.0895907681753608,0.073016994208932,0.026683651034618713,0.00887509014846873,-0.0042696341101995765,-0.04296163574927708,-0.03814987726548113,-0.08130229784123663,-0.07871299706770475,-0.029101779800610964,-0.007447901774299381,0.011752610411655191,0.006583315122915635
HS510,0.0111316697477906,0.0352183617204767,0.07217072020327939,0.06751070003612333,0.08754232538877592,0.03490844747352852,0.019650172052394263,0.0013439272558941262,0.00013964996515460537,-0.008751215813908588,-0.01856368321135629,-0.015591703889409213,-0.035608652775908176,-0.011710477253635686,-0.02498228606924572,-0.008042548364662857,-0.009072930176114612,-0.0023425673980593154
ma409,-0.002234248521364486,0.034442439912526636,0.03217472986634343,0.09688257560397537,0.03468181855830735,0.08666963992897239,0.026340083024308382,0.03222081927106089,0.0010458222834642161,-0.010069239369584614,-0.02353421188517062,-0.01980050306196853,-0.011665303050104502,-0.0007873555552439639,0.02747768266313685,-0.01075742027353977,0.013345154178723345,-0.005458836502245477
DAI1335,0.019025654645984786,0.05226151843799688,0.11760559724695652,0.11090467748879214,0.19796171376719365,0.10138709215110168,0.05054109903258078,0.021813704555358325,0.005288470820228098,-0.017242204905604554,-0.02331691759439953,-0.03151866666209589,-0.01529258813375602,-0.013321906318599022,0.006969734993665336,0.009211118482722916,0.0069474344235214685,0.001821829167017263
SG6041,0.011253251883158013,0.04168135343444736,0.05637694569802686,0.0846236166454474,0.0678002257968674,0.076976726198546,0.04636136372504169,0.02333121360733748,0.005621159697553517,-0.008908763153688078,-0.02135145956118641,-0.024838938746313127,-0.03963297017719321,-0.01992584385982895,-0.04815291217261978,-0.0020256950688331585,-0.0046740914345088065,0.0005337246587960694
DAE11,0.014671539791641972,0.051590848736922844,0.102484473606135,0.13996681814263714,0.14147927165129112,0.1630260602027116,0.03304446724288326,0.027687153921778687,0.004378663756818744,-0.014077569173131044,-0.015941064507609643,-0.01940951005854169,-0.001776203676489003,0.0005747923432598413,0.022139546865020815,0.011641022172091304,0.009632304360506045,0.002354023901094365
SG6043,0.014229014913340037,0.049628356074432514,0.07549814082523527,0.1201178795692827,0.0991882114012855,0.12537236777310076,0.06490357032225055,0.043810468263398024,0.013235483232532447,-0.015139484955016462,-0.012790219892313838,-0.026320007433219193,0.020184881794759465,-0.021554899314816404,0.03543630442181086,0.01564102799760588,0.01852509412222242,0.006994554953098032
clarky,0.00721243283958912,0.04693154262448008,0.08068766220884215,0.10511997096220611,0.10082221776009585,0.08948246025236739,0.05465718962305106,0.028173839168619354,0.008278155848351886,-0.01658288372512126,-0.027483632043792807,-0.03887538224826512,-0.026090400795034063,-0.022791779363203254,-0.014903225807877505,-0.010869830633512847,-0.004105477511222058,-0.0023105993314535313
RAE2822,0.010774896594963999,0.026965988348471102,0.046572503218003644,0.06623801794941822,0.06446865476369937,0.07920542080080542,0.03907099322971244,0.024203444416431588,0.006174659555687266,-0.01074605268077211,-0.026460398720459067,-0.0560300285956896,-0.03588070344202387,-0.12366779498300876,-0.012501932233895955,-0.02211895990259198,0.00448737662125173,0.0017174002823754993
EH159,0.00710617677049833,0.030768519494894918,0.05903675749118166,0.07803642061454844,0.05895730636033347,0.04057045569640227,0.021230882122738052,0.009339010149241123,0.0015749147586727982,-0.007129799432229752,-0.021907627726444136,-0.028127790490900476,-0.030808639524056568,-0.0333112542101639,-0.035874710474555864,-0.019959241531681386,-0.009538587746713999,-0.0015299702019435464
AS5048,0.015346328278105531,0.05127746905148995,0.08520640631839665,0.11516681589950165,0.09230892163215126,0.14855223896073183,0.017674900565944382,0.03838711764344364,0.016915192502449425,-0.014082241046582901,-0.021655294413226327,-0.07601238001032938,-0.06920892812716241,-0.08294334846453096,-0.1326838520191213,0.018220744447142972,-0.029988985771955672,0.00010462496594233295
ag46c,0.008868272339983432,0.032795305714092324,0.04795956707130489,0.06189144186650308,0.05256889708879973,0.04551978142849027,0.026936038647862304,0.013398336091752866,0.0035284759462123404,-0.006949602335885014,-0.012558495329152937,-0.024213968313783057,0.00847100792636399,-0.02682263680847221,0.02008667470816656,0.004913742108138271,0.004133716876134325,7.788299091558803e-05
DAI1336,0.017794207482383976,0.05492410373453965,0.10584833755676012,0.12737250121540208,0.1523958899485095,0.1279184535917677,0.047850296652916235,0.023325166202167354,0.004875836470688986,-0.017108455291327755,-0.02392083675544478,-0.03056556334499436,-0.01672702957542032,-0.012192452666809468,0.00622249870834335,0.009469784242403636,0.0068691330182012855,0.0018313047725774835
Dragonfly,0.0139637134417072,0.038671298751433276,0.11556558963977032,0.11726423519954518,0.14743116595238986,0.06649255431977245,0.08044336191863456,0.019189569707008403,0.022356581144738836,-0.014292673179594192,-0.011504944027531291,-0.04244588750646528,0.1248492334844342,-0.03630108011173316,0.10523058315740756,-0.02925778330592677,0.027592119955965156,-0.019920089611670008
SD7062,0.017505492321690817,0.06301224524003843,0.09969023389077376,0.1356218849149794,0.10697694094999263,0.10120819307281555,0.04594749406206748,0.026690282376274414,0.004750559786529645,-0.016341654709997988,-0.024907218318252513,-0.04422110933907683,-0.03100805320445787,-0.036485710148386655,-0.005339289301207207,-0.002841626922498712,0.004397648962759419,0.0023219046695006607
SG6042,0.013192939846389288,0.04560491796507229,0.06644521522202512,0.1023417933478919,0.08365586267751997,0.101849349166096,0.05582193581418798,0.03340895308881973,0.009405726696136792,-0.011826672219072742,-0.016562948127828606,-0.026865530538245155,-0.006791549932119848,-0.0233510427602709,-0.004941767624881609,0.007022931399431836,0.0069477533498174026,0.0037755160542484317
S6062,0.006950181240787656,0.028391188337870788,0.04952466456872169,0.06319223628486731,0.06310974186239786,0.049031927745025246,0.02991843389043972,0.011438130084503034,0.0017856550432708098,-0.006673640108183081,-0.019111854722114113,-0.027747423413453605,-0.028704129692440523,-0.022665012585407304,-0.019312334579249097,-0.009547075111303224,-0.0017212082132939388,0.0002778679971674735
FX63-120,0.021409885272955193,0.04820113695232431,0.09246416594441556,0.11749797391487152,0.11749556242164695,0.11292258980397754,0.06019399804138862,0.036642549245792064,0.013248753244754899,-0.0021780597129655325,-0.03037784862884312,0.004820417212044252,-0.06483542586972076,0.021404208805795827,-0.0023889936764818287,0.04240292713995139,0.023199538086026643,0.011879158756872916
Teal,0.0036078478773903036,0.010377156665158507,0.023175051051220148,0.047983354161727144,0.06027857670352035,0.044020647096049983,0.03783837277161807,0.024570215794358783,0.007339738424620181,-0.000992148892962853,-0.0023712278112338198,0.003057204291416566,0.01941841448438799,0.017548090026124903,0.02314526112502187,0.01517941153933429,0.005655023593225099,0.0011918494788924416
HM10011,0.0091936825706143,0.0379001541439847,0.05995867906770547,0.0778338639554832,0.06482636536407052,0.05369818603852972,0.031982342094069104,0.013777306251942845,0.0028870458685297733,-0.007469418916063468,-0.027157308743287853,-0.038077758820138065,-0.046379365254260466,-0.031978799149577165,-0.027625215942798226,-0.011419722458348915,-0.0048458483194406534,-0.0003149392446703678
FX02196,0.023614856565631035,0.04857190290245577,0.11965164669942589,0.10070850011865194,0.23665859008587056,0.06555936890666181,0.08358663064542969,0.02282836686354263,0.00817461645765889,-0.008475377788285702,-0.03080525401465146,-0.05212867824721122,-0.045552630741698616,-0.14014649487938183,0.01213818136496131,-0.019045966876768468,0.009950478733709741,0.005236602363749858
ag47c,0.009050464710610452,0.029079837329732284,0.03783137572773238,0.052477012612378145,0.043676923697236705,0.03954944203112264,0.02239327628569192,0.011883641803615681,0.0028223737637624873,-0.006717537054452154,-0.0122279588758574,-0.019141683610231056,0.003734100738643516,-0.020029570717928224,0.016908928016697963,0.006602538197677214,0.002951165723608258,0.00013594651565082203
SD7003-85-88,0.009544667950443165,0.03706577640728418,0.05670173750268349,0.06942584378683735,0.05452909611495479,0.04649232166017975,0.023626688898379922,0.014031851300525424,0.003265988771271203,-0.009086645095111348,-0.025651514056419845,-0.030091041201246144,-0.03684227825617604,-0.01962865466943022,-0.02331351164169941,-0.003348862447136574,-0.00028614757790522194,0.0013585704598599014
S6063,0.008694683903227802,0.023273743055991992,0.044993543681853466,0.062358789947055564,0.04330911606635129,0.050204011896308534,0.024390207833122866,0.009928438013796568,0.00206649269605935,-0.006625470176018435,-0.01756320935846118,-0.025887895572472112,-0.02461653894897139,-0.01949086228186498,-0.014443863033272584,-0.006293807706773316,-0.0009942034518262912,3.4858758034168785e-05
AG03,0.009311362759920007,0.03226402534172304,0.052974019862936116,0.05714632980214409,0.057035486967499695,0.037242522119401565,0.028268694693840867,0.011170286758783654,0.004565477440994226,-0.005006274514881213,-0.015374575950456633,-0.016007861652879797,-0.0058687361364715,-0.01571069837192686,-0.0010507862222250647,-0.007494810747203263,-0.000805379768991827,-0.0017239654089812447
N663218,0.020719664027966836,0.03095798423213874,0.08096298452845763,0.10000930477420486,0.09129476801534508,0.15134869685573732,0.057103604261093836,0.025700175287806035,0.004145861747022076,-0.013446725809770943,-0.0331744179525609,-0.04863007086133151,-0.10424211804970789,-0.04258308567787181,-0.1432908319518173,-0.029402773259276635,-0.013979474002163688,0.0012357179007566374
bw3,0.022554119788028584,0.018490036483119834,0.08730771359031328,0.05170238739081302,0.12462673098059515,0.046960226472768436,0.07986882367523786,0.01423960340442898,0.03297083443773963,-0.005699040912591819,-0.04224306051675007,0.028192000479206846,0.057862910019993045,-0.0015955978900941657,0.10815806523835961,-0.02926289639952486,0.03409790181818362,-0.018738130971016172
hn1033a,0.007078039814038008,0.03137215864551951,0.05041014944925379,0.06868078472045233,0.06156642797966837,0.05608651470621372,0.035629634635645675,0.01953668021014226,0.005121625955230638,-0.006976668299092582,-0.01883162728787152,-0.020897766047721412,-0.024372064105043806,-0.011342795535037763,-0.012921926070758795,0.0019600389516447867,0.0020766070894615673,0.0017341548139800567
FX63-137,0.022100666519117147,0.06124201360561898,0.09527349706296559,0.14404282062267304,0.12912569037742563,0.1293335974970668,0.06974314883769146,0.0419329225547219,0.016768793194792752,-0.008355173678481776,-0.02468092444601592,-0.016974331119716624,-0.03909031274969416,-0.015168869827601506,0.02852322056811864,0.028753562991668962,0.03434979066268817,0.012535520125466344
FX78188,0.009268366502888918,0.049448105448339455,0.056501882105617386,0.16658755895856867,0.05297024140198249,0.22732098421279281,0.027345487009541807,0.031650791087279403,0.005024040945240145,-0.010436664509748901,-0.03421896221827442,-0.04140460199339247,-0.09582891626344336,-0.03774859240588261,-0.12905196221339624,-0.02047894810892491,-0.0048218306810931776,-0.001330941870318579
UA79187,0.0032747493716169126,0.06241993052911596,0.04369303173073409,0.22855170714457665,-0.0006023529772612877,0.28303420849752364,0.042164565934451274,0.03824745921938842,0.009056993782239245,-0.004052500866140382,-0.027764928106568186,-0.03370525371828113,-0.08541318091362618,-0.02105292327868031,-0.1265945822122764,0.012398874025637273,-0.006665443388714475,0.0033613203183482905
ishii,0.009695204754074574,0.03408938439176124,0.060788038501370975,0.028221910096849618,0.07969484976231359,0.007448325632962401,0.052705123286600646,0.0033433983957251476,0.01479388859936767,-0.0061287272005273825,-0.0217775486217784,-0.024472109717205818,-0.048382060477265065,-0.0056110712169373635,0.03833512477572615,-0.02761942453110916,0.01432501111576125,-0.011438556599023274
LA5055,0.026495848556042288,0.0371265022919899,0.18828746524990775,-0.024729009386329447,0.41754811312635337,-0.05716804503331509,0.07070131658426204,0.012342144650776975,0.0033720677038247757,-0.020347258206984204,-0.0630707643533032,0.0346225842573037,-0.12239300563419905,0.07492468071284655,-0.0621317602634404,0.010868363849723924,-0.0023944405830943673,-0.00028371284829165457
FX05188,0.017954879376494984,0.04277626177654198,0.08782534732567446,0.12692156615020794,0.1333565886117218,0.1439448789602969,0.061126416683442646,0.030213782739237253,0.012212606659739719,-0.01437735878336715,-0.0320093123930164,-0.04843718498578551,-0.09511650896645238,-0.04835159345420125,-0.11938838188937861,0.013019254079613695,0.0035140220246080286,0.00861403623020584
NLF1015,0.009584194343129532,0.04621425116418263,0.07629970928793894,0.1393534734840756,0.09576886902201003,0.18173937884685773,0.062083374203104974,0.053389554596157726,0.014681609340395118,-0.01011721809546969,-0.01989055732033153,-0.04499199844660761,-0.021643399489600517,-0.051122972200393156,-0.03149860690364177,0.014362157167226016,0.014843909459219304,0.010492764625886221
FX61-184,0.018586257301793366,0.04682276890806321,0.10597222025546299,0.11641638944944312,0.14928795802930628,0.12675877890857082,0.054801960648395154,0.03087868567380624,0.012814181466353165,-0.007040079752936565,-0.02636712264178601,-0.05975831357651436,-0.044161646488678215,-0.12223717675693832,-0.04140187542420722,0.011237658876229302,0.007428131848360794,0.009357533989683234
E552,0.014352367422085939,0.05253410658950931,0.09779009764654648,0.12228593825836022,0.17472139536136988,0.0563428789968327,0.06785017417609714,0.022354931733025878,0.011350144010058896,-0.008428983249193127,-0.031431008579521046,-0.060316888734576815,-0.05833898976049297,-0.13925128426394234,0.014939145259219884,-0.025135039826316468,0.008258090394585998,0.002802071469667488
sd7003,0.009544667950443165,0.03706577640728418,0.05670173750268349,0.06942584378683735,0.05452909611495479,0.04649232166017975,0.023626688898379922,0.014031851300525424,0.003265988771271203,-0.009086645095111348,-0.025651514056419845,-0.030091041201246144,-0.03684227825617604,-0.01962865466943022,-0.02331351164169941,-0.003348862447136574,-0.00028614757790522194,0.0013585704598599014
PKMB803,0.005750416220007447,0.0362253820092654,0.04861504489420111,0.08776857020923856,0.059377353113983636,0.06207512376964244,0.03763196447855262,0.022007555296652367,0.007837906746736342,-0.0067692522576842116,-0.009606719121259752,-0.018034906123659242,0.0150359413728314,-0.014525745734249364,0.020437594289292052,0.0030609456858961626,0.012262715611355963,0.002885057070781224
N653618,0.02792608926631428,0.02886036465428644,0.12934572710848394,0.06190209735982995,0.20872300082419323,0.09618391202706378,0.08264819260826325,0.03165384619416403,0.00913441814452166,-0.007712531856713525,-0.028691705566118456,-0.05205675786814101,-0.03731974462444629,-0.10931339089022263,-0.035067001447506185,-0.016951703127113592,0.007090083893788503,0.006439259663962023
HQ359,0.009442098613519573,0.03664857705279835,0.07553707366764362,0.07742112640766072,0.0900410079183166,0.08393801109803378,0.04991749118778089,0.025470394867778308,0.0058994288259716,-0.004277451006918452,-0.015424595485119737,-0.005967946859979827,-0.019431463340019172,-0.01331220647133728,-0.007862762877768251,0.020153076627265128,0.008535855309034869,0.0027687120111847445
N654421a,0.03276492444452768,0.026710991875548765,0.1610825273919093,0.03840647812727237,0.26698499844434725,0.08431508911409302,0.08367182398535976,0.01782819772935577,0.0035674773705039477,-0.008079274986216805,-0.03447029393047498,-0.06493314650136166,-0.05241882766698566,-0.13549134494489842,-0.04334329630600155,-0.040852891265965,-0.0056719074336437315,-0.00013599102057433409
AS6093,0.008435246265553323,0.034497897046840885,0.05043745756491411,0.08235299476201793,0.06561505742005652,0.06570749193785046,0.03199760944427598,0.021982105366716763,0.004690236352965788,-0.011933013067034124,-0.0037703368702112906,-0.08573653455941359,0.1108693255894859,-0.009447116814486026,0.1022705319451742,0.023088347515881753,0.021909999941628146,0.0038518706477062227
AH95-160,0.016621841460800833,0.05361630099171971,0.10158184310936404,0.13288909580598424,0.1586981128925831,0.17328660391145612,0.03157114294901294,0.043258175329667956,0.0012711494185317308,-0.015996135879370234,-0.028386208913096275,-0.0367051797644429,-0.017964277215466718,-0.046760524751299444,-0.0015473112725134792,-0.018685535718327668,0.006943217452404454,-0.0043213497257535306
S807,0.013422400217287923,0.05483741360487738,0.07663569395679494,0.17631594882702498,0.010888184869709399,0.1306819310705469,0.020288852988592804,0.045692910053405,0.006106235785793171,-0.013871465560201874,-0.03492274928545152,-0.08468739636623158,-0.06145555934037656,-0.19300216113523105,0.029666960882532234,-0.03129846852466568,0.013779935990039027,0.005331712861406658
FX75193,0.014276838160138928,0.0444173307099064,0.08556041448693709,0.15740035357423687,0.11073504433286056,0.18898484051654266,0.07466687323566779,0.023399656648492053,0.01568632603475979,-0.013360635541139122,-0.02964322691177214,-0.04582507679086326,-0.08494275241272578,-0.021696359448221823,-0.1512362133734468,0.04773323745569599,-0.00031162474152012887,0.0065891372402666765
Dragongly,0.014397506565501601,0.047424893530617795,0.14969449862448841,0.08702639914821925,0.3298141365109327,0.07130921151012115,0.0782218095517693,0.03177274540417332,0.00827777256916314,-0.015657362470694467,-0.02499151475832244,-0.03539626060862125,-0.030755584410228413,-0.04167478999177557,-0.021932807615746695,-0.010688680425681192,-0.010237683752857977,-0.0030866385195754487
N643218,0.022434817592440506,0.035106570461497746,0.10110637890168821,0.06429166355927439,0.18121238608848994,0.05163483436476313,0.061500549389187094,0.01389687141457703,0.004067052264084619,-0.01575097107568782,-0.03388151532168148,-0.07658228777441402,-0.055737166589154105,-0.14813013221821564,-0.02971091205078701,-0.04172221610597481,1.4218051299884574e-05,0.000856415874690811
HQ3518,0.020609022885257434,0.05592510855230615,0.12769885327500624,0.10807534799493582,0.15783755443676006,0.12286136614213941,0.066048352590481,0.03411064102341646,0.006687392639559603,-0.008895683574190075,-0.046759856881352424,-0.037100653691146554,-0.07299043561124222,-0.06855407279885382,-0.049502194348988615,0.0029278119737823354,0.0007564120370846659,0.001928901701479174
E553,0.013448627327211415,0.052234128279433224,0.08964609587551595,0.1360240785691346,0.1353869955159713,0.09760404802755154,0.06530592571116149,0.0294580540948116,0.011496797511086268,-0.008111055262729224,-0.03436249910262,-0.05321197684960984,-0.0821936727540742,-0.11250435615203055,0.0068228047965207895,-0.01786095214703254,0.00928978420827778,0.003644208233009065
E551,0.013047726606009585,0.05064525055334346,0.09239812980595813,0.12104817662802345,0.15577256419818472,0.08825516707956763,0.06824142881236342,0.02718745561245814,0.010744321995493593,-0.0084833332602164,-0.031223555036942154,-0.061005294978187186,-0.05756273296016602,-0.1414231323722169,0.015043947951302957,-0.026180234149543243,0.007413097887629209,0.0024516491051132733
MH114,0.015574693463745966,0.058648525713532844,0.10116125152404247,0.15128589270238438,0.1293829092369435,0.14256330652338886,0.07588887287376303,0.045720557253726736,0.013147968540127406,-0.011566967185188372,-0.017301355703810885,-0.028747829853245605,-0.002111226866602052,-0.006439935551130885,0.028144989780050717,0.021013725707503046,0.02127231962475595,0.008331990905971419
FX60-126,0.017523461545031257,0.04716474026482388,0.0838429529602717,0.10129051333988572,0.10726601978840508,0.07940347790972715,0.0581468598995819,0.023102046570031908,0.007007895354257668,-0.00679887338182564,-0.025734926152258496,-0.040911787704079716,-0.049798643685197735,-0.04065861546751192,0.015165640059881485,0.01309226537583368,0.013812300553703185,0.004966083371001833
S3021,0.009087759479824369,0.03857631231987451,0.07003321914904083,0.08444554962984996,0.09173508159673158,0.06599314125215483,0.033341014371375405,0.021383020514146568,0.0034150164777688665,-0.00766657071799253,-0.018474900879288412,-0.02490077804661824,-0.023450480760754865,-0.011569244391460044,-0.01429600393219129,-0.0022480675165452778,-0.005149115829391285,0.0004561211411715605
ag41d,0.008490490030057748,0.03346847782395856,0.055642827375614795,0.07247014257714296,0.06393926173397464,0.05249110010671692,0.03605677260219284,0.014550961916230624,0.005129501194279338,-0.007538239782916501,-0.01842885790621532,-0.025696497590033583,-0.0188741213609037,-0.010737568197422937,-0.009303070278053471,0.009453320518951152,4.928803752702126e-05,-0.00018938636302964066
owl,0.008492338159343363,0.022783463698199596,0.03931658766308955,0.05579462264490647,0.09866049745101325,0.06956019198216741,0.0562257443843831,0.03679428796363675,0.01102514430738095,-0.006479835074558231,-0.016696400266923674,-0.010861792451977062,0.026216372062996485,0.09566971088027844,0.06713416862415188,0.048081403935786,0.02678651641627494,0.007633839228296181
FX63137,0.022100666519117147,0.06124201360561898,0.09527349706296559,0.14404282062267304,0.12912569037742563,0.1293335974970668,0.06974314883769146,0.0419329225547219,0.016768793194792752,-0.008355173678481776,-0.02468092444601592,-0.016974331119716624,-0.03909031274969416,-0.015168869827601506,0.02852322056811864,0.028753562991668962,0.03434979066268817,0.012535520125466344
HQ159,0.009062368701371901,0.030404129736329517,0.05313738733600227,0.06715246967774642,0.06379966931610216,0.06280650180974993,0.03128406942295502,0.014474185822586774,0.003633443183848988,-0.006198493127071691,-0.020868907075340344,-0.026307494104936772,-0.037874722121741304,-0.03240044397054047,-0.031997320263995446,0.0016183451008898765,-0.0018337088921686134,0.00020935266412542018
mh32,0.0078016146349613935,0.03571527502895208,0.05737202320069918,0.08054084823659481,0.07018012251417935,0.06207600793172411,0.04204671384679918,0.01698676413048029,0.0032027073908562458,-0.005290753331990631,-0.01837225360877817,-0.02557482632768937,-0.02540575494998921,-0.01822939932658289,-0.010968593228986643,-0.003827762029096304,4.144972313282854e-05,0.00040961235309649503
E554,0.014440021008202368,0.05538122113043276,0.08885520604814735,0.1513973560522156,0.13327314595537673,0.07721829705840512,0.06078721853960059,0.02556102699213043,0.01204938343639296,-0.008217749165522252,-0.03444548924793345,-0.05280439137198292,-0.08196935712440287,-0.1116567062291281,0.007838270856306829,-0.017093086344989853,0.010302601263221814,0.00400902666812707
aquilasm,0.012535719609355733,0.0391992577779665,0.08941304676695022,0.09382750960358544,0.10578457971137517,0.06753175531788352,0.044690561551359496,0.01910775721117313,0.005223380630428525,-0.010688994999928111,-0.010704425234489511,-0.004508833343131208,-0.012081952993704423,-0.0012819262331782467,-0.006430001770222076,-0.0013795878472477575,-0.0014137556631301797,-0.00020646078430326472
E636,0.01068569482646679,0.05315850517072061,0.07085530095138579,0.1606004394777302,0.04140642694659389,0.08196983190989461,0.011756145001453113,0.015554643233488437,0.0017457811272352185,-0.009413851404070136,-0.019270354436063116,-0.019777081425585295,-0.031171804412535913,-0.034447580910396416,-0.03595262249829551,-0.03114260651533232,-0.019317725661045018,-0.006039726454084351
ag40d,0.008483165943665985,0.032938136509580544,0.0568386763242137,0.07331794090794141,0.06659405899962717,0.05644509867797318,0.03858829134917867,0.015135253086365949,0.005394627006996179,-0.007475735142173176,-0.019725611124270896,-0.026279202881651944,-0.01977339504562358,-0.014347249386735076,-0.009168242570929548,0.007456400210540439,-0.0001593544081891132,-0.00033244751555705417
e193,0.009482335744427056,0.036578432450532765,0.07264407018882157,0.08245400706399326,0.12787632996683515,0.05950907635790577,0.046370399929962364,0.022802158075269932,0.005166908994383259,-0.008331537178724346,-0.019888964175092956,-0.025744461632265177,-0.022597134059205028,-0.010338367106851957,-0.0086521775476249,0.000984441661043993,-0.0016410583020496513,0.0010097861114481124
HS602,0.012444207791308337,0.030454213728895254,0.07449225520641913,0.07524140576023267,0.09755094178169792,0.064556004988755,0.04695536779609703,0.022706548502162333,0.005903447657703938,-0.009887118425232442,-0.02099070839288939,-0.034381693625476044,-0.02629418583715116,-0.04999539044735197,0.02336640304320267,0.0029575498493547452,0.01233779855371631,0.0027934829314594668
N6334221,0.02258853558624239,0.04928407745249466,0.10525530340558105,0.11052538720109253,0.16844424715508696,0.07828214319391694,0.05539312315531669,0.015098678157468515,0.0036920639272834295,-0.012357384243484511,-0.05080752435996983,-0.07430091621638601,-0.10935193578739281,-0.1299514120499084,-0.06008083916041326,-0.03330393169195008,-0.0019678597317210433,0.0013516560307556445
Seagull,0.008013161503101923,0.03474185450283805,0.08365866215792307,0.12309226621550795,0.10534073254566595,0.09741910518671026,0.07233421848456523,0.04039838807835829,0.011306735618328402,-0.008049431021516715,-0.008724492887300468,0.01078618124131811,0.04467050313921937,0.06945397702639236,0.06148641778953581,0.045753921335788345,0.024734481755748595,0.006910915290902677
SA7035,0.008779102710593227,0.0377673822095518,0.06525068880189709,0.08266071556915373,0.07796607613556342,0.06118104484551705,0.04288784138822826,0.01879458345671834,0.0029863206632849324,-0.007007977397355547,-0.01808579270286694,-0.027204996612453052,-0.024903792820836462,-0.019434544672857993,-0.012917184024754681,-0.00019590104327101268,-0.0005497550677556945,0.0018038318506943124
S1223,0.01964296078298024,0.07579353549803397,0.09196451919043765,0.2250787206060628,0.08108264178252342,0.1426895808344979,0.08516971542708988,0.05782455330406279,0.0315399263306325,-0.024798742620787413,-0.002475775770138622,-0.04737193570479785,0.047159801120564615,0.031482468539925326,0.08392671995334898,0.061978770478323175,0.05034299112369725,0.02188764678884217
FX60177,0.020667405614117274,0.05529411851380474,0.1006397817394527,0.11476701670012214,0.12296478345816232,0.11197133557942654,0.08811990558814092,0.044074159001435256,0.015070356644837118,3.668696787408747e-06,-0.0405413849624748,-0.022350731904694558,-0.1260228724861902,-0.009782720036073,-0.13623674276235775,0.007662113959194428,0.006274645916660718,0.013356045386932561
lnv109a,0.02188668436014733,0.06227195318889837,0.08961242563461932,0.19370334771656256,0.13439053752969463,0.016988922320489097,0.04544222417571089,0.004083525587470853,0.0030015124965047475,-0.026017031190742782,-0.05071308067017494,0.006561543658012248,-0.041842623929901034,0.047181677321973564,-0.004401889469391372,0.009575428559151715,0.0012060275486428828,-4.983232246396647e-05
N643418,0.024973170303777215,0.03730759407355645,0.11030095944745577,0.0723300843984587,0.1950098859000012,0.06305435173578176,0.07210724394697833,0.020404663369634812,0.006658490629438394,-0.008921692969453013,-0.039388118043346916,-0.05448505063839054,-0.060377363719310684,-0.12857261089218608,-0.017261285137358282,-0.0343222204950778,0.008499886579357395,0.0028472646074099036
DU86-084,0.006529521399919353,0.03256601898134224,0.036919848923877605,0.07518234982872928,0.03762443706971395,0.06681589340728508,0.04509128023732531,-0.0029053533864777754,0.005173467546386533,-0.006341046130295621,-0.017585966747750318,-0.038935253957813123,-0.016242206344120245,-0.06584684572438827,0.01278585900991259,-0.05876433707982733,0.001509210738094762,0.00016822578164938761
N643618,0.027906930463062144,0.03860869886884307,0.12106604819280221,0.07869331513623051,0.20995814005814614,0.07401696125805039,0.08281705818671083,0.026891741550699295,0.009291795854950602,-0.011336951379782722,-0.028468422654654244,-0.06099715430717448,-0.03550417283896266,-0.12464921457851304,-0.0038178589587114487,-0.022211005569369918,0.013479068224404705,0.00578283358553621
HD48B,0.010040897869709397,0.03521481123973198,0.06260574807149076,0.07713500048510155,0.07175807735408478,0.06330310391462014,0.03593787978600476,0.019827342052014807,0.004896782446641169,-0.008432936152924292,-0.02264172027596936,-0.028561843517088795,-0.03120098770710787,-0.0144220659324402,-0.015756762320444675,-0.004857722129885785,-0.006820923304960753,2.1927341117847943e-05
PSU94097,0.010383251871104063,0.04006285729676705,0.07796440445282786,0.086451114297509,0.10841237146986253,0.08911488957070444,0.0562538498130536,0.022680528250825383,0.012194383292491251,-0.006125435482558587,-0.015412204789745589,-0.020718595791342744,-0.010461106688311851,-0.009260506583141422,0.0004680328994198425,0.008665451849208255,0.007887374827263012,0.003591516780153045
AS6096,0.011256269347258369,0.047572445608983216,0.06882592668676733,0.11503114595536165,0.08534399685365535,0.09653584623649039,0.0495909845426464,0.032282584767250044,0.006956005955717329,-0.016248724432470437,0.001912625224417659,-0.056328134266830754,0.13626812377714143,0.002284378004462436,0.15133127389743317,0.03222900434268466,0.033929944566344156,0.005711251899343393
e423,0.024485766307098374,0.06496428387698262,0.1357788927294075,0.1487548506030626,0.21865282546377462,0.13800190835090334,0.0892058182149111,0.06269060302897962,0.017379129746308092,-0.01360811034101661,-0.01772003878721175,-0.029729468465294426,0.0564378885754576,0.04871622243236244,0.05747733119502238,0.04715919710007878,0.023392677214879674,0.008815361387792717
e387,0.009169961053147149,0.03498164756017618,0.0709533539330907,0.07793156812296657,0.12575167065885579,0.05233874082510727,0.04446469885668966,0.01833673127544415,0.004374185314445842,-0.007622114556126278,-0.016585685468614473,-0.01848595116484252,-0.011964288342715432,-0.0037391930316780122,0.0020793076549717906,0.004649347724344187,0.003967777031592924,0.001797883803693542
N653218,0.021725860799124717,0.027556244763341144,0.10609794257365474,0.04995366392834326,0.18001938430899145,0.07230967463304122,0.0626338282921086,0.017926178604856978,0.004089734733517125,-0.014836233518273874,-0.028295900440864427,-0.07759877373991277,-0.04615450984685293,-0.1423353436613895,-0.05512640536972492,-0.039098003002825524,-0.005568424596181298,0.0012458511597104557
SA7036,0.008540610399974016,0.03942791144128332,0.06572167237723575,0.08615886234809106,0.07942585886538435,0.06422029004159564,0.044689849924649305,0.01994617969340277,0.003187065790043768,-0.008337072961176554,-0.016658099722786354,-0.028543826525651413,-0.019520252645183214,-0.019299093434196442,-0.008020648260816044,0.0005206426362881998,0.0008276794790158865,0.0019728090281528436
naca0006,0.007235923151071326,0.018353199448652442,0.029294298290858542,0.03519759944410267,0.03162413457179088,0.025021272928405208,0.016319693384344993,0.00828027150713045,0.0021957188427406465,-0.007235899466782615,-0.018353643776387256,-0.029292321216193042,-0.03520193670065603,-0.031618476214757406,-0.025025555296987297,-0.016317564156114062,-0.008280931840959871,-0.0021956055203856215
DOA5,0.01867028537185288,0.054020376420291734,0.08056372081548674,0.1080815805499298,0.10045503152309014,0.11422736104318582,0.07286204726704298,0.039591773768701474,0.014005530697096789,-0.00903171967601569,-0.04596850801259675,-0.016682876878118043,-0.09520257372965892,-0.04825881009047705,-0.10393339583085279,0.00689574925914881,0.009808371550144648,0.000987452197932281
MH30,0.007088352027213641,0.031353326550082154,0.049359973162056925,0.06702646982574838,0.0577475023155318,0.05300772879434558,0.03561781010118201,0.014316434097141912,0.0025779876577749754,-0.00498371102383695,-0.018752478000128244,-0.02714540150234442,-0.026761333287663693,-0.02183511238080433,-0.01360764544042377,-0.0066657576315571985,-0.0015655942191953136,-0.00031701441862882476
GrummanK3,0.023858488247355408,0.04091349211807781,0.08194750593907846,0.07534653480756034,0.10494149541132053,0.09480209936355714,0.08294772384749768,0.041889613105361524,0.015831511991238435,-0.032833376376853234,-0.05663529986192853,-0.11740337387285082,-0.03841183186797056,-0.18417283344279253,0.0011010724616891698,-0.027566343262557042,0.00875337753081958,0.001375299266728434
E1098,0.010779778447220015,0.051686463565685015,0.09735161229384535,0.12564884141057886,0.1504030954655112,0.16370054339707382,0.038872929062935005,0.04207131280854559,0.007838551301926337,-0.011478189271015335,-0.02094409284740664,-0.07461068304844246,-0.015054982125275769,-0.1633708796741735,0.013260776841543458,-0.02040006516634673,0.00929811358245137,0.004002916669829684
goe417a,0.012126688471588452,0.02209034708981146,0.08965929497595163,0.030094925141664418,0.14225605439349887,0.024844784637819917,0.07521105124205034,0.026141220029483877,0.008596152002514908,-0.014395789968454425,-0.03417244505787896,0.12151964698399194,-0.0888546648858127,0.20893735230875365,-0.0807672513721616,0.09441427614753257,-0.027761479121287395,-0.0005616609816653556
ds19,0.00986145369519036,0.03278897902298508,0.056190084703443936,0.0783891242647923,0.05657975076275705,0.06374724532080135,0.02852658123114876,0.018809491658433354,0.004155711519977713,-0.010590123816758534,-0.018946640398230772,-0.028264847251455574,-0.028648043705325425,-0.020411642074726608,-0.014460520892936124,-0.0021874551650640063,0.0031660933095753073,0.0010746192622606637
HS3412B,0.014259203019567835,0.05062693467726272,0.09437404728798826,0.11179058339776358,0.10891084597275734,0.05293123829396142,0.03928396669796667,0.016399977627714866,0.0038733233835066606,-0.006792441224345949,-0.0248707796444206,-0.020817411513827804,-0.030044638239075785,-0.01588726397151736,-0.05057253356382909,-0.025773746345283073,-0.01836185932744159,-0.004752287928877639
S833,0.010210931391901141,0.04285366345014008,0.06885396364113698,0.11579649414852983,0.08143049151049825,0.13991116390012115,0.052313947341565144,0.05931566789843306,0.006984991615090814,-0.014272617601776977,-0.05488742188372021,-0.0824627274098096,-0.11822908386283616,-0.06841711382041345,-0.09054556676781128,-0.005676641683133821,0.009070095689327245,0.005286722225621809
N654221,0.02554030227749542,0.029253662192690415,0.1280588853670699,0.04771153050953825,0.21880463301626515,0.07404742788977699,0.07264157219790535,0.01846881772758022,0.0043433655149421125,-0.016308709749761743,-0.032431907598693945,-0.09348097093964648,-0.05147686711344984,-0.17565482215741493,-0.0593202052948507,-0.04817199356774767,-0.006122392776123745,0.0009372153302344471
RONCZ1082,0.014444528970698502,0.04658503333954182,0.11121440382889324,0.08419035509150725,0.21856543338686973,0.07546665864892223,0.07160974168966189,0.028167812051425056,0.010785714875016549,-0.013276895677009456,-0.030366968258237672,-0.04312487839030226,-0.07763269503545911,-0.025596628840667362,-0.10042372915460288,-0.0213872348776092,-0.006533399407847604,0.0019232073331246233
N63618New,0.02679595215528352,0.04403974320709443,0.11527189192832651,0.10476144275024753,0.17874267137508282,0.09020980328904474,0.07268680172578423,0.026749926409480186,0.008883492675256316,-0.0041988012031104974,-0.04301955971517781,-0.03804058302216914,-0.08148829916437043,-0.07841637286689802,-0.02946580928307853,-0.00714425872714061,0.01159021658654015,0.006688398180497226
E604,0.01535727897466354,0.052572076891113484,0.10016221432517701,0.13113508496966103,0.14697231416828008,0.14865225038062505,0.05932106151841347,0.042609827583984086,0.009625625901027399,-0.009195807968934102,-0.027544535632844154,-0.05533631825834417,-0.051336472612402866,-0.07923236145516802,-0.08332038012286304,0.005279559707676506,0.003860709183326236,0.006589342006496054
S1210,0.013204519780775113,0.07020552503210775,0.08153682786149674,0.15851563400322205,0.13570352745324957,0.09092266268316031,0.08734108120637885,0.04211030739348161,0.02413439828880134,-0.014626086771142187,-0.00828593045309073,-0.04577826188528637,-0.005611897146722146,0.03704107704791736,0.049886500601696165,0.05695053679051379,0.04067919021522208,0.019675884794004058
HS208,0.008229149857243177,0.032442586090209814,0.05065534030400529,0.09384295595085572,0.0460472147627878,0.03976967437916211,0.02258177915351661,0.006199728811242139,0.00034746998138359,-0.00723648369694823,-0.011493628959935312,-0.015179724830267485,-0.029237787938377786,-0.01422236308737418,-0.026377176600737285,-0.016050017487282287,-0.010719849452843506,-0.0036632302842443862
sd7037,0.010512036665518115,0.03938182711083543,0.07150387261287777,0.08199217886651848,0.08888144948662577,0.06089909279762889,0.05052921011190607,0.020843827539622835,0.003727906696927928,-0.008867297823460605,-0.018408511241908218,-0.02599026153920845,-0.019300544726934273,-0.013987324874913973,-0.00628895086088593,0.001301365154537317,0.003571593807495508,0.0019410886217854269
cr001sm,0.008810369283167514,0.034930850542204066,0.06653239786352579,0.07671143017798542,0.09293001263003808,0.06507784646092374,0.054441502245595214,0.025415983069135478,0.009139681057004531,-0.010032523132868093,-0.009360982422025328,-0.015638990254705352,-0.00048370276947598556,0.00839268756678134,0.017631960983593865,0.015562854667126702,0.0097497338345952,0.001673963733149559
lrn1007,0.004885208795033067,0.047178235776262185,0.0459174789763245,0.15376347502684856,0.024886059148088134,0.18415525452215564,0.03401490324482545,0.025271405346126232,0.005619382405294138,-0.0010079069249292645,0.010649150192332216,0.02584556430804424,0.023317346977061244,0.005250741316423842,0.04550811654585138,0.01876676716705081,0.009701014326981894,0.002402844989543122
e214,0.009371344865343488,0.042623710751291684,0.07122874993185552,0.10626998638431147,0.1078703901695571,0.08964503750793038,0.06175233698333085,0.03700071139874476,0.011095942598505786,-0.009437652417159914,-0.017776361280513783,-0.03534551169574491,-0.0037987417928039844,-0.04907187212871202,0.020215411889344392,0.006071626509353153,0.014151816261301723,0.005698938365792831
DP-1.89-7.83,0.009642731650778733,0.035565008897661746,0.06130983523877382,0.06448837470144514,0.06416663405801491,0.038824109945552576,0.027802836839475206,0.012808254414093195,0.003396059983279139,-0.006398414299061608,-0.018759632787281183,-0.025158832826657963,-0.026321802069236816,-0.011167028869066278,-0.015570288730421284,0.0030774793749139715,0.003495358486773253,0.0025263986799416616
DAE51,0.010831842591169408,0.036020333936285,0.07287430992014422,0.09093617203013739,0.10394852856852844,0.07950528461509429,0.05779186585230769,0.01977277454111261,0.008085527155288734,-0.01185953229508633,-0.014795050813298335,-0.02372303708834526,-0.007299931644924672,-0.011476625718893957,0.011368621439443529,0.0028874339814671432,0.007822463686314582,-0.0007272096802262709
MS10317,0.021588504621830703,0.06525574118816319,0.09376983440040988,0.08999306991169485,0.12607765998938034,0.10059048557637701,0.059081214466368076,0.026688884167156486,0.01001632928601412,-0.016692681286647075,-0.039386252517742776,-0.06482889768400588,-0.06846047775916762,-0.08164941968205032,-0.08493168208768646,-0.023219739086267028,0.006318813523899511,-0.00633982879458413
AG45,0.008581083061153634,0.03281065714817353,0.05264876126086774,0.05695309727964682,0.056449361502443056,0.031408126173337055,0.017992224592613643,0.01184149702755934,0.0033059194604155334,-0.007277381914494703,-0.014396864364809884,-0.023080499542718687,-0.00978586996242317,-0.014386566151747441,-0.003304670881236774,-0.005362636847609317,0.0010760860349719786,-0.0007404834285101757
S1010,0.006895412515910333,0.028336891461876415,0.02886086028536949,0.03756207150560103,0.021797429832545113,0.032086260735801654,0.01824955960389289,0.006920314951984972,0.0015532011643334875,-0.006898099678098035,-0.02832761318648738,-0.028878449726336426,-0.03756404582047219,-0.02175549601970563,-0.03212582814703325,-0.01823158831602986,-0.006924751894669603,-0.0015524154477912274
AS6099,0.014356881970619049,0.04941720118684585,0.07776094948738134,0.12603097963918916,0.09632106183970338,0.11883505131359764,0.058399180646544036,0.046829334801928,0.009873101592983413,-0.01760089970686849,0.0033566159400166013,-0.04411620039942174,0.1338605528804234,0.03291002681049156,0.16022150038752908,0.046397548830287516,0.04702824853580686,0.008346453955698182
SA7038,0.008557777271087837,0.04170180849708385,0.06794834713381306,0.09120313016860587,0.0836034115315876,0.06941727008301089,0.048684753638999885,0.021960802503988238,0.0036566772811272813,-0.008920332355281264,-0.0168889725142922,-0.024853358449108458,-0.017716734736013415,-0.011190885158881076,-0.003252745019788732,0.0038839309944570326,0.0031030288703817683,0.0024049222261604258
ag43d,0.00886573728721759,0.034227400139514905,0.05366195796827212,0.057110809805525804,0.06139370529205233,0.0340780845082173,0.0285587141148119,0.011789492118597889,0.004181065288658859,-0.007207674551063431,-0.015140492369523313,-0.021343833288390783,-0.015444262929713128,-0.001594449866398707,-0.004743170491395085,0.014476038901220392,0.0017752346031745427,0.0004675459120244671
RONCZ1080,0.015993653615677533,0.047720762738355155,0.11257236559186821,0.08435031573886752,0.2007836027394377,0.10485931275024855,0.05340798365755974,0.029886080200972456,0.008178890532649611,-0.012656042593455675,-0.029689022036103834,-0.04162683696112291,-0.08145317910209984,-0.019339406085915806,-0.11088946756432018,-0.016773981405847255,-0.00966649411908107,0.0014308017894235597
CJ3209,0.003017735783465409,0.03026544068647776,0.05411154644418487,0.12136771892790482,0.011775921010097114,0.10580660525870186,-0.026279007143745734,0.014811766093715843,0.001918742648167114,-0.010042486209172669,-0.011703547058986926,-0.049687559466408626,-0.013723157523683662,-0.03413752204935825,-0.015020958555833474,-0.01899040940045893,-0.019921420012800336,-0.003046044697236087
SD6060,0.008068954194245257,0.033758079153223604,0.06438645823102944,0.07123238081826819,0.09128536121489361,0.059427297085666145,0.03831396485740463,0.01390123152113552,0.00195553252802631,-0.007310682412837845,-0.021841609377670115,-0.032261490006294184,-0.03755889133116422,-0.03477613921437369,-0.03435606196880168,-0.01671392553622623,-0.006543303541505311,-4.870770766490307e-05
HQ3512,0.01389909624455171,0.04497489651735321,0.080775934009978,0.1110266138986936,0.08979426117830204,0.11095156749734374,0.04963006066246472,0.028972762332277382,0.005561783623873768,-0.010210417536207217,-0.016594757253339764,-0.03529224971949463,-0.018538141088299258,-0.04573242921317726,-0.012244071629509532,0.010293300318665,0.0064608588041513175,0.00342349402365016
sd7034,0.013180826607839778,0.04470266399140103,0.08454941234438486,0.10216545442945095,0.10233868407344539,0.0807604126221756,0.04564529588896693,0.017708054440712533,0.0030487115369782713,-0.01088554497598346,-0.023150288568758042,-0.022954634760118282,-0.019165672837690308,-0.010888504460786892,0.0008802298424474721,0.0033259557694305846,0.004031873564543819,0.001825653411243743
E203,0.00996686956605146,0.039537303731341136,0.07528795539302575,0.09218753315409206,0.1298305493224806,0.07096611174376107,0.04911965589589402,0.028839904996144423,0.006195703367909732,-0.008728005747753998,-0.030428697861239366,-0.04298720347110207,-0.05878162534753962,-0.05669515329330548,-0.009130527816723914,-0.01165354512965387,0.0009043048348285153,0.001560080230992572
Merganser,0.0040169716469278735,0.023283772980435376,0.061779154904954545,0.09103343650665231,0.07694373767820058,0.10488754630563567,0.08707333982573763,0.051300274238311384,0.01559686939864876,-0.004331872975254598,0.0016111137727835379,0.022523881611409505,0.06180259375854775,0.05911872557525251,0.07774554099849575,0.07546284664796749,0.05544902069096127,0.014958003608139125
S8025,0.011494352818720611,0.030053813297543988,0.05254517022661231,0.05504442874671416,0.03238929600954623,0.03193892318947391,0.010106776584074441,0.006555363697065029,0.0017300292758535105,-0.008724923119974463,-0.022649631626909923,-0.04089115928321612,-0.04243954226499669,-0.028966486179059833,-0.029583005650089502,-0.008968162638523697,-0.005690070476260937,-0.0014728153832139163
TL56,0.009861395534546855,0.034927047733026184,0.058351208250037014,0.07045930497768789,0.06184461914013591,0.04363671794181289,0.023112451962634412,0.008688064014674025,8.635489771758254e-05,-0.008204076433766047,-0.02941266106086451,-0.03274241074524656,-0.03800437771173635,-0.026023470170331905,-0.022340009091504406,-0.015389966151049702,-0.008643057345949822,-0.004996869809815958
Sipkill,0.012971678022511403,0.034250336008344796,0.06374429617552381,0.07915320797619392,0.070815589554303,0.060353751932481436,0.026776995252608883,0.013029295457578213,0.003236241774655984,-0.008046318462693915,-0.021647844336904205,-0.031511737955168574,-0.03467158215419068,-0.03437316785180865,-0.0339831212114706,-0.02509627087705207,-0.012193396746353478,-0.00311413930435211
DAI1238,0.014536461986005871,0.051855865733189115,0.08959813294083267,0.1360787486569199,0.10503919180034371,0.13720699789848326,0.06122290607597141,0.02297535798894154,0.006046212706380925,-0.016068742182871455,-0.021082928805452372,-0.028248257564188115,-0.016220599822354135,-0.006620553796412079,0.006762993272000292,0.01432382726286567,0.012024444748534176,0.002789262002233186
RONCZ1046,0.016291330690458034,0.058107346817934565,0.1266596134806589,0.12419676371786445,0.25943611831894153,0.11399425053974593,0.06712223475178285,0.042910714827182665,0.00570449191563921,-0.01398187041167996,-0.0204104684716493,-0.03826340710715245,-0.02064139359416126,-0.03515661805381995,-0.012037611423880022,-0.0027467719738316094,-0.005523948660216168,0.001770097573245012
hs179,0.009764667153614931,0.03250442979883118,0.05520379023443664,0.07475655600316315,0.06026267139561492,0.06512879321740087,0.033767888554212006,0.019601416162263616,0.005173095229637252,-0.0067722998369979266,-0.022015152979412426,-0.026988505155962256,-0.03937955125780074,-0.017416753927004907,-0.039059090253171044,0.00027667905676385365,0.00025577488155980775,-0.0008761061313208706
S809,0.012302323112084028,0.035287063382591834,0.09773105225746634,0.04928647186641238,0.2061760639478109,0.05152772148471985,0.04392384257900685,0.030294951885772938,0.003540248994203756,-0.008744413338233009,-0.022533911570947886,-0.09295300155949521,-0.04014278697259711,-0.2828691964363793,0.018865377587870564,-0.049375131299379524,0.003778702275370791,0.0017769424283170484
ag42d,0.008582520144095586,0.03396606481539364,0.05463392307003908,0.06974969291103154,0.06177970172708017,0.04501616284978567,0.03305995528786835,0.013436178953030804,0.004765668763294291,-0.0074852434757369845,-0.016822970258825138,-0.02418722571870248,-0.018399843047497495,-0.004384410761689574,-0.010386483558469727,0.013086829471353362,0.0001853094333892673,5.066930687649262e-05
RZ,0.010667780946973598,0.03805510748923307,0.06248327056837543,0.10331832629788305,0.06742002331885702,0.16372535292029014,-0.011369639835270137,0.011396673574762295,0.001854611236677369,-0.010996050955997734,-0.016569271536233894,-0.031026198646970947,-0.02601010316953539,-0.04012325912396314,-0.02940254603414719,-0.034840815064093617,-0.023002524366049992,-0.008351309657424737
S7075,0.011729961795110223,0.036929309283068035,0.06516131033627895,0.07907690126286918,0.08937061740144184,0.0608015423535497,0.0611377522687285,0.02131116574844124,0.005646317569072737,-0.010348269019320547,-0.0168362114290707,-0.02935528617913157,-0.01464292826253357,-0.021004321501688458,0.0037941369378514792,-0.010617770372181305,0.012662856410963753,0.0005869415518236704
HQW2511,0.01251282239938103,0.03696780532802295,0.07223456930347265,0.08632189858952351,0.0872018317962991,0.08368986660334078,0.04682969331589903,0.02633751181568468,0.006921685761778964,-0.01031463554154639,-0.01876285059144006,-0.03919097211801046,-0.025771427499955882,-0.04280468384154553,-0.024617401908558077,-0.0010297834975054993,0.001931372381508144,0.0027994830539895916
naca0018,0.021826314283718822,0.05463738912975364,0.08929790434436834,0.10241876563986624,0.09989462939227119,0.06933342982368357,0.054107960818211245,0.02312411676374053,0.010183714816280833,-0.021829266273950095,-0.05463114406605465,-0.08930620165275163,-0.10241208877411295,-0.09989889939461388,-0.06933138011844693,-0.05410862360849398,-0.023123966331216966,-0.010183761101045904
DAE41,0.016412504343691032,0.04239973795817174,0.08078345664803199,0.09639730984343231,0.10178186981858027,0.08295919762463201,0.045081205004520224,0.016003470529436428,0.0036154814707482406,-0.013538300907318463,-0.02346945409051155,-0.0369471758610863,-0.03262520220242871,-0.030778921715445925,-0.015150386618771267,-0.008070005742833945,-0.001063474087478061,0.0006417099780079566
N654421,0.029625951809813627,0.02950049741292432,0.14038943607937185,0.053912308960622754,0.23201960682146636,0.08725446568595917,0.08196219470231075,0.025644352671930704,0.006817938890410797,-0.013797646555939971,-0.029017040450195295,-0.08783027247838947,-0.036581280005395164,-0.16902985440331209,-0.043014506038719855,-0.03973624022411928,0.0010913072694721357,0.003268720915753456
TL55,0.010665244890625305,0.0382944294762736,0.06313570836295516,0.08310122875984925,0.0655883566433868,0.053179713093444755,0.026086803783204902,0.010953014009354601,0.0006128233064693047,-0.008434435856994812,-0.027922302515942337,-0.031905576913662054,-0.03372911557799017,-0.02435517262642372,-0.018442092236198075,-0.013335432628041245,-0.007113710667470748,-0.004355793646922223
S823,0.010653524551200019,0.048819300848396294,0.08028740511850603,0.12280613689071772,0.12707362494602972,0.09677528682817622,0.06205021351348588,0.0342866819959803,0.011571726446521402,-0.008629244443089296,-0.06848752117541138,-0.2060658550300813,-0.047304771548540306,-0.16208934083301405,0.00787900687607505,-0.022437645966548302,0.013919298225986707,0.0056014093513993045
S822,0.010547954579935891,0.04268039170769111,0.06636979203182236,0.11241401185343465,0.08360579159907124,0.13577694254980754,0.05417468069583294,0.0310818163156323,0.00638880144406845,-0.009069421971477096,-0.038348324631032805,-0.0592041523610648,-0.08258938635833478,-0.06186053440003725,-0.0681128135560332,-0.028025455860491027,-0.005119500307737071,0.0019967000988233654
HQ208,0.008302842641770591,0.029272335165618505,0.05501195784443188,0.06166945845565001,0.06565848548100167,0.06392597362131924,0.03299216458969766,0.016956822686966345,0.003933301392138105,-0.004518613272040359,-0.016737801943601267,-0.018506327230962016,-0.022464887471726265,-0.02819701587097386,-0.01666819392191745,0.00600817746166806,0.00225605232673664,0.0011443514013106007
LA203a,0.02252766498386139,0.05198913808556976,0.10579838514661956,0.13528732368428348,0.1661936082082562,0.13452520385013236,0.06491907731355719,0.03549497078926245,0.013415985895629328,-0.02928855414204223,-0.035132989518282594,-0.03737577861588019,-0.015235991787999718,-0.04813999052125517,-0.008073687607247063,0.018547793250749497,0.01586144825357387,0.011682837022424852
N644221,0.025440562952810847,0.04172247809282352,0.11447409657591325,0.07690866124954232,0.2077218018076006,0.05734313078723768,0.06835084274415089,0.01487542795992858,0.004196647673272198,-0.014640310085962472,-0.045772527578347905,-0.07795110732232105,-0.08404250464432499,-0.161001607793459,-0.04312200553124357,-0.0456834547046508,-0.0013646938526052984,0.0007644858079233995
DS21,0.010278562642566992,0.03199965850605707,0.057183405864314876,0.07134492048844783,0.062294384613838016,0.05744838021497146,0.028328039057894744,0.01734915706158811,0.0038474534417384113,-0.010722085670338355,-0.020099774478955862,-0.030474510812496334,-0.03237664756640995,-0.01959312722625844,-0.02189744222291927,-0.0029839158865701083,0.0014040729891895917,0.0007670424795671096
TL54,0.0141345983172297,0.03779992157317098,0.0711824679388604,0.09692036762540696,0.06640360609173981,0.06609026611267099,0.03061431045930691,0.011337180244300294,0.002220744107627997,-0.009400863212834745,-0.02439969696743447,-0.035932206816750516,-0.02492555594774077,-0.024559376867383215,-0.018092604723463544,-0.007219995470736533,-0.008512252347267855,-0.0027478236545835106
SD7032,0.011006397852213901,0.044226268531943586,0.0778136151306702,0.09949805041769962,0.09257009530893841,0.07635821495822398,0.05293752621059283,0.022863002970284745,0.004327240488861902,-0.009378962788912723,-0.01633943751527843,-0.02708890092808369,-0.012048405480997901,-0.017430922248466693,0.00264651337863359,0.0037230272478944774,0.008545014924430378,0.002717170116745266
FX03182,0.015302266368310337,0.04111478989324204,0.09792266531531374,0.08897581651501302,0.1738394736873336,0.1173008133834929,0.06652516490600295,0.0328574213218141,0.009932563287150786,-0.004379040385400532,-0.030239192711292443,-0.04961586845740185,-0.051524817812686224,-0.10342793384756091,-0.06318534516863727,-0.0017582813798662847,0.0029587526799015125,0.007314609598779065
MH62,0.011701779524162537,0.03048700135198427,0.06387854096875123,0.0790045130658878,0.05210711357331547,0.0657945681808555,0.016630597299057085,0.004536682274951454,0.0001885541705148488,-0.007856867981875869,-0.02017901763631089,-0.037958105794241644,-0.03907493651020053,-0.022427446384181964,-0.024874227676840298,-0.007631616071895513,-0.007190459341705549,-0.002162514786949962
DAE31,0.013255298959656579,0.05692392801347956,0.08802456324167687,0.15008190116782996,0.10732661359643479,0.1516311999941329,0.0675225144234643,0.02715161462155082,0.006736443515408398,-0.020336846803334994,-0.013591253325502938,-0.02190769457465188,0.0144808569965545,0.010204156848151916,0.03676933851051579,0.019445686887104748,0.012769741117138479,0.003117265462823671
AH79-100b,0.012102287962898995,0.03994946015271279,0.08372648861796395,0.1242145304216949,0.11683225804922127,0.12741261204418042,0.06492705898985165,0.041021933912513034,0.015064181036860892,-0.009058688719707952,-0.017618656513956412,-0.0002676901062678406,-0.003346347574175445,0.005616235463522734,0.04698845283981265,0.032110710164356134,0.029974532675414604,0.010539253432727803
S4083,0.006826965688828253,0.04160016797588789,0.059928476263907425,0.11055064628570749,0.057031067256156955,0.061263121319290036,0.039583283613209744,0.021388522503539564,0.010404604126386774,-0.008887903026765728,-0.012099525798618787,-0.02113413015653163,0.0011451994486944082,-0.00807326004559545,0.01480003732077007,0.011646533122635987,0.004701338071250228,0.0011879542786537264
N633018,0.012502876780543378,0.04851200592018013,0.06805304663175143,0.10343513384917208,0.12113826940845789,0.06300208957506778,0.0397168641152676,0.007076229804473681,0.001343348745576771,-0.012504886925683396,-0.04849405756289143,-0.06805267529638015,-0.10354538464105544,-0.12085587405140456,-0.06332395389067456,-0.03951195536549951,-0.007152959287475611,-0.0013297787609343002
FX05191,0.01598426673027254,0.04542968677134406,0.08524103706637383,0.1182763757180283,0.16090013931626965,0.1055754846655112,0.10477154153122582,0.023613046030626535,0.013396672458677922,-0.01350793197409157,-0.03253823101223933,-0.04806346358565128,-0.08631738732239908,-0.07346227568169808,-0.0840258052058904,-0.029528309317164183,0.009978206324868814,0.007410049986944812
MileyM06,0.011598901083508893,0.04096833399478944,0.1349557719171593,0.03715763211377533,0.2989244205289893,-0.04049160995872223,0.061919727234374104,0.002666218661400583,0.0036602386554608164,-0.007477023383861736,-0.009591191407157503,-0.019730668564572222,-0.008020825159242073,-0.01852893060713003,-0.004025797111008925,-0.009614841801707791,-0.003270897451993643,-0.0033729280424267256
LA2573A,0.019572631918119955,0.05612382373263539,0.0646125956137735,0.18863754991936943,0.06650804903046997,0.03898407207504596,0.023082244219756617,0.0026851008006542705,0.0008674787063771174,-0.02384328302486652,-0.03907480363265651,-0.02858623982201791,-0.042483556498679804,-0.0408060780436612,-0.025302992939745812,-0.04476196940816137,-0.009850016784609264,-0.0028175808371393458
SC20518,0.026717326242259434,0.06094270451768821,0.07532634116072667,0.10413302811730812,0.08460277084724886,0.11461371025890243,0.042484912707484,0.03525750681449342,0.004828462675086702,-0.027363959866596173,-0.05711622949501843,-0.09323133156553774,-0.054927830656413594,-0.17062687739565535,-0.03300432916865218,-0.057142044163362715,0.029059452090225053,-0.009028736165423688
RG8,0.008816011092768186,0.037549996546726874,0.06254856635695102,0.08830706737811268,0.07540683847001195,0.07507949395929112,0.044723965207250235,0.028817367548172285,0.009112257343180469,-0.009050322068313991,-0.02319594357386335,-0.045866746739704894,-0.02039216981241604,-0.06591144252511058,-0.005425905925738664,-0.003736109732809834,0.005568128836927346,0.003486873202804095
AG24,0.007444533680313726,0.034289403816476056,0.056404050454245735,0.07695367381093775,0.06285982297883393,0.0581046016833271,0.033334496420214584,0.01704334228760533,0.004257864670390265,-0.007575057840616337,-0.018658902547160242,-0.030801038361939988,-0.024928925352377774,-0.02141581764512565,-0.0007960492822467044,-0.0038028151947794575,0.006186480094290199,9.595854404087293e-06
AH79-100c,0.010596475522773508,0.043428181262523805,0.08583082370796545,0.12594321416659768,0.10974833649114346,0.1492380513539118,0.06480118884943815,0.059021843114467246,0.0141341410993201,-0.01002327722320783,-0.019208891917595276,-0.0073285642875636,-0.0010402406195379476,0.03347696877040382,0.02170924386225084,0.0323876590766569,0.02072363476213031,0.009072067970357343
naca634_418,0.026127954350033126,0.04015497930506203,0.11028269474406906,0.08735458249924156,0.17586211455513073,0.07233151164273656,0.07252149341623337,0.01891507304894593,0.008169539363217205,-0.009348365319470595,-0.04269602001747588,-0.04977163543943351,-0.08955897790777918,-0.08431156183986373,-0.054036851691126424,-0.014200355293400288,0.0011551435273312218,0.0056319975587250356
ag26,0.007677409413632498,0.034060241177466956,0.053217342131337025,0.06694803872070726,0.06257368080661363,0.049291444263455664,0.0310931343956989,0.014946526701658677,0.004327134748801476,-0.006956904357725477,-0.01574249401646529,-0.020083707297504153,-0.013563198520503248,-0.005762994418341576,0.010615172160359454,0.002652808139372043,0.006473316523282783,-0.00017471937438973966
AH79-100a,0.010211294785519747,0.036939520558714134,0.06466763976752976,0.09525438520493408,0.08716682968100135,0.08062748855624516,0.05196142580994041,0.02396754037819659,0.006851423462895208,-0.009571861566810044,-0.02250506135873596,-0.027363498775242252,-0.032159626113630976,-0.024096396804136784,0.024387541662693645,0.009211376508314776,0.014065048848759615,0.0020629836814702422
FX63-110,0.019970609030999807,0.042658099263695036,0.08280533584347118,0.10426213137439838,0.1035390665757358,0.098826581219143,0.0509226170352259,0.031330850797596115,0.010880707666963422,-0.00214152897892338,-0.0365231614016527,0.013162569034644401,-0.07855556999342557,0.029080442068816374,-0.016368393573786354,0.03801168102825745,0.018147469576803254,0.009746357489269546
HD48,0.008962509772550942,0.032704138964196175,0.05862820675745749,0.07371009924164375,0.06890823229918035,0.06143743498318294,0.03485630304308986,0.018988895537774678,0.004808575998902163,-0.0074766535166014775,-0.018737553232465367,-0.022358622244476108,-0.022718573086310728,-0.007487313878384445,-0.009089612037662939,-0.001241799640721199,-0.004778737558781721,0.0005219099131716548
S7012,0.0068032121602485725,0.03436553944147672,0.054228365896249006,0.08217677097844332,0.06696928315334973,0.050176516135056394,0.03309644268589078,0.015490105006737602,0.004681891150978793,-0.007427570465204004,-0.01770468537815396,-0.02998087100663224,-0.027001553268864758,-0.01975359856134281,-0.024851982639778464,0.004293543830467125,0.002373147107921995,0.002615861778217954
N633218,0.020077875015732674,0.042869471864570734,0.08823707754650711,0.10373201652930845,0.13716125758808664,0.07550839750375031,0.048472519723986106,0.014493674644673975,0.0035141366324366583,-0.01185603794686026,-0.04296974942895753,-0.06368814658722505,-0.08987319994675266,-0.11127101588226823,-0.049776116173760626,-0.029272243658029343,-0.000825895364345006,0.0014287391011645072
GU255118,0.01745293139782444,0.04749424364268827,0.15319329052832417,0.09548614131435643,0.2887607535478743,0.15491037747987668,0.08376019268434019,0.04325034255133269,0.010978608856589408,-0.011588026739559113,-0.027030619997610923,-0.026969091675536457,-0.039083469531455216,-0.03225173134874289,-0.026129543326029687,-0.00794855464992226,-0.010318903038151216,-0.002879645340116609
HS308,0.009133237405507805,0.036455446659751915,0.05471157455207843,0.11988942684791778,0.04495699046649322,0.0476148173247032,0.027425550705265818,0.01198567701609077,0.0035258671719852444,-0.00554447502445154,-0.016883392953764495,-0.00039561088349123076,-0.014898758077528355,-0.001466870063435025,-0.03361236746601141,-0.006471139346328311,-0.013620412363170966,-0.004262243460015119
SD7080,0.009722353415369001,0.038127570808371126,0.06724096875167504,0.07827322204472807,0.07937601129965721,0.05685872101432421,0.04689670792235077,0.019234665786052502,0.0032572283970375023,-0.00857121951032903,-0.019752836881789762,-0.028010159369771623,-0.02453534835050438,-0.02077045577500328,-0.01193767566127986,-0.002410473325515619,0.000993356148917993,0.0014231366297997865
eJ1,0.007675482942948219,0.02854189077687004,0.10528075601352738,0.036198028994662436,0.17897577062428463,0.011748896798637698,0.08863433216013007,0.015320885546121392,0.012598177047819813,-0.009176917956769533,-0.02248167044165029,-0.03344828481435152,-0.07149407298397817,-0.02604621269852729,-0.0468232877140098,-0.023008434854929434,-0.009998991627935525,-0.005877471653551316
Phoenix,0.011348413431287308,0.030698442341418296,0.06834029189354071,0.10124118705883188,0.0506868095604114,0.052319130461548576,0.01577447929051026,0.009641012023905408,0.0024311117601723154,-0.00414192426578886,-0.01141002200090244,-0.010533285946836344,-0.005805543992228466,-0.026384961303966257,-0.012980696990390714,-0.017893280076109297,-0.012473870716614488,-0.0038973319395538483
AG37,0.004082108599936997,0.039496453370206554,0.04037713774532298,0.09483480841954661,0.03851723704694339,0.060351675797153774,0.02520068060656454,0.01915473948913327,0.0043344298590843305,-0.013542426653664036,-0.012319919275471738,-0.03637791695743232,-0.0018217571943618253,-0.03669227928109264,0.006868070068704814,-0.022050562010217743,0.001030642583829854,-0.008011464732441029
HS522,0.010481701091415085,0.03820441958405548,0.062222498142506216,0.0773448406609886,0.06713837318295655,0.04746214343666347,0.020387226879647714,0.008252622585721452,0.0007055218131019617,-0.009350990165581816,-0.016230601809305842,-0.023586903853297897,-0.025921872857432172,-0.025712110858111516,-0.017326435790818835,-0.01144116387376692,-0.00628430198117393,-0.002387779421886197
FX2,0.013905856226050868,0.04573444666658877,0.07935109342570891,0.13290502727116216,0.13467350926655033,0.13790095822568763,0.15262270042038234,0.022093828983584658,0.016069088058238076,-0.00716102499009768,-0.04079083449713865,-0.03648271612059204,-0.11498027639574343,-0.028132164536534818,-0.16968233728877494,0.03228574141819198,-0.006525118609677447,0.006543561101767042
FX66196,0.01399261143611684,0.042486945702723024,0.11843323460444,0.09496304012166035,0.25454433280367955,0.05921907906322122,0.08870296583134499,0.023393439674954723,0.009870402746733167,-0.009184958754442592,-0.027062923422832112,-0.06011840078854026,-0.0311990652013891,-0.1447141177227533,0.02189104820294673,-0.026988378815063666,0.010216336802021784,0.002625044000456976
AS5045,0.012304833942554244,0.04629896827691346,0.0662456538814449,0.1112966730540809,0.05924838075106896,0.14252229112155593,-0.006496388750829624,0.02859406279291082,0.00805904837703912,-0.013707235484670751,-0.016307421007033696,-0.07378746136203718,-0.04134671442094051,-0.09559652058607956,-0.08320884769898773,0.00985836974897813,-0.006083755315653768,0.0018432739761516004
N66021,0.01984360197248539,0.035955771905061946,0.0780804391593826,0.11420041925539609,0.08446213983065633,0.16797127372846307,0.05049348424700988,0.021352145402651318,0.0016318618327446474,-0.019843623976412775,-0.0359556474260634,-0.07808094244637402,-0.11419957740301583,-0.08446336798735805,-0.16796986897867297,-0.05049456472030669,-0.02135184730610533,-0.0016319281245689328
ag45c,0.00928994368081216,0.03514186451391076,0.05687408240295203,0.07085532781585668,0.06381595989074447,0.04286181979783825,0.03172189364658436,0.01366685252557733,0.004204983779876201,-0.007190253962800823,-0.013039187070407337,-0.02801728147742925,0.008323003323995848,-0.027907149321478954,0.02065707626606545,0.005589937903435429,0.004439436403431605,0.00025861638350408047
EH29,0.007063643312110066,0.029350089336682948,0.05375614797633608,0.07036540676972836,0.054379226842416965,0.04007494334123787,0.020774604845792098,0.009473728213356415,0.0014752022946523554,-0.007098367422027253,-0.023426605511765612,-0.033161578645387615,-0.038874189220096646,-0.03729475595521439,-0.03693110276832074,-0.01993568372602348,-0.009597200949469021,-0.0014534514065661882
HQ308,0.008966270275647933,0.033489846369336135,0.06154443013966408,0.07288699372674666,0.07517935015829105,0.07547825963316139,0.042267192599202114,0.022302286379569547,0.005055037187275774,-0.00378472023958639,-0.014016785319766032,-0.007529579165950305,-0.015602392529511299,-0.016482158199769725,-0.005825512321904823,0.015745155005604583,0.007301724597959342,0.0022669259627265386
FX63-100,0.01831935043807464,0.03982779394573449,0.0777329377898286,0.09718038033373042,0.09860329387824901,0.09382875922020104,0.05005190667974008,0.030757780284219445,0.010806189223791859,-0.0015017409393555737,-0.031738359623801435,0.014451621061717847,-0.0664698388777081,0.029824855470593256,-0.009249406421911126,0.038134200546185514,0.01889146662506511,0.009790280374107656
N633618,0.02695711942930993,0.043815156918508354,0.11579212832516927,0.10403296071028428,0.17952753948241085,0.0895907681753608,0.073016994208932,0.026683651034618713,0.00887509014846873,-0.0042696341101995765,-0.04296163574927708,-0.03814987726548113,-0.08130229784123663,-0.07871299706770475,-0.029101779800610964,-0.007447901774299381,0.011752610411655191,0.006583315122915635
FX6617182,0.013223465918690214,0.0446878895319488,0.10843945012506036,0.10858474820897125,0.2327337619464147,0.044637960310511066,0.07738248573762861,0.023826894327699924,0.010868919260307253,-0.009036595776642262,-0.02391701819356998,-0.05802957383184495,-0.02515840126736687,-0.11980072377221206,-0.007627859755483586,-0.006681448656387911,0.0038062666424108506,-0.002206794018875554
PKMB500,0.004490733218364577,0.041149883179382646,0.05389960327753081,0.0985411300483545,0.07016893741884517,0.07804629681402103,0.0424487471564025,0.027344684954509185,0.008734336646750716,-0.007007788440015989,-0.016741560694835476,-0.027403051912415478,-0.009689334727597176,-0.020980177253700414,0.0122083721962037,0.0008906595451402303,0.010978765086057038,0.0029674709338421926
HS130,0.011347388616363628,0.0376132444823526,0.06302509705945222,0.07928728318505264,0.06694551866344801,0.05501396538703964,0.024377979513951212,0.0077158849340047105,0.00015255358952863515,-0.008220357461708452,-0.02085132361208555,-0.03193890135357643,-0.03453589013522024,-0.031086469440172633,-0.03285172991928079,-0.022084012309969144,-0.013928649136568261,-0.004442537388113264
EH1917,0.0054743807285337395,0.023533999646635374,0.04399711431411837,0.05834754236198253,0.04413071331053461,0.031513777797372244,0.01628258814499017,0.007330118145728739,0.0011666834054682147,-0.005492301197545904,-0.01767151438705341,-0.023246739279590697,-0.027144711823136367,-0.02669857326591162,-0.0285720493542837,-0.015355792417995206,-0.007489647774160678,-0.0011266155699808586
SM701,0.013315805622855226,0.061870220717145714,0.09415212995556126,0.13781651536286288,0.08592763395923511,0.157274701321134,0.04072480247925983,0.051465253182541866,0.006894735150048291,-0.013902726319976641,-0.022445999826607183,-0.06215599120705841,-0.012702227955923706,-0.11677202679138546,-0.007267052991181096,-0.011107278802732549,0.0104309483219877,0.006531835442098156
rg15,0.007608488119283435,0.033797276775736254,0.05228201443186517,0.07751134017469233,0.06148795714977978,0.06178721244609184,0.034282614221816436,0.02117611549143814,0.005958950663420408,-0.007078586821975758,-0.021392527366376746,-0.027375507796167035,-0.03676587587762767,-0.01720932317157794,-0.03836760261138964,0.0033614722789966135,-0.0008874078120008551,0.0022058462127269845
S5010,0.013996166715908916,0.03639724165887304,0.07381283225318476,0.08997777962563032,0.06754838882936538,0.05997697584767876,0.011844772215556887,0.003000844473436112,0.00010619831896346716,-0.007541177924389887,-0.020311236577157957,-0.0273444362858802,-0.02812987354322235,-0.03389458865059828,-0.016037479328015653,-0.01536044233589888,-0.008350591772422067,-0.002444966172202905
HS520,0.013395399640540213,0.0354652921249729,0.06750826222197873,0.08253875966111393,0.06429428651719273,0.05064330686706647,0.012012130097594543,0.003683292129348822,0.0004745915041022551,-0.006668219304591307,-0.01801336552402704,-0.023042936673294455,-0.021800320477054602,-0.03091479174864382,-0.013068341235216828,-0.012887219669066724,-0.006840073846830635,-0.002015349026617391
RG14A147,0.007998717150492494,0.026172818763797977,0.04561600717700015,0.05735138326630473,0.051769280496282925,0.04557989082281145,0.026208050185387993,0.015573742055738013,0.004163057486562331,-0.003876235138742368,-0.018050111612252954,-0.017694301503424666,-0.03175403434546002,-0.012552031608516857,-0.02292473550072283,-0.012463690732791832,-0.0013708715835264995,0.0003686779688014858
ag35,0.005746065786289836,0.03882074373655399,0.05167140333487632,0.09110230474164273,0.058725511934404805,0.05981104357800378,0.03268502084270979,0.016183063169821748,0.003511572914407896,-0.013648367231098815,-0.016039545370026165,-0.038612087366004244,-0.010733945431431715,-0.033051853610609166,2.0501647561501992e-05,-0.01994186221189202,-0.0003674860588448071,-0.006934250449352862
DAE21,0.01626206377671218,0.05242275003587617,0.09734153626775034,0.13925985921281533,0.1284397149616656,0.15061200394050273,0.04744399381956797,0.02405241500954249,0.004971181311986514,-0.017664206242874167,-0.01396046040671777,-0.019520342530840763,0.005436661512474335,0.006535434100603314,0.02732209581122603,0.016688676230055165,0.010736870903263425,0.002697998799724283
