AG38,0.10965827257747325,0.1525939618458148,0.142549414229859,0.12779863263399777,0.19675422988478172,0.06956868413684551,0.14982461943950717,0.18521054653152189,0.08025452433869343,0.25774991123904906,-0.11726188326410088,-0.02056614541331438,-0.08682021887541586,0.0060192085668183655,-0.030465600459293328,-0.09243529364431807,0.08826430656543735,-0.1608975744583658,0.08163106760970827,-0.12670962611372938,0.03131408951925495
EMX07,0.11945173211852923,0.2604923900966621,0.11275434093191995,0.3898721667831298,-0.13911650824733734,0.4948735670736238,-0.19818349131183366,0.337750331370337,-0.0631776080316603,0.15116241171566755,-0.11922695173330479,-0.03601429898537308,-0.10028913722242995,-0.0009904137001679443,-0.17183609439365932,0.026744173879750314,-0.16584523600868986,-0.10575859864560459,-0.06802189966575785,-0.20953439887910486,0.03624630070437058
ag10,0.10303731117595093,0.13452906869268702,0.06155887620636126,0.18677746119205044,-0.0721210847976654,0.29931843282063125,-0.13927536047469005,0.2784295709638635,-0.05468552782558418,0.19451434372676574,-0.1106267612835489,0.006195625411105566,-0.05438231409549464,0.023540294684746874,0.0185585154854946,-0.06839559303689319,0.0866572424013752,-0.10023205185786381,0.0694534050439285,-0.07335921676744095,0.016045980549995106
N634421,0.23893009859399852,0.2708788439482569,0.35828017106788235,0.26156647117835996,0.4536656932988032,0.21558485962105367,0.38227614588054404,0.24677334840294093,0.23483220832681867,0.19475958370583582,-0.20348731638178177,-0.27656832017253585,-0.11048047368644072,-0.37995333592864233,-0.10590803470671196,-0.2669554343432267,-0.1419836495916092,-0.09535349338083988,-0.07369476107844392,0.12063595501245883,0.03484538919527357
SG6040,0.18453452697218853,0.2564970263355246,0.23318501195916325,0.3139179767394607,0.2595898525957446,0.25403407214077944,0.33936145182249294,0.22384235771531746,0.2899506072922541,0.28929705113674214,-0.17804495519964197,-0.1558900358025724,-0.1332754850194454,-0.16581986858291756,-0.1052270955203216,-0.24563607361534948,-0.02293508760543326,-0.09172960739182508,-0.03889269436116778,0.07920272573219622,0.023329855282624382
DU84-132,0.173700437816714,0.2428745072699297,0.2633682642493678,0.21651200926242706,0.30443165613460343,0.2241954714760628,0.2891487740638274,0.267608748880928,0.26062606340072286,0.3114204864113515,-0.17884715289681125,-0.05609696801913288,-0.28529171756633476,0.30169673003355313,-0.8004463450882606,0.8549506068888018,-0.989675568964339,0.42067093257141136,-0.03043209820969962,0.10312667478244174,0.03396063037343943
EH210,0.11098843672850967,0.26323144789137154,0.09036210768600696,0.3272248585966973,0.015196684835607058,0.26865737472649726,0.0631635909820451,0.1384076699074639,0.09928048598606476,0.07094271982609232,-0.1218594199194652,-0.08434853096568934,-0.06046444815288851,-0.09734393372928782,-0.06652631428908182,-0.10584478688829534,-0.10191452965805177,-0.09655762478236445,-0.10948752499443284,-0.06869905673214032,0.018964817011345104
FX61184,0.21988927211695786,0.3147492133429654,0.22833725255821288,0.4182720260275891,0.19121612718586042,0.46268406803517326,0.24966481710485178,0.35937118924732675,0.15709637595784157,0.3899235433308041,-0.10774595154040605,-0.18619035957152938,-0.07371238924936398,-0.37350027222437643,0.19552972103367877,-0.6955108551218635,0.29379969246211357,-0.1691550252764727,0.012592532181127465,0.2370212016311446,-0.0005902704750595146
S4061,0.13729847648762875,0.21194131002814132,0.22150471589787182,0.2196205419341396,0.2240502674002146,0.23151661775693205,0.231257974786762,0.21282752183125278,0.17323468173639398,0.126745793486388,-0.12936791455994642,-0.06913659153736922,-0.03749594324495388,-0.017706855987687526,-0.007084167725536915,-0.0012428305718207577,-0.00010763609712688643,1.5236872583857262e-05,7.599331630412989e-06,-1.7774968937162885e-06,0.03307046400610184
Aquila,0.12673966084311758,0.2673027645683245,0.18571273818634573,0.2715284762526438,0.1916432337699351,0.2472647765800193,0.18031623984979828,0.21347557702895179,0.16813482910699332,0.17175737596191376,-0.1335524484080915,0.05970480558680664,-0.15676507039104376,0.16380959477583337,-0.19863474824896624,0.13784111875322672,-0.10533454890200941,0.03376016000565784,-0.025985724294033407,-0.00536650218519567,0.04409982437560548
N663418,0.1822078122165818,0.18525475473400452,0.34162553044273397,0.13025954977199902,0.49478745016335146,0.07346194987999183,0.6540756568670516,0.17119935125702979,0.3902295302648742,0.21291153518593206,-0.16388747643207366,-0.13377052105926496,-0.18457436457037538,-0.1374923409200656,-0.2290337328505116,-0.08445827841694077,-0.4365032242821971,-0.00712600842000344,-0.22773791812202931,0.10404769115805262,0.02545388513198832
dd928416,0.10451878212935628,0.19012614494246385,0.08106580909241409,0.2468612158973836,0.04237658609485272,0.2365178615390987,0.0857574895389765,0.16934850516916275,0.13569951909416778,0.1280513945271004,-0.10634555621245796,-0.08231398527303496,-0.07180980769414702,-0.05366871077496392,-0.10351194174890459,-0.0006269379124737102,-0.12623349324466415,-0.0329565615839161,-0.07723109001168393,0.014076810023177533,0.015325247216152202
marske7,0.1139538762944769,0.25985324354794964,-0.0033651187390378486,0.697895005240904,-0.5368293105079919,1.1383477584919592,-0.3307314102330695,0.43937370849168983,-0.07545192399344554,0.10347956414002336,-0.13775503512059936,-0.03784093922363402,-0.15068437380445654,0.027438105393907654,-0.19430383075581445,-0.009280189262699995,-0.14376524071897462,-0.11784988465699918,-0.15662201435535958,-0.2552952739956755,0.032377482597770305
N63618,0.23923629747215214,0.24700119022874906,0.36960382314007395,0.19185953819187143,0.5206773103892766,0.1331576029144043,0.4424786055069314,0.24305319450086157,0.26699502938531805,0.2682342423156346,-0.15184074362271305,-0.1997663534929818,-0.07904138948844523,-0.2636401779650249,-0.08973846271633396,-0.15567158237825518,-0.10359046303429319,-0.016476295787648563,-0.02368833923819629,0.2041147488429111,0.019865236864120984
HS510,0.1183503612657571,0.23469740710774098,0.07536308131658521,0.33394815734672156,-0.036303811074583615,0.3469378185111638,-0.027215776308880182,0.16851292189954586,0.02177403321149116,0.006225246608332138,-0.12587069605495457,-0.021301743250293555,-0.12731762192858365,0.030966354472280782,-0.14616443767327295,0.03473197297784069,-0.11815627805671478,-0.0116676738645279,-0.07063923491417864,-0.07857351258433598,0.02931492481886311
ma409,0.06871682037771489,0.29988656302949485,-0.1690456418274393,0.6720977622906719,-0.4028640869761314,0.5264830615323594,0.13555505413978372,0.020515784850348363,0.379192728623747,0.09309384515202114,-0.09790443368122816,-0.06972090455714623,0.10081675120751574,-0.3568415905571422,0.6149820627674021,-0.7341729053335222,0.7504086924838808,-0.5282888672291498,0.3719700444036131,-0.14233084261518925,-0.010842671484372252
DAI1335,0.19553038434934333,0.3289722747607401,0.25826267402575903,0.45026714879607255,0.18364132181094808,0.591067708040236,0.11526019659173917,0.3507174030994435,0.16832143078164738,0.18548275971591494,-0.20265157586444474,0.0035110337179691704,-0.18222665120405834,0.1468081938290267,-0.21551883519197815,0.16103148559855796,-0.09403851869290673,0.0840047451833221,0.03463583316274746,0.06636118292926647,0.04502437371496126
SG6041,0.15307348105797627,0.19886459788140354,0.12751565160378803,0.24405417461987838,0.12126893260436586,0.23567232306581495,0.1726009780984382,0.23023999370136952,0.1930702840146838,0.19964200966410786,-0.11422489717371602,-0.06317014065103181,-0.09837883238221508,-0.05042993024225996,-0.11003617678504507,-0.03683662566050719,-0.15186470815660894,-0.0013456083248524243,-0.06670108174240896,0.005059956557844645,0.012294467411830172
DAE11,0.15804747210952683,0.3653992631849305,0.15093688150686943,0.6379047428865233,-0.09158747022574992,0.8437920347764499,0.03785870631940851,0.4038983364352768,0.1732581956314835,0.18918164251911143,-0.1694015091446016,0.03607630581185613,-0.15589082862872763,0.19545623702558648,-0.20748926955907637,0.22455890625522953,-0.07809235763390787,0.11216674836147839,0.05224962994910343,0.08608616098146113,0.047859606314028476
SG6043,0.15996723318468747,0.25476425315109785,0.2087207719033215,0.29597388318041234,0.2726947832150188,0.2475031399187947,0.37303212459232715,0.28620192783457854,0.3145574656869442,0.43175774421726953,-0.1626504189400894,0.043789317522354425,-0.1544584946811044,0.2270538611663331,-0.25572903979306244,0.27090593376094796,-0.1092469162687346,0.18522401954803652,0.04669649702870216,0.23071076028303814,0.04175967286216246
clarky,0.14692265739233068,0.3268387618468185,0.07549283427369555,0.49248448187586025,-0.09611284219541343,0.5948599829858591,-0.02603303389725948,0.40816560946435765,0.1637124553964164,0.2849588742417131,-0.1807313527555183,-0.008223704832926663,-0.22828886959163208,0.15560791242402505,-0.2723277018683042,0.1100136120413425,-0.12167080384829176,-0.0322849233058737,-0.025478010712839706,-0.06421369533588686,0.0096781844175066
RAE2822,0.12926962017046806,0.12580222651272682,0.16328790454883393,0.1447783363509813,0.1560515520930245,0.22178672198529076,0.15947252118280814,0.21268237446059016,0.18438567986351678,0.2110806604894886,-0.1287618895967738,-0.13193403229366543,-0.16845690449531267,-0.07650423209851055,-0.32726107188787307,-0.005554868232161922,-0.18630551152413183,-0.044434710220096055,-0.040507474883487216,0.06371154978462938,-0.0006364715244743163
EH159,0.09997263149426264,0.22139368475269453,0.07996824469313643,0.27209704338069735,0.022922772018683892,0.22075192079537706,0.06685676804378193,0.11396718035619129,0.0939682847917785,0.06028785188941422,-0.10793912396704802,-0.08806578136065558,-0.05681856743138295,-0.10137130529565484,-0.059885017859117734,-0.0997620740197785,-0.09559967111757596,-0.08237720167483306,-0.10184391579002258,-0.058814172507384084,0.014167446961082642
AS5048,0.17288755085006294,0.32678066753881685,0.007809521755813552,0.7984568755387917,-0.6384334042725368,1.4006730204022975,-0.6402822438077713,0.8010397130720925,-0.12715964684124526,0.5745733033992098,-0.16664352867492624,-0.18316741950036175,-0.19428233223387648,-0.208430712374611,-0.17549420497105064,-0.2493778895835234,-0.3719332717866872,0.12539975517695737,-0.2903877360839339,-0.06451831358730718,0.031902034299838344
ag46c,0.10853485421113136,0.1696248969649368,0.0690637025693321,0.2373661376798273,0.001951461427838316,0.2479749136508393,0.03876665943435126,0.16923452115445786,0.09883034270795515,0.12096318644891928,-0.09268659926169005,-0.039949813699251054,-0.0035050791067811134,-0.10296207065845607,0.20127271563512286,-0.3307450096528417,0.3481884396123241,-0.16827488270252444,0.1196635884808393,-0.0054625977572928235,0.02068462089693099
DAI1336,-98.8373716022937,-16.173725771522896,-0.8088251846589682,0.5444179361343093,0.09969474451764662,0.6026344071008208,0.13117254225380076,0.36790536564339593,0.17761530219639926,0.18196036696718693,-99.23255816374308,-16.494914394890742,-1.2310049712251203,0.25216585693342314,-0.2774656170148127,0.21322159663724044,-0.13222235201774313,0.10510642110744334,0.025896415224798578,0.06867834056624736,99.07311441001558
Dragonfly,0.13079672595583244,0.36643738168495044,0.144822141174334,0.612354394548201,-0.2573355548623673,1.032661540104614,-0.5622819028136807,0.9964641027302722,-0.27588105970461185,0.6472301188139036,-0.15342369900396705,-0.01268664841247542,0.2142895439635393,-0.17753033462803233,0.6102467300976505,-0.6165650072013267,0.9129423733754716,-0.673389065277585,0.6525554331234201,-0.4036963839756696,0.04257742787182606
SD7062,-0.0059428456879854815,0.29687935613471045,0.21496511310506133,0.3656972152090788,0.21245546564940737,0.281131424163674,0.29606819453120475,0.179158770102488,0.2689587572958738,0.17405099566340246,-0.41450737606389293,-0.09434976197636362,-0.18683516646095508,0.0681783584778397,-0.24214602813950636,0.12110639725036897,-0.15693991238476124,0.06337196985629331,-0.031077940314645027,0.07824995644925353,0.2606549788200872
SG6042,0.1492658973486648,0.22248587945169881,0.17480753322851236,0.25915246240712314,0.21595649359508576,0.21885857693855612,0.29634071441525534,0.2457890900255861,0.2576613149634431,0.3148781519731376,-0.14546652673549146,-0.01604688682429937,-0.11268141959732676,0.05797542020063832,-0.12797861188074333,0.05005414578790791,-0.07562147589278297,0.06504269017603036,0.0009151639078074158,0.11562522198253282,0.03667570287086141
MH45,0.13463439119331877,0.18845489962480058,0.17885551210416048,0.16366226518547433,0.15897445515288153,0.1586629460367775,0.14637813311423287,0.11044610087645129,0.05359344292851194,0.00618539387715385,-0.12171866019755948,-0.1133233222404924,-0.09282254978763028,-0.07702862171829554,-0.0709999278165463,-0.0692884744856255,-0.06460572759146893,-0.05370384871553509,-0.048630522030310507,-0.08358401298324356,0.021714027021673656
S6062,0.00805221999956386,0.1643986091321435,0.07866266439612266,0.22545555873947004,0.07129068870467448,0.18926796213773187,0.12429537732564598,0.12776092019907473,0.13515606349201276,0.0663111050268939,-0.18566087426018105,-0.09466997673159518,-0.0628413838220677,-0.06321050003435978,-0.06202131310226281,-0.04076439718314028,-0.06781101248436845,-0.032310050690477564,-0.04312379939905472,0.006392543333936721,0.10038412548686101
FX63-120,0.060223220688932,0.20055492024728194,0.32424046903539905,0.19134416741477078,0.37333106657587367,0.23089246628606863,0.31619552504407605,0.31958590305208917,0.21809093103942742,0.42074346852110783,-0.26776082216313235,-0.10106774886371139,0.013554643700274758,-0.22671536820954072,0.26039212246603555,-0.2339603885659441,0.18903819808302294,0.09707628409544773,0.1253961205152718,0.34421361223160557,0.18172146603187134
Teal,0.027686724942980533,0.07576206143159142,0.10349717659130903,0.12124544476349312,0.1290231913928478,0.13446668296529898,0.13817633338006877,0.15129515869936042,0.18071728311565122,0.23934108700853723,-0.029766310358407665,0.016803332826835177,0.03469955798886694,0.04166802851894089,0.04742160417826681,0.05336441160836117,0.06094459846311266,0.06575752326465117,0.06212698832875597,0.040422777259467954,0.017925346261232333
HM10011,0.1325831303482296,0.21850923010398787,0.09123613144059634,0.2710013770354931,0.048119444036282544,0.24219196586897168,0.09759608784881772,0.16499063647725956,0.13157106011339179,0.10284021269832665,-0.12153078821868538,-0.13102100693541535,-0.06648403081749582,-0.13370963412071218,-0.045168514417694386,-0.10224073527726775,-0.06194917536219887,-0.05918544224866752,-0.056083618113149186,-0.020154676141777975,0.012206487626765924
FX02196,0.21130292080583787,0.23919921566263627,0.4820661094511141,0.004424378650456336,0.9150318929959977,-0.14141209756824388,0.5983088462757431,0.20944985394259205,0.26994051048737633,0.23802301018880356,-0.178738157851972,-0.1522621532999978,-0.20347359508864146,-0.0022305291377839164,-0.523778953471923,0.24527928555982748,-0.35931126456111434,0.13030446652480693,-0.09524248684804316,0.17767433159858542,0.05189007923915387
ag47c,0.12122152206427729,0.12130606513955143,0.09171878334675992,0.14784532328261787,0.06350872273490742,0.15052305457945675,0.07942645180991213,0.11518650684492841,0.09972099420154738,0.09783557937521056,-0.070543907020658,-0.026619980549024525,-0.0047341810400267715,-0.10331455140075005,0.209466457241594,-0.32900408293974687,0.341528784736682,-0.15602932347894594,0.10732593286178822,-0.00611232344786374,0.0013342026126314855
SD7003-85-88,0.36696325948831615,0.24141492988857044,0.0805182403014963,0.2459338552621653,0.030319626241298487,0.215199620198555,0.0764850661275205,0.1341103597347647,0.10727468583319429,0.11858943884726754,0.10781907100683044,-0.043439537831971665,-0.08072853113236157,-0.06242784586240327,-0.06693293433716507,-0.041543467253043885,-0.07373492678186978,-0.006372869530067407,-0.038142395711684846,0.03684048313690958,-0.22283663528738604
S6063,0.09244649895772276,0.1305866312007221,0.1307615519783166,0.12397793765106675,0.12122961472342265,0.12386076751643717,0.12550841725256373,0.12014190462947505,0.10177317702641231,0.07168368143591816,-0.09560100959016364,-0.07011671101665141,-0.058640526366340234,-0.05254425544558354,-0.04698273988497715,-0.043888600907543825,-0.03846020061739,-0.0326191829146333,-0.020799864275761575,-2.2305621770137497e-05,0.014425056002047633
AG03,0.10316564448059212,0.17302916314620986,0.06886941378420235,0.247669156489159,-0.04242652629512354,0.3202817031724301,-0.06609107262775925,0.2462001517236433,0.033197677610671474,0.14974200232784562,-0.09428025229758076,-0.05164046026630301,0.0025354386374226412,-0.07716876121503961,0.04787633561549234,-0.09851759997941414,0.05373968056484761,-0.0756517834391771,0.020190366967858638,-0.045540211919164485,0.028717394264959336
N663218,0.17831609251291153,0.16637798930393277,0.3172425996477908,0.10446961495737367,0.46716430940620896,0.03574687407978687,0.6309529397648554,0.11189673276710725,0.3577413139125784,0.12976045167597403,-0.16983906504888888,-0.14296720809165217,-0.23499905933874538,-0.11127830207896258,-0.33380097193436814,-0.04013487396877375,-0.5207685037784111,-0.034345144650268784,-0.27154663843736115,0.025511078763204895,0.01348937074654298
bw3,0.13701986457508888,0.06894058944121169,0.38109351667666813,0.02754279311011255,0.1551765061267381,0.6506417634218588,-0.5279193064215535,1.094788100246858,-0.5198163044734031,0.8983136464320274,-0.16116377602880405,-0.07853626421968246,0.5590828911444016,-0.8505091002234056,1.4795542600358957,-1.434438988819402,1.551191531507692,-1.001799811313295,0.8103797734320194,-0.38818398734780757,0.04918208042215717
hn1033a,0.09980271320865079,0.18733831222522776,0.08019210113014054,0.24717150321924886,0.04530835931733699,0.24822251901233858,0.08715900762447626,0.197026003158837,0.14431018275671423,0.17816195220675646,-0.10327855962516837,-0.05434814820117785,-0.06120581666434084,-0.031226664525851607,-0.04855506842523783,-0.015442518005643627,-0.04392893205452976,0.01333204388606723,-0.010010524812200845,0.05019574048884502,0.017032022215320644
FX63-137,0.20538612873931347,0.2750289057805823,0.29828668128835467,0.358773324831434,0.2330620841065309,0.47291692846484307,0.17634625560252437,0.4952632024479743,0.17674861863380736,0.5319476623848465,-0.17531310781710546,-0.06501323681046564,-0.07320195304008698,-0.05033895332634465,-0.028544351138202608,0.05204341412769885,0.023259397933068558,0.15907476902690368,0.14839353711255912,0.4048491725097654,0.06897966175600945
FX78188,0.15269388977902393,0.3134624211647994,0.07838371852365522,0.6436011506380488,-0.1677655404157463,0.77109676701609,0.2238362310829817,0.34804585172809027,0.23134108275443074,0.2015977652655301,-0.14791934201018814,-0.15900105516693486,-0.14749533942650192,-0.19611583721494535,-0.19918878311117405,-0.11669994787836167,-0.39621411583254684,-0.09179978645730433,-0.09799691318274033,-0.029373315847273363,0.008525349896722585
UA79187,0.8159086775903991,0.4512976005496875,0.24620034365038562,0.2061872131736828,0.8274940348238143,-0.5214940158817044,1.418119851178735,-0.10556094790880663,0.41926447575801046,0.2883482906942069,0.5662005411908788,-0.09189462729055485,0.06354937422673564,-0.5914953805403856,0.6093393268918811,-1.1095046416144394,0.5469782572598791,-0.4544308126875059,0.04865068848780197,0.044431517213969735,-0.6510030934412195
ishii,0.1712959680056827,0.26755611443777744,-0.20814994846449858,0.7437527898854926,-0.7574683638198956,1.0365637033040855,-0.6708654447951597,0.701132874209902,-0.25370373810978863,0.38908112783709775,-0.03726003429739647,-0.1299642474288596,0.09932302288493733,-0.4533310113816704,0.6101616473825034,-0.6724616444600295,0.649540700609217,-0.5059509993962902,0.36014524124492453,-0.240933778131776,-0.04226079856611064
LA5055,0.2557860921098096,0.23532922438889203,0.7073436780712636,-0.5579162784892665,1.783639730355825,-0.8202548598404911,0.8405196006752004,-0.07339016007651689,0.23588635913178788,0.09888984611706009,-0.2991810190686467,0.15059744211421533,-0.4414978061028156,0.4618545384039946,-0.6218084766685511,0.4891622435015147,-0.36174578452553596,0.09216256156603019,-0.020451583664367674,-0.011467953964228278,0.022498334640755093
FX05188,0.18164698157820527,0.2548071490736308,0.2723378244544357,0.33622209244107504,0.2826956628931385,0.3921431975933906,0.31410451888506985,0.3898545845068255,0.1694413519215533,0.37430412073009534,-0.1811454804780434,-0.12579297856789742,-0.26420520787357676,0.010927564254873822,-0.5510926503727204,0.33252093035013564,-0.7683822959862985,0.3207479575177291,-0.20830989716037748,0.25395310032969204,0.022878544006608867
NLF1015,0.13111482293711985,0.3284434880518211,0.09946115782493305,0.5821456476153579,-0.05665496740470418,0.6990088279778455,0.18216584652058287,0.4807457189045813,0.30126109154731545,0.5133503594473633,-0.13855204845553332,-0.10025127266545145,-0.08683623625065556,-0.10817647017010364,-0.025795528420017817,-0.16089176728335697,-0.05559617864620473,0.07909787490669837,-0.026439526946528877,0.3071154965397882,0.030312153399073467
FX61-184,0.21988927211695786,0.3147492133429654,0.22833725255821288,0.4182720260275891,0.19121612718586042,0.46268406803517326,0.24966481710485178,0.35937118924732675,0.15709637595784157,0.3899235433308041,-0.10774595154040605,-0.18619035957152938,-0.07371238924936398,-0.37350027222437643,0.19552972103367877,-0.6955108551218635,0.29379969246211357,-0.1691550252764727,0.012592532181127465,0.2370212016311446,-0.0005902704750595146
E552,0.17147765164899756,0.34710364045962144,0.165362053704953,0.492324997539055,0.1832511700257777,0.3664524112037453,0.1720696401793636,0.3349938093107827,0.13936054174771684,0.32434123806415016,-0.15866184037431083,-0.2162282883111605,-0.09859685260970015,-0.24966599652252255,-0.2647061059001988,0.06047764908429239,-0.2736218170186666,0.07546894153807474,-0.07911917967635142,0.11389542916437678,0.035353163913430505
sd7003,0.36696325948831615,0.24141492988857044,0.0805182403014963,0.2459338552621653,0.030319626241298487,0.215199620198555,0.0764850661275205,0.1341103597347647,0.10727468583319429,0.11858943884726754,0.10781907100683044,-0.043439537831971665,-0.08072853113236157,-0.06242784586240327,-0.06693293433716507,-0.041543467253043885,-0.07373492678186978,-0.006372869530067407,-0.038142395711684846,0.03684048313690958,-0.22283663528738604
PKMB803,0.09451512834922404,0.21252100255436407,0.06349250130310648,0.3536524817560791,-0.09345948692324006,0.44205131045283996,-0.06861401710310816,0.3256539264389316,0.08535705073224417,0.2602297623227401,-0.08982399090094473,-0.012728046313693665,-0.0215650071196,0.025986966537202668,-0.017634445896383532,0.028175013891736152,0.02301626183199365,0.03351135212507847,0.05428663027744543,0.11532240453801215,0.0265939689959976
N653618,0.21657542327726598,0.2033492503583619,0.41373418720321953,0.09212920113746953,0.5749669015140363,0.21182769671840662,0.393987481753908,0.33111226080742,0.30032908637972605,0.2922510226931011,-0.1452283501918871,-0.1302439882566186,-0.15617619032433974,-0.139688587338713,-0.12782801157365686,-0.2915280078804823,0.010533673273460753,-0.15091901019428247,-0.03077273784928798,0.1748068286555742,0.019040359895357392
HQ359,0.10421915270838679,0.2497313359389371,0.12208845544755732,0.26379810323168973,0.1652356382975193,0.2421200568899015,0.2264127771122351,0.21765207813826556,0.23489937471354377,0.20144036862267478,-0.10247577951392714,-0.02175595270054634,-0.06216209638259769,0.019437672446645845,-0.11437689029545595,0.08066350721968385,-0.08928991668800217,0.10148822459617712,0.0601431812684606,0.08991381499889205,0.039130961160626976
N654421a,0.21470484516173435,0.22814861433989161,0.44104406620771164,0.14810139112989604,0.5534024954450298,0.34617611913195384,0.3321527432565415,0.34527774244365217,0.2623866997052833,0.11350500340638138,-0.19212862893813742,-0.18469798983119567,-0.18784091617722398,-0.15476640474308442,-0.2689810737539704,-0.20597036225449514,-0.14417180999198864,-0.18515302044573903,-0.11714989963203254,-0.009418868734111616,0.04802293687663332
AS6093,0.11311911364157201,0.18920242470128062,0.10923153336597587,0.25358996077661067,0.08748962702754583,0.2207822246144564,0.16492721617851205,0.13340284697524757,0.193439837280758,0.16496820981284066,-0.1134301710788936,-0.05157497108513036,-0.09638569728564604,0.4774606502600359,-0.3635068227744102,0.5337268434732775,-0.012631522563108157,0.21438554496954584,0.1669157848033007,0.1493631671377217,0.018327210193501895
AH95-160,0.18905788934866227,0.3347657465550048,0.2083141455502823,0.5419822391835561,0.07461944390730033,0.7280847148902148,0.187089093781881,0.2887726734539849,0.3712660982891914,0.16205487338368657,-0.19851297001722182,-0.04062382517341262,-0.12413639150935914,-0.06376195749038457,0.035692441447412133,-0.2880824810148784,0.24657340488825596,-0.3084582358517498,0.1753368871988802,-0.09636963253529533,0.03560725403116612
S807,0.19318839378302566,0.2907786161142042,0.2993410471591819,0.15889004268008472,0.33723938605724213,0.012941033458945093,0.48051840262057816,-0.04209841085330988,0.42351477703714646,0.25311275555206286,-0.18514276496232349,-0.22147663008161858,-0.24018141833468432,-0.12577407470559906,-0.5560134284762305,0.23584549341303995,-0.4194819591201635,0.14257979926963077,-0.10419329281719499,0.19735067350130328,0.016799818606504424
FX75193,0.1673310850386523,0.282683256183163,0.3270341695183701,0.2149638500652909,0.6343813326771632,-0.04834297468356182,0.8131213806342444,0.2962071629984002,0.14045111845576652,0.42780989488200044,-0.16577507242850878,-0.1443308625685248,-0.12227330021974728,-0.2706463523104014,0.039877866853310524,-0.36698352744014684,-0.2238668710598086,0.11380630022005297,-0.04979567254977861,0.17012665593121923,0.022274466590189706
Dragongly,0.21802627074438924,0.4443728599291323,0.20866656567001238,0.7290180427843339,-0.007408716457103707,1.1125989030980683,-0.2127309751581175,0.5964501150232039,0.20247240631677715,0.29497731613798034,-0.1480808577487956,0.0007687997196393214,-0.25618105150815873,0.19694208460056645,-0.4379183032922219,0.2618414279436867,-0.3041202551576562,0.0641343595100275,-0.09930818504810611,-0.095383958125195,-0.010607805991208771
N643218,0.21083736823538596,0.18292043334234484,0.35494878753793474,0.03959910642885931,0.6194788610206916,-0.06144983104865464,0.4619430158336208,0.12296815812266408,0.22033864429540348,0.11381573814793695,-0.18568816661474913,-0.16862252280617324,-0.25430945427537943,-0.07098371177430275,-0.46586786905930055,0.0491997198817274,-0.35272527633880135,-0.039634671670204714,-0.14482068917589896,0.04608917041844787,0.008335256576078753
HQ3518,0.2141379199640381,0.38634842293288507,0.13952780410720644,0.6007373336787241,-0.04728020171287658,0.7022059805600487,0.12123754962077443,0.38353507975195184,0.31022837975657225,0.2400239253872555,-0.2057901623783702,-0.1621159323443693,-0.14004835763969536,-0.12832797368548945,-0.2055217427130242,-0.0936282688962895,-0.14824200164689058,-0.013422530235824693,-0.01785860507759707,0.05118177884570001,0.0393138204433158
E553,0.1676139915599783,0.33683779122763124,0.15944528268652128,0.5198821181904438,0.04538005719622924,0.5544280670686275,0.07558732278721225,0.4406596109865459,0.15470144969642854,0.36122881250228683,-0.158275905238931,-0.2243099004988661,-0.087352264546829,-0.3086016610132064,-0.15443668715861356,-0.02782112867791624,-0.19654410090101257,0.05644885031053116,-0.054266829900671755,0.13223461053023836,0.03236702735355459
E551,0.16461015369548562,0.3336868325331296,0.16289283720211312,0.47192821000129986,0.15515181694978247,0.442449086999993,0.16829302483863212,0.3835766815713633,0.1774261591581004,0.3277773477519245,-0.15403370670420294,-0.21513105499751406,-0.1028198190466593,-0.24181133611920963,-0.2818701923137341,0.07714559212265214,-0.2917421355128857,0.08126183187969213,-0.08661746937566726,0.10391264680967995,0.030679720371327546
MH114,0.17310013516472555,0.35855042479350385,0.21206668372775303,0.48499637371287346,0.1616986459247025,0.5091821300588104,0.25649227217915993,0.4342418998585093,0.3120202344708276,0.4435782628290669,-0.16627297583382614,-0.03069790037402463,-0.08363123544452722,0.07051516813890955,-0.08145977270255324,0.12520408698496602,-0.01740527989580451,0.156337975235146,0.07319385335352832,0.2685802496551433,0.05720675136641847
FX60-126,0.17273622758444654,0.23924362972926455,0.21071894680057235,0.28133769295217936,0.18691541802398304,0.3005270504676895,0.17758422364017742,0.2940481581305454,0.19350290094155917,0.22520975800307858,-0.14244100655917102,-0.1542007398504772,-0.05904790942768432,-0.15269815090976407,-0.02603310625637149,-0.03172881601150981,-0.004924446136333423,0.08277012222431125,0.060140216748055336,0.1608349743828953,0.04200207475390665
S3021,0.1173582188371497,0.2459781272028108,0.11836004363140909,0.2914117719441354,0.12899515628595207,0.2316627734386459,0.19482517282400783,0.12398215946530074,0.20958991155193027,0.13424262199495113,-0.11838867152267557,-0.060260449120522086,-0.07491521838746888,0.001253414036415841,-0.11319385115392173,0.06848605134821428,-0.1394260302710362,0.06798867829466829,-0.08920270245578311,0.005541283110672374,0.029152558381689436
ag41d,0.10765416818980722,0.20394202622451368,0.0729921329593644,0.29220458697579027,-0.015005114952546809,0.32404338946339917,0.008769058607285326,0.25165236660564433,0.08514008541823923,0.16527519671126079,-0.10842577272201336,-0.06490364564628977,-0.046802681013960734,-0.04072779760085724,-0.029539623424296935,-0.005146648869050318,-0.04953056727473535,0.054659015258431684,0.005398861653276565,-0.0010206855895767964,0.02043917486469257
owl,0.08945469746844818,0.1112028926532156,0.14303204224322272,0.17412131289629262,0.1983147754803326,0.20999168262079762,0.21727089156903806,0.22947855033018402,0.268170936748143,0.35960520890371256,-0.09367970765241736,-0.007482257215623043,0.06803408635733153,0.12950722049715674,0.1722724662179044,0.19589449134917553,0.20349361441210187,0.20497904395012842,0.2139136918349879,0.24999865983077,0.014993671839931567
FX63137,0.20538612873931347,0.2750289057805823,0.29828668128835467,0.358773324831434,0.2330620841065309,0.47291692846484307,0.17634625560252437,0.4952632024479743,0.17674861863380736,0.5319476623848465,-0.17531310781710546,-0.06501323681046564,-0.07320195304008698,-0.05033895332634465,-0.028544351138202608,0.05204341412769885,0.023259397933068558,0.15907476902690368,0.14839353711255912,0.4048491725097654,0.06897966175600945
HQ159,0.10803537080701282,0.17451342688393445,0.10277596270876312,0.2319563373079566,0.05481285355039715,0.26571889475892413,0.08448667488471358,0.19661403825917736,0.11504170808070711,0.12497327466317676,-0.1042621965803221,-0.08940030131712186,-0.06741338579598517,-0.1042239998423795,-0.05307642882139029,-0.09732942321322073,-0.06309826766173397,-0.022428488017220652,-0.012391935254175227,-0.000581977094311069,0.018012135625790605
mh32,0.11482447340034259,0.21834590014296912,0.0952039308833135,0.26638030185568956,0.09514554886923593,0.2181784478591649,0.15904477260724117,0.1791854175563843,0.18360540056259422,0.11480343032395048,-0.09162094701718719,-0.0848112545623047,-0.03573456481192394,-0.08223338978895446,-0.010612867374640223,-0.06476564002169588,-0.013504884455119392,-0.028791157815866344,-0.009540362582374052,0.01027283888484268,0.016048879201985417
E554,0.17446081217674844,0.362846606894889,0.11932081978412286,0.6315112278852458,-0.0699820039830255,0.6040285287535805,-0.005030936572740918,0.43320751817131625,0.1018624283983196,0.3629975419141315,-0.16013201690602602,-0.2244074007553153,-0.08287819482621087,-0.3156106995286996,-0.1403649790051026,-0.03827516179416932,-0.18336902538073466,0.053847402781776,-0.04701059964645222,0.14336723704774754,0.03377742282670341
aquilasm,0.12673966084311758,0.2673027645683245,0.18571273818634573,0.2715284762526438,0.1916432337699351,0.2472647765800193,0.18031623984979828,0.21347557702895179,0.16813482910699332,0.17175737596191376,-0.1335524484080915,0.05970480558680664,-0.15676507039104376,0.16380959477583337,-0.19863474824896624,0.13784111875322672,-0.10533454890200941,0.03376016000565784,-0.025985724294033407,-0.00536650218519567,0.04409982437560548
E636,0.32701056595267886,0.340420810368652,0.16142284405199345,0.4105209171697126,-0.023217482438562694,0.3752906296246198,0.031186568942389508,0.17946082366962923,0.08503492507702012,0.10032509238452478,0.039450903507578475,-0.004312143941196187,-0.12448918199179371,0.013861397628606692,-0.2092454447784885,0.04027076777984455,-0.2114399093011018,-0.0654246324419087,-0.1673261981188726,-0.18579735072602632,-0.1401394668024978
ag40d,0.07250310825472166,0.2001110211769811,0.07798686081410945,0.29361398556485835,-0.006013206407341918,0.33118064686987236,0.018512951130827227,0.26463068389649774,0.09086327782801289,0.17291936176318973,-0.14526847222550446,-0.07736623551832643,-0.03933337427993362,-0.065818348461272,-0.0038223578195342007,-0.04367516887026575,-0.02439145754499142,0.0322190511187871,0.007461361240036954,-0.005890574315819883,0.05450434102055413
e193,0.118161298801139,0.2440095541902237,0.14201072191116018,0.3075296600159272,0.18829224243731904,0.246482114540669,0.21561232757327217,0.16709924522919048,0.22129400575993444,0.1783736617427431,-0.12278511835332093,-0.05885353324586206,-0.07648989729326373,0.007269753963733161,-0.10951750032935564,0.07658652895761217,-0.1196052718948117,0.07199180839506854,-0.055973050856879855,0.026880643275715974,0.026137890560709094
HS602,0.12836493274488073,0.20279189797402467,0.17954116740022005,0.22361704065628166,0.1522610909748541,0.2798688586218288,0.12823722558912876,0.237514421590852,0.18801620670605737,0.19892120468315008,-0.12800314841388533,-0.07272448810832972,-0.10289109731238061,-0.05145640027085615,-0.07097695928531636,-0.03890598392739157,0.05117940739950411,-0.00208645146180449,0.08314948850207557,0.09990904507781376,0.0192151724021272
N6334221,0.2322721269585789,0.2598227131730793,0.32621333566069755,0.2363493013534727,0.4416684016596034,0.1540150533263585,0.37671143818124053,0.17959653160443684,0.20547705327433458,0.11286035704847046,-0.21635225398907174,-0.26800454437519916,-0.18856378458806236,-0.3252632501448686,-0.22356405266382884,-0.22403524548563317,-0.22553778977433012,-0.1189036075858547,-0.12019185351267803,0.04400654059420142,0.01908063542899185
Seagull,0.0861153598083243,0.31177482571571036,0.14875107418885708,0.4198878238717555,0.09152166410004814,0.41728605770270144,0.18129444176177795,0.35167638144268243,0.3106145994744313,0.3753596651648773,-0.11203973879121482,0.10606245873340954,-0.009034674985337044,0.2740488867785672,-0.019303670355431447,0.31710831738236706,0.07475731929737478,0.24490272915052716,0.1850822901631464,0.23025835350379806,0.04166765848571294
SA7035,0.0918820168709597,0.23268424762654985,0.09474409226558703,0.3096154525389387,0.04643485095360852,0.2956661319899979,0.11192419804419747,0.19626791064333468,0.20035528001927255,0.1149923315404248,-0.13487984882491974,-0.07918028284820938,-0.058912649697219856,-0.05501868361939738,-0.04625879421560502,-0.026946178361039425,-0.06230007330557593,0.02912002500507198,-0.04782299803075472,0.04733791406097721,0.05058912946310998
S1223,0.21508908184713996,0.39613381840564726,0.18924402296774745,0.8033312616227116,-0.405702199418571,1.2110951472630356,-0.4965253365654193,1.0645854565390707,-0.07769741863891491,0.9906659876089393,-0.22965993367093823,0.13522877639423012,-0.3523832308936118,0.7016162701029447,-0.6373416299131894,0.9000798573739697,-0.37376059112990057,0.6622277446852403,0.07305946545290297,0.7096647867605719,0.07198184187874053
FX60177,0.19336979683736494,0.2796568229947696,0.24503415068157894,0.32748734500389276,0.2184268202069172,0.40355955094287776,0.21840693445256315,0.4643284670489478,0.2950351916901552,0.480228087452184,-0.1563708362801901,-0.22664060565039634,-0.06777818677160709,-0.2683393970368766,-0.1930779346041207,0.019156424531395228,-0.5566333181712436,0.20546475609731402,-0.23899393912999983,0.37592473622548755,0.06026070509143063
lnv109a,0.24558123153966566,0.3138689741764773,0.3603210017134848,0.2657333304349316,0.5845283864254066,-0.26940278838984666,0.5434313245223856,-0.05661797110816129,0.15827121941340205,0.05606111969954434,-0.3027346131389687,0.15581905973554386,-0.319428222204951,0.38329401120909906,-0.3743155784916532,0.3723215482752372,-0.18544515544162252,0.11566816373942884,0.0017338277766653807,0.005920437234096449,0.022264966388523648
N643418,0.2092394158323991,0.19128863493873088,0.3977198176503858,0.035575789230850655,0.6821852782572027,-0.05556635710093088,0.5096695145622953,0.16693765634221094,0.25789700225018425,0.1939161896055426,-0.18460142559553971,-0.17401479120672442,-0.16708669730811077,-0.1822857297446955,-0.20582065314475614,-0.21526835050179063,-0.03327819625880001,-0.1932638163080341,-0.008432616206753774,0.09833648631920174,0.029740958356560543
DU86-084,0.1051088115533004,0.155216575672773,0.10673987948977781,0.12627670432085925,0.2288395901730957,-0.0016521243539086106,0.24467592262844287,0.266221181602409,-0.06700082698211643,0.1287235894537301,-0.09033623330517111,-0.11665512735684883,-0.00045789056249390727,-0.2727715101897189,0.2774138453799103,-0.5843659336755201,0.44300017522239626,-0.4759418239183304,-0.009693853823286568,0.00684237454223755,0.01082025812593304
N643618,0.21526810364231594,0.20562027891151935,0.42861432866492155,0.0548688048463567,0.7124444360150044,-0.018174912295008932,0.5349663556827783,0.22283545534911003,0.29110001979927663,0.27574084502372603,-0.1908363909995842,-0.12257797628486258,-0.2313109441769628,0.02758293003415,-0.47306243042938045,0.18253579280508975,-0.3407679327648685,0.09128197154730273,-0.08666494902724367,0.20888439638853817,0.04231644809239225
HD48B,0.12172925998176728,0.21338887295803266,0.10725183047596686,0.26323667336565415,0.0802758478210592,0.24788882509965957,0.12675460682596454,0.18972720848652536,0.1539935578536696,0.17387361361185932,-0.12431746591937824,-0.07482529149348438,-0.08244984673861318,-0.020258936176447164,-0.11070206533195565,0.051874821552410924,-0.1398354904129077,0.05752733501944985,-0.10242182373806374,-0.009162599243537553,0.020170397339350762
PSU94097,0.11164579378778389,0.2874188060934431,0.03638939020419789,0.562195384961792,-0.27959066582690095,0.8772847494467498,-0.32596639685061796,0.6603699010677336,-0.030523327413018324,0.3841027332208775,-0.1146288612848715,-0.052509276528557206,-0.03563334215856307,-0.02068254569040829,-0.019426756962416712,-0.0020268438830017685,-0.007492509845718218,0.04289568623710129,0.027853714255055152,0.10929155829457671,0.04121588275788839
AS6096,0.1340130150857854,0.2501761191751962,0.17722231741466593,0.2876801358116226,0.20601223901799415,0.22312154165087514,0.29553867678783496,0.18337000976703657,0.2927109739138173,0.24415724548433435,-0.15142617416268625,0.09444334564592331,-0.1445221595293468,0.6668264651376654,-0.4533311992217333,0.7401889821831568,0.014571405657151443,0.30447321394621374,0.25445106640634285,0.22553608277463566,0.04651730939508338
e423,0.22476664166943977,0.3673349232733302,0.3867525421598719,0.3578875349035362,0.5791615138025251,0.24938118463106804,0.5953671081389148,0.28497401422866075,0.491416009703522,0.5756151976035577,-0.20434281913202593,0.015612149151844886,-0.012860124522212397,0.23073466355290836,-0.0077459936453663095,0.26761167056308804,0.0538536224204323,0.2824718308137683,0.1312510652220194,0.27837216070434817,0.07754904657668409
e387,0.11212881527592163,0.2377911810240491,0.13098429807084896,0.308478598888672,0.15968943777739403,0.2606801807130411,0.1730663400435165,0.17576214752257763,0.1858571887862634,0.14561863593878263,-0.11039699276812165,-0.03326623893911564,-0.05601973664272671,0.018367128592372696,-0.05888297234157111,0.05047704415070597,-0.03984352250344578,0.04842173203220027,0.004165849423110719,0.0578471944761991,0.026152119885254062
N653218,0.21220826193397432,0.1737211788575417,0.347733423889304,0.07170985234532254,0.478354394514429,0.18178919654797907,0.3048462239635605,0.24398266579745134,0.22104823665129972,0.13245944413384642,-0.14930495788024295,-0.1562292601975816,-0.23457002226737927,-0.12875527855680488,-0.28256954928727007,-0.248096279205557,-0.1440585960010062,-0.19707901505086792,-0.12611548338715128,0.02247675564693619,-0.010915881000475419
SA7036,0.11627038517477957,0.24368987008669823,0.09593873040892902,0.3191288755004458,0.05031878259765661,0.3011632455059068,0.12229114154061203,0.20098336582295648,0.21213922261729246,0.12240649765612434,-0.1166798824553918,-0.0642095657318136,-0.06762650122373613,-0.027327822353590686,-0.06717183573197248,0.007416564077223387,-0.0717328092871673,0.04316186605353364,-0.039845180759397435,0.0556982288041742,0.029124598022001756
naca0006,0.08645381190371848,0.07770880351201184,0.08632398204818392,0.06895962522001332,0.08438179211198436,0.06594985212815034,0.07665804648708076,0.06910464109022989,0.07218829851618916,0.07251652237236066,-0.08655405961964584,-0.0776304986507905,-0.0865366379710239,-0.06866564776919468,-0.08464945464979062,-0.06579082052027392,-0.0767013684571859,-0.06912680886876671,-0.07215752821065528,-0.07252857666243215,4.313378678630319e-05
DOA5,0.2035677904251818,0.259510544905435,0.12182280821567587,0.5418319440139322,-0.23758475883712793,0.8657230168505544,-0.18508162418142046,0.6280966654449801,0.16841180067235156,0.4612948234207141,-0.19975466229243177,-0.08534645579894035,-0.26678975496046164,0.14945902408661982,-0.779848448528375,0.5855934358993986,-0.8383381506156056,0.23414980535049992,-0.005186759129678709,0.06534116780292577,0.031844017083305934
MH30,0.09737697774689126,0.18358731231733497,0.08113743013332564,0.21876395610735566,0.08592179790594369,0.17307018280982886,0.14473380475988573,0.14460524469029906,0.16034212775951664,0.09272903378461339,-0.09345325239345341,-0.0959656643026983,-0.02813954119874175,-0.10597945618051345,0.004240689943080357,-0.09443315175763371,-0.004154568387186001,-0.05252083301944811,-0.01350147657895245,-0.012562184811496605,0.019100439128840983
GrummanK3,0.267829115041736,0.17619085665495177,0.25468245896230246,0.1299145142847658,0.3844388835252328,0.05390362344346233,0.48180382113082765,0.21718962442192472,0.37341791276062747,0.4493208253527203,-0.30278358002906663,-0.15510105553593992,-0.3851952270068865,0.014484906550815468,-0.5085079288049124,-0.010558049991544718,-0.19531728584979768,-0.05873185973437683,-0.017056439969227875,0.07731600144586179,-0.03559365073999745
E1098,0.15539403918251493,0.37622246949340893,0.09414695361294871,0.711641415269992,-0.26916491501507744,1.137121042788784,-0.22997126022317674,0.5967245362697073,0.1778042538941233,0.3362971439757549,-0.15460633981237992,-0.14333467658113952,-0.2322421431394054,0.04622022060212943,-0.5410085300618305,0.17280542843723845,-0.2852831297935704,0.05742598128862723,-0.05560259900017251,0.13833047679579843,0.02950762950662949
goe417a,0.10763101478619856,0.2179203301514308,0.12135707653354075,0.20990336009199928,0.24669128589452993,0.13931706718218204,0.20713580708014948,0.2508392487101054,0.2481431133309969,0.2668079420290257,-0.20091881561176864,0.48367502490814557,-0.555576683442151,1.046664742424355,-0.9313355811293161,1.1464220027323697,-0.7555655295139777,0.7184304475660641,-0.21094105939567573,-0.07576417143804524,0.020217918500680044
ds19,0.16627182782398722,0.19592094900609106,0.12454197902091321,0.20500427159327395,0.1306189248522765,0.13963251714633093,0.20848335208078045,0.09732095092376727,0.17421953475991064,0.14307568521566508,-0.07829850626647875,-0.027275155536562096,-0.1469608870250961,0.07506954343008931,-0.22694821761248174,0.14216728150382105,-0.183908924090737,0.06398879401870251,-0.026500090101764906,0.0458364379064727,-0.030836950467433982
HS3412B,0.15483545979965696,0.3080778707254298,0.1714464019941497,0.36142163291385876,0.10967260806711245,0.3076481061993888,0.1130621151827241,0.18935098839397446,0.15501313576052791,0.13178860598932277,-0.15051572611697578,-0.08244816191639599,-0.03595207424755276,-0.10438358556680916,-0.019981615019641866,-0.13330223252875123,-0.09281283314099568,-0.1302158026398678,-0.13727263238713172,-0.1615448244606158,0.05144964546599183
S833,0.18092082464998102,0.26392640634984804,0.18451219583840467,0.23342916284092974,0.4144838079452823,-0.06419760137966916,0.788655507525598,-0.13601715875572087,0.6746712495135343,0.2861719396133745,-0.1926641179835856,-0.30905338810803207,-0.10871425105116941,-0.4338751847083387,0.05510624243490591,-0.4356693302697125,-0.03917527616133558,-0.16902057684402427,0.017207528988303435,0.15479240553132906,-0.01921307028647569
N654221,0.21305953514974807,0.20019481512715026,0.39694438002480104,0.07601299140248313,0.5706781051287176,0.18549676865623704,0.35815814643567,0.26663056101447996,0.2456028993098826,0.13694160343699632,-0.19592038853657426,-0.2036099547285696,-0.25721743272228265,-0.17961581112499958,-0.31258958720957397,-0.316995801676631,-0.1457386071554522,-0.24822549975229724,-0.1383667835575287,0.01490679695708934,0.015722179813557606
RONCZ1082,0.11779048303015627,0.30921114106499553,0.2257325632115753,0.40001542315691985,0.23037656475697635,0.575287981519494,0.03632712024642267,0.4866749566524501,0.1385290921245809,0.350170879164251,-0.2322746957690705,-0.1274912666337672,-0.2073097135443902,0.03946992583052997,-0.5028713305661693,0.35249807692852925,-0.6926901294362723,0.14850560537685958,-0.23510358388241215,0.062175957362746025,0.08525105787033105
N63618New,0.21240805225450662,0.24430721104775166,0.3654504865444255,0.19816663147147898,0.5127473508545638,0.14161634324308475,0.4344896040752757,0.2494793638705501,0.26302583632531906,0.2694550259511915,-0.17794684438570307,-0.20399641318045847,-0.08001188169164186,-0.26273791105767264,-0.090094182120671,-0.15575761028181315,-0.10406930747295155,-0.014844023559394027,-0.02588474912969904,0.2062419547318185,0.04606980340900187
E604,0.17096605667755826,0.3353227553918842,0.2000973835569102,0.4972939289758953,0.11140884909117085,0.6273652742983316,0.16776437353123086,0.4340731838431517,0.2745245028789426,0.3616184783270038,-0.1648734936210539,-0.17865668197344442,-0.0724732301731823,-0.3161131675101357,0.10250619921776573,-0.5013703260462539,0.03814466994860081,-0.12766822993184085,-0.025876045806194972,0.17025193713077647,0.044420759165849456
S1210,0.17118114544196267,0.410306603801003,-0.007559554016040442,0.8830049768895839,-0.39827459665113063,1.033086902459142,-0.33127598061930097,0.8182483642659549,0.004217151047215004,0.7310668765081928,-0.17747703620325098,0.019303925495137677,-0.27249112839472656,0.41277105022093635,-0.373238883311193,0.5441615328317017,-0.19990862023217357,0.4790719918443902,0.08075264927942633,0.6046565392096859,0.06105446756622764
HS208,0.012839263893496594,0.17858001087680414,0.11317031767229802,0.2672396300459229,-0.019379934678953995,0.28107640550156565,-0.012184701303650755,0.15973050161550464,0.07431560656151322,0.02256371177138758,-0.18131374301893924,-0.03207671982553177,-0.11768200265378567,0.03575985816940332,-0.15355028042535343,0.03445999912679493,-0.12391596474120263,-0.05093343399552911,-0.07644617919088247,-0.11490470198845179,0.11168877560965132
sd7037,0.12451558250802998,0.24350507432173352,0.1077101540058496,0.3175057542671421,0.05843505234506046,0.3166289659382336,0.1113019639001805,0.22754217797057905,0.22083195174701573,0.13690549470970054,-0.12770681143538148,-0.050885524084145164,-0.08156912194337887,0.008834261349389664,-0.09556747994607569,0.043315163412878895,-0.07440748064258967,0.03842520962809135,-0.010454321448037176,0.06167887047643219,0.03135814252057389
cr001sm,0.1028824892266004,0.23982576467940972,0.0773789127985574,0.348718230507414,0.02843757683864209,0.35819814888364615,0.08473625850279738,0.3008666886648339,0.16959710171046521,0.2842585544230754,-0.11186721872257863,0.024053450101659428,-0.10593324305204728,0.1370280706661922,-0.10939267133246228,0.13182784251450955,0.0011964201445565927,0.06578660921607415,0.09364018732641578,0.06273054101080176,0.030239468092743905
e214,0.1269658494112958,0.2721683325729463,0.1208904721358931,0.42094192013706827,0.0184522277798728,0.5113747765451025,0.02973809155404922,0.42724610666515217,0.19840659176457895,0.38715415801737624,-0.13195350662519753,-0.04926297954917036,-0.12116287988369849,0.08340481209163335,-0.2351484045850088,0.15746248195948725,-0.11353014162687085,0.11699312591191016,0.01968380778417991,0.1865274253565141,0.029862019490763437
DP-1.89-7.83,0.11585343776661822,0.20190309811735627,0.09012899384689779,0.22932956687113465,0.05052909638449858,0.22015016953763028,0.053403693608717856,0.15458886412963752,0.10245212647542346,0.1147411152654135,-0.10927757563525257,-0.07771849491372858,-0.04496972316577209,-0.0675875718050098,-0.010669610578662139,-0.054871253190265444,-0.026308378779198643,0.009322874502905778,-0.007499780811124066,0.07484194486975031,0.02689548574412304
DAE51,0.12518300823064402,0.24599242370017424,0.13145137925864878,0.3514251842455521,0.06953683588947242,0.40184254210795634,0.08773042059028933,0.3589181894809737,0.12913384128562733,0.24345210205445644,-0.12880096935343158,0.001411033729858802,-0.11567415550815414,0.07303507766581209,-0.07850628475384938,0.016073841114944847,0.05096127783696232,-0.037845302521887045,0.10061307368454803,0.0036976955419755525,0.023077829421131103
MS10317,0.24342236234943496,0.29737821672516307,0.08311818339902813,0.5609381246471612,-0.1778660336295463,0.7689068613161839,-0.11370600722365035,0.5211722574274249,0.10457885943426405,0.3262143023906215,-0.22854839460838686,-0.16998840416282512,-0.15612603999266889,-0.28700169068536735,0.08769135159056017,-0.6492725503188568,0.2900187517898131,-0.5546408954460387,0.24909362369309362,-0.1502316876351572,0.036069145734470766
AG45,0.10284956564568172,0.1935373057052541,0.013406069484452821,0.3632929513692965,-0.2388847501672275,0.5300474848550774,-0.2509900353331498,0.27473573129575785,0.017520855234798287,0.1265608868818129,-0.10149314123826465,-0.043256682041922824,-0.05300385194714134,-0.012643433002248083,-0.031026204049526575,-0.03668812873101886,0.01363514276803226,-0.05272979132994464,0.021559193466819112,-0.01567996968321027,0.023893651841618437
S1010,0.10773556742268232,0.11013946952543822,0.03706881657400021,0.10913450948465278,0.07261429182719455,0.02168754607307644,0.1455841653814306,0.04310026586473025,0.0869016788044303,0.05039105305070497,-0.10750453677890598,-0.1103396520670757,-0.03600841404924973,-0.11205327283500505,-0.06754040405131824,-0.027247559456036602,-0.14147796154909092,-0.04521234075213207,-0.08614633412396662,-0.05056603486168665,-0.00010104147078189112
AS6099,0.14980314021506944,0.26175662498488456,0.21437831934365945,0.30316973836663924,0.26583235488729906,0.21752379162878147,0.41346740341384175,0.16793877331580462,0.4160004478707238,0.3483463137508962,-0.15877274527250262,0.13851350331881046,-0.1543216873778881,0.7337323930143691,-0.459252115585403,0.8377019771594396,0.028173344571669763,0.34937707531822804,0.3616079309109182,0.32223932806192024,0.051879095431557276
SA7038,0.12047496651091817,0.25765022234493407,0.09704018027988869,0.3379219427596355,0.05937278950345509,0.3092780052657535,0.1448610390770833,0.21001234987012363,0.23438602857021623,0.13743200705364522,-0.12269329276630636,-0.0433018521081247,-0.08592340365485882,0.02949587718985546,-0.11221770083979578,0.07852810969776386,-0.09373511568706627,0.0732874324383401,-0.025618925260726455,0.0734915339552027,0.030516019366755798
ag43d,0.12490100184622745,0.1911286885285223,0.05077702497932698,0.27514287024652734,-0.0572598893864882,0.3252458833109692,-0.05866417048338314,0.22513421343885914,0.054413649816809996,0.13928612911571425,-0.08631116986552301,-0.04092659952628566,-0.056370451236435554,0.007062673226492708,-0.05519973024028204,0.052710001374904884,-0.06489866217894942,0.0932278676309992,0.013130537092950222,0.02078051094397585,0.00781535337224812
RONCZ1080,0.16621664886976342,0.3241563991772993,0.15764411549061744,0.5990011247038376,-0.1751634590112984,1.072002158186402,-0.3060708583388646,0.6298853950898939,0.08822748633277984,0.31064885712203494,-0.1875930773404588,-0.12524209238781966,-0.19314066718827086,0.007097647386792346,-0.4570151140633434,0.3014353472514063,-0.6760685531407904,0.14330540024857052,-0.24043255949274348,0.03857441001729288,0.0463278096915733
CJ3209,0.07206754308924498,0.29852576659530455,0.023949848251143272,0.37814333102036934,0.009519369588721549,0.10907265909533348,0.3663524251360724,-0.18143707931079361,0.12387050703484355,0.07440220803936536,-0.09937938038766332,-0.06072330288268295,-0.15203222863225935,0.050810277859419876,-0.15972894887361105,0.004190785829156252,-0.11687413729413486,0.0011988715643636615,-0.19491174598432265,-0.1179363223345663,0.0022047799027843516
SD6060,0.11901716396357248,0.22957783282872538,0.08839514888352375,0.30111762383346796,0.06625704603392224,0.2935097769691041,0.11520219347458402,0.18438145497086977,0.1626792589732383,0.07692686190002139,-0.10477677523776961,-0.09762899207720346,-0.07601063171718486,-0.09589568167443854,-0.08654462909999147,-0.06910807532087428,-0.12470315334698,-0.041384626061536374,-0.10557999507495071,-0.00989742927465146,0.009353368571602122
HQ3512,0.15031192938161383,0.2515470723107539,0.21053205600743413,0.26887312313780243,0.22226161773214473,0.266489980717029,0.28619653330763634,0.22786516554470296,0.268349078673686,0.20426198222961955,-0.14100432189759068,-0.0627543991396981,-0.10356929019432955,-0.04322797771937034,-0.07732014025643671,-0.07359823846913428,-0.02658097906705403,0.028614374729489266,0.024557133292455208,0.10117024280508262,0.0407490462826605
sd7034,0.1510864047528614,0.2704026860945654,0.1776569042122959,0.3047060103845428,0.17233068832427265,0.27469912623413123,0.21026522216633922,0.20461176262958652,0.20013172833443246,0.11075455407470745,-0.15355926350986462,-0.03629896413856338,-0.08910908776386187,0.02215904294315507,-0.08751148185661459,0.047017401197930755,-0.046012063829256974,0.04047176380836206,0.0037317445579709316,0.05820036539844502,0.034873727181529764
E203,0.14000871713946406,0.25467991976476095,0.1666670453882893,0.30163682034388345,0.2398242998141802,0.21669483361944267,0.2873656279662874,0.14917861966886,0.2751536014466273,0.21872716270814804,-0.13869525783547826,-0.15256630996152218,-0.09571044916190656,-0.13340313631313735,-0.1802833921609401,0.06667461224023723,-0.2069242629897525,0.06368233602949698,-0.08104005706216422,0.0548023857814589,0.015991446082039572
Merganser,0.030830366746836865,0.2484066367565904,0.06630671613230107,0.3936594381089364,-0.01731183115522592,0.48050956333210554,0.10934342736082311,0.46631320356685363,0.34634285064214093,0.5138072262668273,-0.06972236501064767,0.1388885228910836,0.022271646707841927,0.27211304841685136,0.027947999890061633,0.282605704721232,0.19716952250112013,0.27403050895556524,0.4263861379085657,0.49881976014303536,0.04539918932106784
S8025,0.12736154867734067,0.1406784118895565,0.12242010245740508,0.10279166666736778,0.09255614756867316,0.08561903380086025,0.077286424712153,0.06205750033364822,0.04781076856902921,0.058759586360263086,-0.11872111356180924,-0.11296588054466151,-0.09679272965660463,-0.08395802701658375,-0.07917467445335133,-0.07669831050507388,-0.07061464922167184,-0.05655337111380611,-0.0419861684577035,-0.050264872676918274,0.012698140963139499
TL56,0.1287692339816195,0.19144515611589805,0.11778628707240406,0.19225632876501011,0.11875868732748211,0.13575084196143766,0.14488685635339024,0.07443525422217084,0.13159523631951572,0.01736165035125988,-0.13107829409423238,-0.11762598848798302,-0.03140650276881,-0.17015319045452135,0.06938559544230338,-0.2276757514519695,0.09131389622598986,-0.1894044007314313,0.020111459021375296,-0.15696995467820496,0.013521221722402901
Sipkill,0.13319441623880987,0.17702190338958773,0.17775106981347813,0.17277515571507684,0.17003682346747573,0.16818712942880018,0.15822890334531955,0.1382737133755631,0.11392400768417013,0.10921165903280362,-0.12459904689698702,-0.08948347449294738,-0.08221909804876597,-0.08274961327184593,-0.08500844135373296,-0.0893677634543636,-0.09609059147466854,-0.10463304992988909,-0.1103724970775468,-0.10342386112813594,0.025446473597562986
DAI1238,0.1702384013429742,0.3121061156847987,0.21288731871516173,0.3524776162371842,0.287792081221714,0.24811919231314322,0.4144489506416868,0.27841426534793867,0.235672493432318,0.19414624714465586,-0.18243980383747632,0.009679758265258154,-0.18088003913914874,0.16277739529816437,-0.22454339945445995,0.1865444421000543,-0.09320648257253894,0.0901770820651796,0.08154625190666019,0.10003563445492145,0.03743171180645273
RONCZ1046,0.16655660920537646,0.3640537202866423,0.36839250787189,0.28109700694118367,0.7397039067630631,0.12248256424963126,0.6429399958389892,0.10492259181922307,0.48193393676086826,0.2294974217843326,-0.2133189225019476,-0.029012339688363784,-0.21682414174989076,0.18704607410482682,-0.40828725453788195,0.31732479145758974,-0.35446215751367854,0.19520352880959466,-0.15931909603664518,0.04769061868581025,0.07711408943702228
hs179,0.11696152647795996,0.1762535795210877,0.13233228419746185,0.19764514050717982,0.1167502449266912,0.19905341411323937,0.14594536629754298,0.17324253162829956,0.15292995209967633,0.1743899646816995,-0.11070563207450834,-0.09849583156374882,-0.03462033908244469,-0.17083454214821342,0.10537190986018323,-0.2952035542600057,0.14185374612476787,-0.19480964534777992,0.08696942601323276,-0.035996358820887676,0.01952562274660357
S809,0.1466376333734614,0.2567886841293769,0.1803372684023909,0.36015665657652696,0.09644910030479095,0.6300675680386195,-0.054382707471236566,0.27141770545930044,0.26508601577460433,0.1671879002923963,-0.1335500663583836,-0.21587636294824705,-0.3304635227366979,-0.028274256633892457,-0.8397345051031209,0.21705069517733733,-0.4724743487585398,0.021708144050555794,-0.14184403963358336,0.07683871321963741,0.017188985958407798
ag42d,0.10760582479817285,0.20267978243230764,0.05993491902933264,0.29961770548862954,-0.0416088575754428,0.32671345837969995,-0.01580782397324541,0.23696814854296186,0.07538050280998525,0.1538643653258474,-0.10566068113563203,-0.05586093309358772,-0.05426844887451236,-0.016538661665789364,-0.04035218489816408,0.014003082850611581,-0.051603022703187645,0.06805338869719467,0.009480126608193848,0.004708880711007477,0.021849508841137826
RZ,0.1139538762944769,0.25985324354794964,-0.0033651187390378486,0.697895005240904,-0.5368293105079919,1.1383477584919592,-0.3307314102330695,0.43937370849168983,-0.07545192399344554,0.10347956414002336,-0.13775503512059936,-0.03784093922363402,-0.15068437380445654,0.027438105393907654,-0.19430383075581445,-0.009280189262699995,-0.14376524071897462,-0.11784988465699918,-0.15662201435535958,-0.2552952739956755,0.032377482597770305
S7075,0.1308710708671969,0.19918991051825546,0.15026906154738429,0.25153474781863344,0.10587124793963829,0.3131010046541753,0.08413809268539957,0.3119002845507254,0.1967294834047767,0.1874002441776723,-0.13001955080859054,-0.0345394290714773,-0.12212428324606146,0.08424433198020972,-0.20064881489364755,0.14198020696135527,-0.11105235166303837,-0.013717396666718744,0.07169016173045535,0.05359636910667055,0.027741895168552366
HQW2511,0.13594290123418631,0.22166725309216756,0.15841196340625982,0.26233747842452065,0.1462754370422487,0.27199858015437767,0.19350019676429622,0.23016215251725602,0.21152444938208875,0.23277171844814704,-0.1325144072571681,-0.07656560575838516,-0.11303277223134035,-0.04578255708535987,-0.10165603207481172,-0.07060384121017285,-0.07661392251533058,0.0031078749220643195,-0.03788779116894664,0.07928406831519792,0.025636126764944565
naca0018,0.2588507187118165,0.23649118876229094,0.24623209854316586,0.24284349349311637,0.1775572097911,0.3185789232977967,0.08228717541408312,0.35161764988338184,0.1087332760284159,0.3103661771812137,-0.25880742842279075,-0.2365455972066925,-0.24596380245625588,-0.2436720937824493,-0.17573432072175038,-0.3215309001151485,-0.07868371764664671,-0.354965362454362,-0.1063668494952301,-0.3116293294041839,-1.7279448552525647e-05
DAE41,0.16704419916000068,0.22635105085762336,0.21185510840622737,0.24545512625828994,0.228253206375685,0.21742833536282458,0.25449293974983694,0.19214852139778565,0.1822198756011588,0.11746777339208354,-0.16641666824356766,-0.053615219990573636,-0.160466852149259,0.040104102269976356,-0.20085059365074123,0.07055180810950885,-0.14490736082714004,0.023092630649078377,-0.05903085626841724,0.02237145600070461,0.030548360210273195
N654421,0.2249904121634141,0.2140117185650824,0.4299028344678997,0.09288372095314743,0.6050756051747183,0.21693994281144824,0.38904606577219225,0.31916025522547403,0.2819527958365608,0.21775305131564562,-0.18319699555898902,-0.19383499191745254,-0.21038185490536404,-0.1942996153156824,-0.22672966662724114,-0.345264552430079,-0.06445932930772726,-0.2266555017091891,-0.08937020473286746,0.09102790834567322,0.023898731182603765
TL55,0.13635587652069892,0.21285225207942116,0.12750366876672545,0.23669502440672338,0.10053344724796918,0.19043364511245883,0.13979485555614232,0.10473604816817374,0.14487898217580633,0.03619571661187323,-0.13352934929047655,-0.10830467731540465,-0.03284782264260308,-0.1529753331938724,0.06611867969400201,-0.2111408701126734,0.0945033185498686,-0.17616969525650356,0.028474700597885313,-0.13887435961905276,0.01826984125469048
S823,0.20815689814625113,0.32112728687029574,0.15081309353095435,0.43479553780700386,0.144071023993553,0.3929542186007329,0.20575030161167582,0.3331679538803526,0.2232417277775482,0.37132454485473976,-0.14767733755602303,-0.9378744108345468,0.666708754745783,-1.5365722710915315,1.0923853361637221,-1.1648889628216934,0.4744920257369093,-0.27686141010377385,0.05126555936731758,0.17376384894164043,-0.030132449539513786
S822,0.1366354135020738,0.2485508440237794,0.15505907501985905,0.33535544368888326,0.15658481086387338,0.3543552229575321,0.27832362454077386,0.30978617642702355,0.2543025544231516,0.24273905557052616,-0.1692262403066226,-0.23462690604669256,-0.07017607915135932,-0.3381744346820472,0.05045363894238887,-0.38537158375288577,-0.007580431141363613,-0.21855457568323494,-0.09966650566550922,0.03727501051375092,0.026278781399169126
HQ208,0.0974536711196278,0.15772615961821498,0.16497552525650802,0.0725168932053143,0.2936366709786314,0.010856801532764249,0.2888892654765473,0.09180767518120134,0.17397459796949039,0.13107538949862102,-0.09402659706385297,-0.05919778089872047,-0.06410167128293345,-0.01879900911418713,-0.13067867448930404,0.04537449535792946,-0.12251519913738132,0.05371615086085459,-0.0009866676327136058,0.03672195654666359,0.02592087939254719
LA203a,0.23516439270352615,0.29246784523079683,0.30245960814474243,0.42529615507958857,0.2089043780308199,0.5716621428703221,0.18566004167111944,0.45550923573041086,0.18545005168884154,0.4206247904794102,-0.28870219047762397,0.13553404083324644,-0.47529736502889136,0.5350491724635978,-0.7735343046992392,0.5875952089772819,-0.4979949126632454,0.3584226789024916,-0.10762389567377638,0.3542955677903718,0.018832458142413078
N644221,0.23799358724684105,0.2072240741889021,0.41751413681950383,0.027483108260689594,0.7460950696526463,-0.11545763583735276,0.5596849851779576,0.11197794734807082,0.25340866407704843,0.11496762604067787,-0.2175256096092082,-0.2185231619230837,-0.26234795486913337,-0.15385895857330426,-0.47219420384051103,-0.007639494822815008,-0.3769440835093983,-0.062361604701675705,-0.16598125931607252,0.04255126432883101,0.01606349343877714
DS21,0.12192168263071775,0.17972375947011715,0.1327108240141853,0.17339217714734154,0.1690426971208669,0.09939198542334701,0.2235578241543423,0.08115749274887092,0.16948545838701873,0.13044827581741283,-0.12701953077655695,-0.0449090112510831,-0.14983199771780426,0.0695643817044081,-0.24213244308314072,0.15368846385864254,-0.22157901687895698,0.07240904237494628,-0.043771936856084694,0.03403215661693342,0.014539887406463883
TL54,0.09742786901002662,0.1961976811418453,0.20322114967181842,0.18934372426766727,0.17938883639587344,0.17425684803469962,0.16895843553414738,0.15369515128571273,0.12302779487525838,0.07762303029591397,-0.19052314111300206,-0.10044855550131995,-0.06954517655628378,-0.059176273967296425,-0.05738940344470966,-0.05419267612584423,-0.04840872706798985,-0.04014775718762917,-0.04463569428640326,-0.0906347977264227,0.07617944052544624
SD7032,0.13459584047499065,0.26827334213395043,0.13983614897309107,0.3313936672454865,0.10475297412427438,0.31432056625332183,0.16635781940851804,0.23704724016834383,0.23722800224186572,0.1556403128280379,-0.13215886801852836,-0.04269400185141829,-0.08552686605878178,0.03036126773286679,-0.104100609318582,0.05729377720099905,-0.04956344943266649,0.03709623809522256,0.03264554729589185,0.09253543553565054,0.03807141799675515
FX03182,0.1572156625946028,0.2754280211506602,0.1951513716505102,0.46031311401110064,0.016193220551393345,0.7921289541626603,-0.047859351583753415,0.5405098687002143,0.18047665026219267,0.3374518791585331,-0.13936223311932924,-0.1915392483096812,-0.048176706133852075,-0.3869415668839247,0.1929297294696484,-0.6591002183285296,0.18585386604645834,-0.18265329854907542,-0.04588663563690104,0.18516834375657862,0.03398140326423528
MH62,0.122333236023809,0.1798465897088156,0.17005233297520658,0.15405391582017786,0.15083795717534046,0.15374464215701306,0.14704462082907938,0.11610702805963455,0.0622505922055348,0.013137874911698521,-0.11515032002998943,-0.10640675445723093,-0.0874425621091538,-0.0726945757377882,-0.0662214816373296,-0.06392448748135231,-0.05859480332986233,-0.04804334061513546,-0.04244434871672449,-0.07202983885850774,0.020170343850042155
DAE31,0.29426546767601136,0.35342183796252097,0.21231568300567477,0.39175182458307267,0.29670804056458566,0.2699897369374757,0.45833938892060105,0.2951433716882779,0.28044801735947117,0.21964386727124255,-0.06989656352200051,0.11716935334839196,-0.21094636145490467,0.3303357381990694,-0.2993062565102077,0.37003027657726406,-0.12233634950796918,0.19068971304951576,0.06905789607308839,0.11438209313177113,-0.08086857451428103
AH79-100b,0.12254293119443328,0.2944968833290491,0.16180968448200225,0.4746905148150124,0.02418074109248974,0.6102163353719755,0.07547974566597891,0.49803092400858445,0.18233356073384852,0.4872385141016983,-0.14109418557975312,0.06099446211646642,-0.1456158900231706,0.24950768931712547,-0.26806443861657386,0.37252708353964875,-0.11468418993246053,0.27698498076475464,0.11207944525927845,0.350700031101397,0.04031751785562102
S4083,0.10317557613097886,0.28083860518627873,0.028774958037650924,0.500707941507484,-0.2555920559979931,0.6362741930862885,-0.24566275627664735,0.46487632704772713,-0.007908896865860087,0.33581656151847217,-0.1137740479750778,-0.010294089951163413,-0.06975902151976439,0.04678795469714125,-0.027262210016271424,0.001330191653744926,0.06254712217539746,0.025180371623519417,0.05685569826666037,0.0366865056749713,0.03136206460384463
N633018,0.1912457558929854,0.23166555066289735,0.20236945454798652,0.2748954677528728,0.23219506934214662,0.22865245370445414,0.20186825058239705,0.1750572447570807,0.12367280107755876,0.03837145585936372,-0.19530722320373547,-0.23054027907738747,-0.20655037690976358,-0.26784083311873297,-0.2407752746720221,-0.22071718945640062,-0.2076633956348497,-0.1717056266855492,-0.12511648863778804,-0.03803654723346264,0.0017815739729134092
FX05191,0.1907298885629288,0.24788760414626496,0.3028929609828333,0.24548517861134217,0.4445610906172925,0.2688297886208422,0.2906887914361565,0.583301468132942,0.13005074661985033,0.3878222802784047,-0.17282119534798246,-0.10614252148818529,-0.32456579527857654,0.1759220495406136,-0.8507168238019684,0.6486520835858178,-0.9465914345684455,0.27886788979110927,-0.24431318182809855,0.2612950088940018,0.012960865069147962
MileyM06,0.13235870290210927,0.31705294721097216,0.36562599974083926,-0.008163078837919188,0.8661987807259681,-0.09292390212615421,0.21437782046575357,0.21138332912615657,0.05089006733565007,0.09571981493046543,-0.11612752492956498,-0.031500003345443374,-0.0589373733740954,-0.007782692304184674,-0.037573048055751804,-0.04744847191517893,0.019597500517537392,-0.08735979190095065,0.023719707543123025,-0.09489349892396216,0.05198339397337107
LA2573A,0.22876392565051756,0.2618831886350965,0.2627101666384207,0.3635011387326414,0.18117644702787936,0.08544722657353856,0.21927526661621147,0.04067005981136177,0.08444838578307756,0.013381483393049953,-0.2565222727593748,0.08690959899752329,-0.3998561428448301,0.3193336099547587,-0.49404246210289654,0.1578152174863102,-0.17318457924859532,-0.17101627479934045,-0.12267343401403932,-0.08722401689579712,0.008741658809595439
SC20518,0.3254284452475503,0.15157323819347795,0.34975593885712475,0.051411675893654314,0.43818700827478024,0.06753650095058703,0.4233896311220038,0.12072404532639465,0.3390565143871282,0.2068823953590119,-0.28225383317358277,-0.16434936131103275,-0.2532834887051964,-0.360457586901226,0.23711693995372374,-1.1668636791319809,0.9131399788209599,-1.1242711619943384,0.6315394344064063,-0.20834307381432193,-0.020441762104029506
RG8,0.12481697942302024,0.2322169125518071,0.10634703469531466,0.3078986411558275,0.059286683912681604,0.3208175739442211,0.10373736568459598,0.2744745142028227,0.1670128866484344,0.30610400312902347,-0.12849473867541,-0.10908302684652586,-0.09974549888157913,-0.053185036729169854,-0.15361754483124423,-0.02666276104084683,-0.07864613383574129,0.014268871395184386,-0.02068913254799332,0.10546383660117739,0.016789859572627443
AG24,0.1148792921185513,0.21717199401681034,0.07269719717438079,0.29617662201338746,0.006115496580639328,0.293701800142962,0.06430743642890784,0.20119306170399207,0.13011301898381644,0.14865724369592975,-0.09981783818336584,-0.07995429688273131,-0.05847527544330773,-0.06788597122211643,-0.0066924774816781414,-0.08398904451205155,0.0547682922032187,-0.07843160311458412,0.0704283375564545,0.01384930618172833,0.010707532168188826
AH79-100c,0.12634101596623495,0.3224717861737684,0.14307000293575722,0.4646368760856781,0.10609514573064828,0.4848075222813151,0.29075220372011207,0.3512540929583813,0.39296437160478853,0.5193682397951611,-0.14431642922371388,0.03571235431029051,-0.09655627314097866,0.183924902602982,-0.11803775958346782,0.23469359744833124,-0.05519777810620127,0.21985273516493323,0.0714599802662125,0.2830475127766885,0.03615216817106937
naca634_418,0.2643597691473558,0.22906956290716846,0.34382311310157887,0.17844300376494993,0.4575785134452541,0.16541155538292188,0.3505417732552823,0.26803252179069276,0.20490557783304386,0.2238695980486835,-0.14395718457609347,-0.17668915367757795,-0.183944237013388,-0.14156511427527887,-0.31794584824136446,0.02059915479962054,-0.33558003230063155,0.05991471860843366,-0.15361953059258016,0.15844239242324368,-0.01870010530072124
ag26,0.08722724717793279,0.1891156571778668,0.08189890985709096,0.24205879811703032,0.040559100329393895,0.24544644328120147,0.06282111433776753,0.1862596444211473,0.10693415951596924,0.14518641556348677,-0.11868010773243987,-0.047931506648614466,-0.0374712040609787,-0.034916652244691114,0.03144440115898573,-0.05851308902251758,0.09149435745748133,-0.04840877857524316,0.08659381827618683,0.009253195046784969,0.040248930267998646
AH79-100a,0.12541974436281608,0.23044044423820054,0.13970206987768832,0.2874794790218161,0.16048026739734167,0.23039069301069678,0.23091965779335225,0.2288544134916478,0.20818591667861944,0.2212841737669624,-0.13155514200244026,-0.05939238518615247,-0.10450476852442316,-0.011817575872453094,-0.07265819460257868,0.025367730432325365,0.04204739310588014,0.027293224417011132,0.11215544902573335,0.09068259804228344,0.02097333144088896
FX63-110,0.21887717203107931,0.19593747688129784,0.3075608486281515,0.13786344540002182,0.3779018864314886,0.1421091034554688,0.32926951564685436,0.23877642905400853,0.20459218154521425,0.3458936453589474,-0.09673648035695258,-0.08723671412302136,0.08329846916920547,-0.4299909593077944,0.6115438444086733,-0.6985480163965663,0.5401387264304378,-0.1382796420312137,0.17679486858298554,0.26516184684975735,0.001276986719226463
HD48,0.19943728633324848,0.21907848584625136,0.09836609576744869,0.2583028622753249,0.06864886538404821,0.24942672104322117,0.11236676180359022,0.1925519178654937,0.142452652253754,0.17082246176065186,-0.019248365725684714,-0.03698282563932957,-0.07146279310813303,0.009953123616309309,-0.10789800463410833,0.08349892040357285,-0.1315229202417005,0.07866467462940595,-0.08661611067234092,0.008272640484046285,-0.06990572882131783
S7012,0.09973935733742789,0.22737881228972448,0.05448440228011522,0.33683672965518485,-0.01988491304442059,0.30378115731119515,0.0467108643534826,0.1987414469243381,0.11124135237130457,0.15369664538176758,-0.1045107784034082,-0.08100707431757075,-0.05693881525786225,-0.08026793010943628,-0.02332828505446514,-0.0687121518458798,-0.06736267055141161,0.030292269643878753,-0.02792215026809073,0.07687740176491596,0.019104436210704085
N633218,0.21116713296733922,0.21585500561270374,0.2909933779285636,0.23240678971246306,0.312720468078249,0.2274916388807762,0.256699556085941,0.20922450865137204,0.16935081588941375,0.11306342355345192,-0.18516887545675273,-0.2125402705413912,-0.18241910762238742,-0.23359305824569065,-0.23662041987017082,-0.14668218086322568,-0.2190242782025628,-0.08815997096022865,-0.10764343423884754,0.04956528145004067,0.01049883066187315
GU255118,0.17201498086233194,0.44146035133423117,0.1661637754687658,0.86531733838977,-0.2728345042694595,1.476060294860497,-0.2843419383011309,0.7838576849318218,0.23873169197144908,0.39656141187873595,-0.1852831981483606,-0.040664932599774474,-0.18830028695850576,0.10221510949781865,-0.3251892436678586,0.16953521210951844,-0.2407259738675689,0.03887017499845905,-0.08729110126571143,-0.09335918135672969,0.04915610655093626
HS308,0.10347743550558325,0.2285654955450047,0.12380675006571003,0.3353558852986669,-0.039668929166221084,0.31804928009260947,-0.0070319737018861685,0.20061006647580085,0.0776198194923497,0.11937036897290894,-0.10771894042957818,0.023161543053174347,-0.13045212981393547,0.2044520820441185,-0.3830456006017534,0.3339987680846157,-0.350305967694293,0.0897130960261009,-0.10867107737592116,-0.13451847535919773,0.03221074073467332
SD7080,-0.03117472671349227,0.20732102662008348,0.09758551959851146,0.2968739620196439,0.04929282917851931,0.29374648041515117,0.10303523153813383,0.20722304170060912,0.21022102357172132,0.12014766704022867,-0.27687729678570067,-0.09119334655981924,-0.0817465668222167,-0.0190978604315558,-0.09829359214056486,0.021092281410047237,-0.08954826838305936,0.02446886389293671,-0.03304230144475019,0.04283084735916676,0.17957767688818893
eJ1,0.10231999899741838,0.31113087338815504,0.1407563345997156,0.14602387276745957,0.5284053130102689,-0.11210482134269024,0.38166113404732716,0.2765549950199473,0.1253445540571227,0.32645172279601437,-0.12784557285411569,-0.06312620301644124,-0.27888093123268537,0.1552984646415571,-0.3964814514674928,0.07069962468311236,-0.11990290081608805,-0.20167174688349274,0.01094158224824572,-0.18471609108806772,0.015150141466602957
Phoenix,0.09992933623400135,0.20296298275246435,0.1987005545764151,0.17459138956607428,0.1513812116344536,0.14153888417636595,0.1234016916162196,0.09987030874781307,0.07302870371484918,0.0834196024551646,-0.09212659396221276,-0.02996200227030406,-0.026382090814509592,-0.03812020790977993,-0.044034448835177785,-0.04907037474863592,-0.0510765233749587,-0.06359908905185135,-0.08767854371031428,-0.1260685204302257,0.040444555053158124
MH64,0.1046625613219573,0.20665574356177732,0.05733094432923168,0.2875464167699085,-0.019295792907779236,0.27439575777471187,0.05542876987792017,0.12664676028264435,0.07992300649556106,0.004011000896309605,-0.10539263101523612,-0.11367543578735498,-0.05564868829378416,-0.10630869862468467,-0.01774792658733199,-0.10721912016801817,0.004380082299713346,-0.09175018596655067,-0.005267799020846229,-0.06730388237383439,0.01779842230476752
AG37,0.09855136714861547,0.16839001913947194,0.1644493834910729,0.08318099470103334,0.3302730276988551,-0.1528119045239878,0.4378125802441952,-0.07713391593483016,0.24246156851797052,0.12840944685420483,-0.1422991552732874,-0.01990736283623665,-0.11850288548488756,0.014729888980224136,-0.034694307862100586,-0.1368417922243232,0.1420505426895514,-0.2378115738158864,0.12850983594352278,-0.18528695298840295,0.033560679368467704
HS522,0.12480661129804227,0.20699754808415669,0.12025186926238716,0.2198952686329213,0.125986236830045,0.13531832530498147,0.16877662829291623,0.0619217474276776,0.1181781315384481,0.02958344596530056,-0.1219686235082176,-0.0354998373679899,-0.11372406794673008,0.006943293845572864,-0.12514366081342726,-0.002916317833930529,-0.07990786938057759,-0.04370757088968633,-0.04360650973115222,-0.07278859803112525,0.0286896728728074
FX2,0.17157034399680818,0.26732980420801233,0.2772444717558409,0.2537791713195672,0.49444338256385656,0.18443527134297244,0.48731359016140463,0.7088487916359593,0.20961931382987387,0.4277963361500881,-0.14670250578728142,-0.22516117191174675,-0.030108061854714645,-0.479356222323853,0.19109324223165888,-0.5838997346037589,-0.13672510177081448,-0.010317830859526953,-0.10852236956274877,0.15125499053023908,0.016863001653098755
FX66196,0.1531861968724852,0.3565647317269054,0.23583406861830436,0.4119225648158323,0.4459444731454384,0.3054186925944407,0.3023961198185298,0.3797576853815471,0.20365349737641764,0.29363514554127235,-0.15465781725643143,-0.15952363376166992,-0.15892740985670392,-0.07848524521038742,-0.36769238429067486,0.07206329013815838,-0.1929812119397085,0.006239342957187939,-0.036682901358281124,0.11023778139839079,0.03179392869553336
AS5045,0.13814433128062145,0.2782537888035787,-0.0009420814473545746,0.7015537470688875,-0.5850014189359097,1.20700808080908,-0.5172659276417428,0.5542294581446545,-0.06240083866863136,0.3179328052377559,-0.15722763060750772,-0.16257907338121141,-0.12675403098608842,-0.32060836410131394,0.18751436971352461,-0.7173083057684954,0.25174104915665374,-0.26067335209492654,0.026657712894050993,0.00880398512177353,0.03763359701124819
N66021,0.07253209305113026,0.15936880019271568,0.31938966858645673,0.1310370802075709,0.45831811342861367,0.05300345534458427,0.6758318113650745,0.06952453220255096,0.3627093668504135,0.05060724438014489,-0.32798939142981,-0.20270548617489667,-0.31856405149699496,-0.14071308300734586,-0.4405654694638384,-0.0739450518655727,-0.6582504448860245,-0.08080459455963175,-0.3568659622553902,-0.053123092794492656,0.12777320847892407
ag45c,0.10816624122735648,0.2073936757487611,0.05968000361703249,0.30982709837851147,-0.04431505568244954,0.31865337940135124,0.0012811060889883314,0.20565298464212325,0.09417373736692561,0.13830186744574569,-0.10310574070157,-0.04827686191282295,-0.01381546396096357,-0.08644203835178607,0.17211748764059615,-0.3011358048471217,0.32525040790613985,-0.15044515217692675,0.11415214003670995,0.0021659196437786477,0.027899842564663838
EH29,0.10096110906403179,0.20151756307852436,0.07043409116950448,0.25207791542720176,0.020133397680866087,0.2076114521856282,0.06731874404930858,0.11060445377684164,0.09450696437573951,0.05990802385889499,-0.10650350227332209,-0.11133763736989019,-0.057847867407582146,-0.13436252236385554,-0.04846183187902848,-0.12436354250279513,-0.08788740226368123,-0.0889158929160364,-0.10008477953690581,-0.05867439379502783,0.009439972964756143
HQ308,0.0976576203279587,0.2109468037975664,0.08824648023982415,0.2952737423914431,0.04321517375114963,0.31753292374801817,0.12032248202097333,0.228162799107367,0.19020905229502366,0.17654450582337383,-0.09228022162007797,-0.024295261648397702,-0.05751797872946946,0.020612421854014934,-0.11684726613351225,0.07894605945490368,-0.08789888041441273,0.08650318824421817,0.04901896493292082,0.07460212387634473,0.03502617176035368
FX63-100,0.4911269802321183,0.23806933683514725,0.2782719837103546,0.15075668804005857,0.33210836491375667,0.1594475380354601,0.2968900832888735,0.24265081233708893,0.19519908637292435,0.34356201152935306,0.20722266664750688,-0.022866376507774303,0.09031690969445502,-0.3895360929591435,0.5828159989051532,-0.6413592497382395,0.5196962008999811,-0.11640780678871081,0.17800557573651837,0.26901970349147175,-0.2877893073454272
N633618,0.23923629747215214,0.24700119022874906,0.36960382314007395,0.19185953819187143,0.5206773103892766,0.1331576029144043,0.4424786055069314,0.24305319450086157,0.26699502938531805,0.2682342423156346,-0.15184074362271305,-0.1997663534929818,-0.07904138948844523,-0.2636401779650249,-0.08973846271633396,-0.15567158237825518,-0.10359046303429319,-0.016476295787648563,-0.02368833923819629,0.2041147488429111,0.019865236864120984
FX6617182,0.1536744364861355,0.32937792665876076,0.27235109518983097,0.34491752834581507,0.4885997073987037,0.17793732082867975,0.3378026043945112,0.2839422674141156,0.19082521850395587,0.3169639971440304,-0.149863166583587,-0.15646881870253943,-0.08118715386995504,-0.27893922166453716,0.15396893356020494,-0.661833764791583,0.4902230507455859,-0.4386916949584866,0.22561793684973733,-0.08323616596067561,0.03590237114447413
PKMB500,0.0989311137093703,0.26732319388967496,0.02476311087741016,0.45333540982185144,-0.12639568894448436,0.5098302434760418,-0.038094806171158846,0.3456545249845156,0.1313063297831006,0.29361664955377664,-0.1065637558333185,-0.06328130762706738,-0.044606063213910294,-0.02737984204861232,-0.024538574330852807,-0.01853514213158578,0.03373158695273348,-0.0064469873048373545,0.057539555227282435,0.10343545161727352,0.02425103278176864
HS130,0.13332101980606934,0.19920705074086106,0.13792148110041658,0.2184042733923678,0.11110455256200084,0.19227422704432623,0.1344182376736084,0.11327853128504885,0.11627751288056189,0.01635346390375518,-0.12252951963261982,-0.08694290464309692,-0.08693957162591114,-0.06923707063901559,-0.09376013308965117,-0.06910430558572113,-0.10135739956200665,-0.09278678746285084,-0.1006959940964155,-0.14172838781601282,0.02443793188962845
EH1917,0.07687360760367237,0.17131797072601024,0.04344027973243597,0.2324940011413801,-0.013988129576832943,0.1903204837582871,0.04099184965357212,0.09012294435039249,0.07397665447981344,0.04560368659759522,-0.08283745858273797,-0.07820266282762567,-0.03950102624126476,-0.09740919530002375,-0.03797763666984231,-0.08202065371672294,-0.08018896673483564,-0.05893778251113711,-0.08271608294131938,-0.043733856292721224,0.009296079120394556
SM701,0.36800893029168047,0.39765726324501594,0.12988721064635883,0.47325385737756254,0.12157428374998042,0.34285349150624317,0.47778450122433985,0.06077075002606085,0.5064492927382827,0.2786157859818843,-0.0009383917878962107,-0.05404842608029126,-0.24150052468505778,0.10993027463378917,-0.47652707631709523,0.17283479009712135,-0.2964196437571132,0.09990536878060002,-0.08012849709101787,0.20712821313206387,-0.14285404017287062
rg15,0.10826736890665796,0.19940495558651886,0.08929715951617163,0.2614449894131673,0.05136770038193531,0.25678674512515687,0.09431041492095786,0.20392067125348068,0.13911738984370547,0.2052961609382261,-0.1088119178628148,-0.09001109666133895,-0.05178071295013044,-0.11794944540672218,0.009359980974260542,-0.13916410521401135,-0.04015792733097945,-0.014084883115767827,-0.03773610915018462,0.054373366193531565,0.016846218120781766
S5010,0.13534981219197853,0.20429223685379053,0.19768977082150999,0.18046616319273,0.17117154449699382,0.16261319636403135,0.14130568022859155,0.09707401242336641,0.03973815912464535,0.008585689069493007,-0.1276931444799099,-0.07786523242989875,-0.07047124651757433,-0.07124867832628566,-0.06804854176934409,-0.06290292790283109,-0.057703938525024416,-0.05918582343708342,-0.06757245482996467,-0.07927959751008933,0.03476562654099817
HS520,0.1299769461062793,0.1865162372909287,0.18143849117211625,0.1682213876922678,0.15621287390403696,0.14699133902510567,0.12419510142916054,0.08778266726362345,0.042080189179466126,0.01941911031359999,-0.11660858246478803,-0.06493000440123493,-0.05794753333213562,-0.06048470095712531,-0.05873751968890751,-0.05431556784759117,-0.04911216583501851,-0.049236231317699386,-0.05581142155745583,-0.06515830015791019,0.03426458532505085
RG14A147,0.17676672278187916,0.1666790425646031,0.08274529505831528,0.19403195027218664,0.05171643632126205,0.1867631159705407,0.08852571849811526,0.13662651571767553,0.11640002169066863,0.14250299789826207,0.002561030446230097,-0.060441946638260316,-0.04045506531870213,-0.06092381115355093,-0.06738332053131409,-0.007927764200904665,-0.09492148788433573,-0.0384129724758494,-0.04541455797965975,0.008127459093569808,-0.06882462948309855
ag35,0.11089851457486305,0.2504091707033485,0.03514585256957703,0.3355485461102496,0.07166594785400744,0.12711417950906043,0.2505205996679006,0.07782109271298837,0.18248855157912997,0.1148112081763899,-0.12981044783424178,-0.032318092352072586,-0.1255178228624852,0.007700306468005934,-0.048525798524028683,-0.12344263763591319,0.10715472386188493,-0.20894677865407243,0.09783885993155285,-0.16382521784610488,0.011086604876872422
DAE21,0.16950823406035714,0.32682275031485736,0.21059422205042946,0.4670556184241069,0.1498983197880772,0.5000758370940852,0.27839688490224546,0.3096424315279393,0.21438106518190364,0.17624479838399446,-0.18501007587775511,0.075036533531977,-0.19697679359783554,0.28076678647418307,-0.2732427564942164,0.31340975378152364,-0.11536292885865844,0.1609094623705239,0.056758471107778326,0.09851943980815768,0.04857605996917292
