AG38,0.016514165408064545,0.05044686515908278,0.03906859934344486,0.12902011452073567,-0.014741349899611102,0.0871325922574167,0.002461328281318219,0.01654407383300753,-0.01486928272463395,-0.016774376224578568,-0.0188031241078421,-0.026910403855292104,0.014164022757754654,-0.034022696561914124,0.012788375062261803,-0.010625659989980463
EMX07,0.014068083151779738,0.06449637436931414,0.06078809904438073,0.20371850252034968,-0.059872763934545783,0.094396607424617,-0.021222919393520615,0.012293920956080126,-0.014771096669118251,-0.01550004547133856,-0.022821104035771173,-0.02884485772135298,-0.026807415994165383,-0.04984296437362065,-0.007117675120215312,-0.012605116575790326
ag10,0.017451412326827977,0.027015913497672548,0.07715122685108461,0.024800832012409447,0.027968308477517616,0.042894033807989826,-0.002737880622724206,0.012528758529369835,-0.016430619846661762,-0.01809216605832032,-0.0190072060123974,0.016952797592536487,0.004247486039157001,-0.019483498751816077,0.012294954680430228,-0.00722405616697906
N634421,0.04837254796032702,0.046815383902188916,0.15134185682083584,0.1469708109426172,0.19715385422806792,0.03983548801702905,0.03560876382454335,0.006702115785884356,-0.0029021932337811997,-0.12235184869847412,0.03988114415047496,-0.2693941267454441,-0.02014624796168199,-0.04864984558096486,0.018380449525314722,0.0038084901707296174
SG6040,0.025133894207246002,0.0667390873535417,0.09239208222075868,0.14611479088662396,0.13730288321340386,0.05672870098732549,0.05174081894865062,0.00881428075291239,-0.025318157260587087,-0.023303861966163308,-0.12974783120836167,0.07044622270328246,-0.2558613760691655,0.1036980525691928,-0.029538797322620238,0.008423966673676054
DU84-132,0.027768198152579276,0.05149198055934925,0.13045959323803732,0.09388781627634171,0.13693664986074985,0.06664272608693822,0.04496702900249016,0.011774465143832562,-0.016097503023531773,-0.03177999152350246,-0.09556712767954974,0.061471444117562786,-0.1629783656771538,0.02501908163059369,0.02720446477211367,0.00021102998407819583
EH210,0.012220880158738802,0.048511279506957425,0.0918696365490863,0.11753312719488804,0.03678253647728472,0.03579878830050245,0.01174306271861856,0.002093771680046877,-0.01204136606604844,-0.034688578580176106,-0.03760948154249019,-0.00035136968586379857,-0.07675729342471939,-0.01958676960672177,-0.01562749771132869,-0.0016197224143787734
FX61184,0.033157404948246774,0.03901650370407146,0.1966471702228008,0.011144992495347927,0.3226388021356548,-0.016379270051989945,0.05603044059914364,0.015883082112240998,-0.0038700871300516243,-0.0664672940206633,-0.018557075502381996,-0.08607027837415661,-0.1925694654989756,0.08918038921035434,-0.006189176963610191,0.014323843817715929
S4061,0.025378540599458592,0.030113593134008427,0.1386632828722074,0.048664812446953844,0.1566929070782994,0.041790158472240026,0.020179154430331598,0.004845882607098811,-0.013100770829378758,-0.023669677977098468,-0.05214922906379799,0.02276435428971486,-0.003587129033058967,-0.0009789037070129058,0.0006041908215972576,-9.746869437686138e-05
Aquila,0.0207856257973089,0.04589629649912024,0.1312440522010556,0.08982158390558327,0.11347378373120968,0.042058765934409326,0.02665825663473195,0.00629959662893792,-0.016977165408537935,-0.01503449330590777,0.015244570241709545,-0.03680562844859855,0.018301880037489546,-0.01387790889341187,0.0016180143168619781,-0.0007451406815581225
N663418,0.05076193094931625,-0.0319495475360017,0.2748284518854695,-0.11979499846379647,0.35230011214714524,0.047032705777860465,0.04211310834182667,0.00854834928757194,-0.01969237978769944,-0.02387764526386762,-0.11088171372461,0.022584006074966745,-0.1880487706524837,-0.05292821513991506,0.013146715330860577,0.0018662227952570335
dd928416,0.01034677323016341,0.04979851468877907,0.057406852571794016,0.08555570670821915,0.05052100728220209,0.04810798632289795,0.017575400137817665,0.004933911125093557,-0.011067447555890269,-0.028845565930659945,-0.034703451625107594,-0.030857959442530593,-0.014561880137420425,-0.03858021093466766,0.0035910453199594853,0.0002326240581326301
marske7,0.019959390465048972,0.02797559978884014,0.17334533439483527,-0.11061164307452273,0.4016273691848921,-0.08751293728025936,0.012969278154013962,0.00655598651164823,-0.017643956852620036,-0.021841246293557194,-0.024022499696164254,-0.05382634044056015,-0.00766445875365986,-0.05515567818204441,-0.02788671226457997,-0.011861470241878834
DAI1335,0.030310861402525535,0.0658511409590931,0.16575172816872888,0.06289947239717329,0.347332279018769,-0.06206866458634152,0.0602407576480484,0.0025398683648565233,-0.02969828591826105,-0.021647645121622087,-0.04215743281167871,-0.0017673734055933645,-0.01724291599467678,0.02783768094923747,0.005541827078161077,0.0027329330980183923
SG6041,0.01704635579928327,0.06209979012135621,0.06451828454940833,0.08967388783341435,0.07333300645364757,0.07485063441662365,0.025226080939645092,0.007259408058859788,-0.01725056906116297,-0.012564656034058715,-0.07372259113248177,0.04503454090060725,-0.1268450150675495,0.027457600701023422,-0.012131037287360502,0.0015004020576224097
DAE11,0.02633471518589727,0.04889476906550733,0.203143856164849,-0.0018106880543009298,0.3886064125373637,-0.0464340067544006,0.051446039730972004,0.004471583047265319,-0.02342454243087862,-0.016861539982737348,-0.01495186557152497,-0.01147771868626981,0.029434107001130184,0.015689964604858903,0.013030847588170705,0.0028850176191908845
SG6043,0.0245404867237314,0.057502171182054695,0.12876353196965948,0.059020898016233746,0.20392799247375407,0.04392496657556551,0.07304646561383124,0.013679296733163841,-0.025004485228089006,-0.01214925245852806,-0.02579642688123202,0.02746819762210631,-0.02181022428582348,0.05017415481446332,0.017368268005411185,0.010293811695414002
clarky,0.008487668366443107,0.07839236374765284,0.09093735244250577,0.12217919312983713,0.10171978413904822,0.07701824662172935,0.030712727362720682,0.011943640315655828,-0.0269439445821793,-0.03264860047142721,-0.04754868101647943,-0.01752660384144507,-0.014944409897023756,-0.02063883344138961,0.00022240049330089515,-0.004511323192290173
RAE2822,0.01776826973481788,0.031736505512755184,0.06905097886186963,0.04338614572175687,0.1177415488187165,0.04212245752002446,0.03240758409529926,0.007774635954240211,-0.014290502405419857,-0.051978311713574976,-0.02112071215327091,-0.10292128441607497,-0.11301746491683147,0.025879906243722557,-0.005144637649618672,0.0038747883193855194
EH159,0.01163459735722571,0.039466015849692504,0.08360754881029267,0.08941077399682316,0.04159195133819603,0.02765887827348381,0.01175893643017642,0.00166413217114428,-0.011191202267990833,-0.03061354720271783,-0.03960514625021886,-0.0067165595593182545,-0.06685185580617033,-0.01818764024915462,-0.013748689775845632,-0.0014708203539378966
AS5048,0.02432053150666644,0.06123855115183144,0.1586805924421883,-0.014768035992678083,0.3154816778245105,-0.050161828908914366,0.057933325828805754,0.025319586606401344,-0.030334838414081876,0.022739108441158725,-0.23840373032763043,0.20044960686494737,-0.4745314363594501,0.2028267343425048,-0.09629106109139646,0.008353677131926945
ag46c,0.01357091076424709,0.04798657048794555,0.057799677122318927,0.0644970226627867,0.05360359747700029,0.03594823118475424,0.015664029160742606,0.004736054682477928,-0.010505030931639653,-0.01832090137182065,-0.0289234009985504,0.02447361363826113,-0.04381940626765173,0.04748291546353363,-0.004859294646569722,0.0006271157934456112
DAI1336,0.028934842270477417,0.0676057175397958,0.16134880478314884,0.06523649989276317,0.29422594650381234,-0.004846898900332036,0.04132902410045881,0.005192678478305233,-0.028217393236903757,-0.027430003796616535,-0.032114115977486174,-0.013026106354580387,-0.009004247290866425,0.023723246235777807,0.0068014709333788555,0.0025216963505392018
Dragonfly,0.02231771212159589,0.04851829637530132,0.13534962185790422,0.21464102154173625,0.008855214564124612,0.1722597092681645,-0.029103972329033487,0.04457367791346917,-0.019824053717555166,-0.025860797959119126,-0.03374135606766199,0.15605271427053988,0.022417504447397058,-0.025882491727234468,0.07020635228072288,-0.03996789575278231
SD7062,0.02694426651628557,0.08861281462583731,0.12996666038934324,0.13181728233173756,0.13041545665112148,0.05286124403334987,0.03546765480904101,0.005482311082403588,-0.02672318335422816,-0.02849999550808791,-0.04973084911740581,-0.04191016728205334,-0.017349912058705716,0.00011551644396709168,0.0066144989857202475,0.00313855885288699
SG6042,0.021276162786660526,0.06090262282092708,0.0923934336131151,0.08342935464519927,0.12829604281746548,0.06775375910997256,0.04597814583445023,0.010768652841573917,-0.020142538079199263,-0.014175693564340001,-0.04677366894347473,0.034290155477390394,-0.07392634758711275,0.03978178738771882,0.002466322134341737,0.005941366033207044
MH45,0.023351185175020626,0.024724798217287656,0.14105144658458876,0.002180217599936314,0.14402101433251782,-0.004020018739124143,0.004753298852537867,9.728947271393275e-05,-0.01416258803617951,-0.020361794418026945,-0.07540684692588151,-0.006734388058995626,-0.04828489369974471,-0.0008622273002188947,-0.013723465484945511,-0.002970603588851562
S6062,0.010427629929845968,0.04111750708292251,0.0624835827470477,0.06829295357385871,0.06668931478698978,0.039099526154999883,0.012686503937425297,0.002178837082020764,-0.012560527966181389,-0.018972679694548224,-0.05108483136184588,-0.0028201055954563143,-0.04097020822020655,-0.00822259307843643,-0.001628713564510633,0.0004669251931059744
Teal,0.004870723315626164,0.020995299753717264,-0.00208285890817454,0.11641995805639978,0.02079173023056178,0.053056293383231375,0.034475824335097036,0.008845181658924766,-0.0011833576168232645,-0.005253876985937514,0.00254503075364632,0.03850144277338215,0.00619552371845869,0.0364157982731302,0.0008961807607663649,0.0022716964786330877
HM10011,0.014056221278664153,0.05458676392598716,0.07727804685806286,0.07990934743448774,0.06427661581230279,0.042173790205241056,0.01678614246698458,0.0033719767100091245,-0.011573995487295517,-0.03895900281458591,-0.049532140164544707,-0.04026247995212567,-0.0357269389514847,-0.014197593465306904,-0.0056583322705877565,-0.00022163087232582107
FX02196,0.0324434116345879,0.09476414066603481,0.03493060505633045,0.30507205508719504,0.11214112027652703,0.08110006796007867,0.03316467533330679,0.009435555975218536,-0.004880606263055996,-0.10225341508998767,0.11002371454382245,-0.3250788474249598,0.07091449130996372,-0.04265595366295199,0.020558811948871738,0.006580208195782811
ag47c,0.013899099381359368,0.04381919085113311,0.03806777423130142,0.06188765132264272,0.04263277771987361,0.03078638197885461,0.0142165928273032,0.0037091278496583654,-0.010186004364792391,-0.01836202564775043,-0.01991398399342355,0.014979262479384154,-0.03560852422688326,0.0459048143764003,-0.0062817002719974075,0.0007795011314789004
SD7003-85-88,0.014677561927704258,0.05236334497261608,0.07763323331559155,0.057357256820662596,0.06891988138734358,0.019049716875807057,0.022169137051209327,0.00337435036559755,-0.01496592925874865,-0.033103778128267,-0.04436420902429087,-0.01581193535748458,-0.03945285362566137,-0.0031249537072133835,0.001563279889129139,0.0015811013036418646
S6063,0.015163300369854409,0.022422083649626515,0.0770870535725207,0.04579001643741862,0.05618268087597972,0.04174938509266416,0.006675662953225441,0.0033665340151495604,-0.010776319672143353,-0.02221373469307285,-0.0382927993398587,-0.010905307691783992,-0.028183242688158763,-0.005528538832192877,-0.00038745809898082937,-3.987046697452001e-05
AG03,0.01351223785315395,0.05011956652979161,0.05687818072093409,0.07345466358622031,0.03685841210253122,0.04374539546430031,0.008246429970025141,0.007416946720631151,-0.0068304323355738335,-0.027922715602238683,-0.00710276990678966,-0.009535791095666093,-0.008859250520485947,-0.006941975119218039,0.00018885337284869276,-0.002842825102228294
N663218,0.042173573853531036,-0.012822469166423357,0.22052586099432944,-0.07600328391843515,0.29479208960958286,0.055547812809295286,0.026627354228344963,0.006044366296799915,-0.02401356796140669,-0.023641265705199754,-0.12396857383973808,0.013698448487369567,-0.20559273244926562,-0.06067717559606799,0.0013140178617366612,-0.000884269314728863
hn1033a,0.010459530375841838,0.04672113022484075,0.06205113195606718,0.07391368209112333,0.06510968092283229,0.04480459728025792,0.026374220963190653,0.0060498569418941835,-0.010918642748099476,-0.02670872406712282,-0.02611670888971019,-0.012376271436213764,-0.02503806406724965,0.005283957190763038,0.003361659776713159,0.0022529277246343387
FX63-137,0.03824310116798103,0.06758269530616366,0.15114458639773218,0.09863394984626718,0.2208675254965846,0.04479266649620721,0.06469465091146488,0.02100706736544385,-0.011367522459865614,-0.0508682877019786,0.03532049185226569,-0.13425162426941561,0.07756566777446387,0.008240782992373547,0.06014529551943471,0.014497229712601915
FX78188,0.019374587467605488,0.03606364887502121,0.194219503461112,-0.07925864158961604,0.41336729014856616,-0.010292038663708614,0.041745541101243,0.007099558248906929,-0.02028725878546697,-0.019732430330014265,-0.13891615652562386,0.0734121700454179,-0.26227692915105993,-0.000616886091476804,-8.40841587620363e-05,-0.003007383657488149
UA79187,0.014322119207606104,0.033862984417872145,0.24688822469581742,-0.10296674370239624,0.4065684605277282,0.058616877286355104,0.03634977179583667,0.01323574366444437,-0.005678946127321585,-0.03605166729624866,-0.08343524488472219,0.02990787221004695,-0.22479463972016034,0.03645511238851796,-0.006636870111346737,0.0038774480266438234
ishii,0.012296373663292557,0.0629081674112431,0.04120707623975368,0.08569649425345181,-0.018813425163161254,0.10906727199912768,-0.03105940050296441,0.029240889706702775,-0.008648603995853887,-0.0427682309546221,0.02953851809458494,-0.2195810276928383,0.26830275796674125,-0.17463918633113087,0.0827890013706019,-0.0285025030664614
FX05188,0.033070678589823405,0.030160496208578535,0.17108791685309688,0.03706203583567289,0.2906170092428332,0.03162177875256399,0.04000502009925785,0.017342817488402086,-0.028380387916514916,-0.010180656595149601,-0.14732032212582816,0.07020645746123531,-0.2975892233351631,0.07394972189143059,-0.0023304790324050148,0.012339695150522792
NLF1015,0.021984371011196394,0.024833395877084784,0.21847988771681434,-0.07137233673621886,0.37939862297355575,-0.006866860030423563,0.09481243867623722,0.01544261730912214,-0.017618315847922377,-0.013830085955248829,-0.09786613657457127,0.07316602867353371,-0.1807040134303007,0.070609553374468,0.012935149150681469,0.01452090851131306
FX61-184,0.033157404948246774,0.03901650370407146,0.1966471702228008,0.011144992495347927,0.3226388021356548,-0.016379270051989945,0.05603044059914364,0.015883082112240998,-0.0038700871300516243,-0.0664672940206633,-0.018557075502381996,-0.08607027837415661,-0.1925694654989756,0.08918038921035434,-0.006189176963610191,0.014323843817715929
E552,0.020098137945852232,0.0904090261682874,0.06099707439484914,0.2545996775856545,0.08494403494470357,0.05344528528285066,0.03950196128048308,0.01248249426370144,-0.008837021696042406,-0.07658128854866657,0.0360928726769745,-0.2693417891379371,0.035111132335070246,-0.02644709387056273,0.010217159704932545,0.004667232153446109
sd7003,0.014677561927704258,0.05236334497261608,0.07763323331559155,0.057357256820662596,0.06891988138734358,0.019049716875807057,0.022169137051209327,0.00337435036559755,-0.01496592925874865,-0.033103778128267,-0.04436420902429087,-0.01581193535748458,-0.03945285362566137,-0.0031249537072133835,0.001563279889129139,0.0015811013036418646
PKMB803,0.006672111424733098,0.06385963886201107,0.0351313997695941,0.1390500164706914,0.0156879131300374,0.07747936835209968,0.016972525759545946,0.012713407880235767,-0.01058068276003056,-0.013923532389854306,-0.016475217455032793,0.018730023070035635,-0.003863321790169626,0.007062096348491957,0.0208006225092979,0.002470798003502349
N653618,0.052041709244556235,-0.011027961989035651,0.25051329033562103,-0.06266303186909297,0.38479002873631385,-0.02517217596910355,0.07436962615433945,0.007002364905174736,-0.0013954651421793772,-0.09095457847670944,0.04496803586320627,-0.16283008420885173,-0.059710148386313146,-0.03103223746451409,0.022876920697210635,0.006338372806260911
HQ359,0.014058749424499379,0.047747328538613194,0.120534241415435,0.030349458409022256,0.15151638509059384,0.04624948482852569,0.03602670126569972,0.006920218006769907,-0.005733642577283166,-0.0286682948662466,0.004589009535404004,-0.00629853152590876,-0.07117200529638244,0.06704694975014128,0.0008103428372084043,0.004614318102604573
AS6093,0.011842587634369186,0.055381059869335544,0.04820089330800211,0.10756727810635595,0.06551937507407919,0.041780551858182795,0.029478319466871915,0.005723840065503848,-0.02167030491184021,0.026494065062653963,-0.20419188916552683,0.27162366347564293,-0.040805237651199436,0.09537335355403745,0.012337188168245288,0.006676880069877285
S807,0.025114547297174432,0.051798079553024984,0.16472943623787578,0.11357791328045864,0.05359709163316823,0.06321333877587884,0.05810284443656731,0.007385543015142401,-0.015166783267746736,-0.09841309988379418,0.07370745327505744,-0.39593831191918866,0.09038099696224944,-0.054416517737674454,0.025406815507913273,0.006911191186617754
FX75193,0.03578327373465061,-0.004610725081564026,0.2677297861528206,-0.07237361640681622,0.3856018384525184,0.05261101704071697,0.019570342963187392,0.02385938585544827,-0.03140691604319639,0.02242877405633327,-0.24047585869530505,0.2710322680695299,-0.4961856591125276,0.20222105479228009,-0.026700589013524623,0.010055038637641966
N643218,0.037348538231429834,0.04027626447729573,0.10571801656307131,0.11878303863840761,0.16971475759460222,0.02777297884225425,0.027313842995412573,0.0036006062461635658,-0.01610523251823557,-0.08388980160772443,0.0071068727955857685,-0.20655427756278863,-0.0560344840301414,-0.04655507899829023,0.0041855923704157754,0.0010154504709110833
HQ3518,0.0364862571621445,0.04950077239898752,0.24004629075176773,-0.02748358453690321,0.3272679191740905,0.0017675464131963184,0.06480138540231845,0.005688127781619059,-0.006510890741750842,-0.10523029683205205,0.029930022409855647,-0.12962393332730823,-0.10151974473822438,0.03645114664562029,-0.004866926516721135,0.0030798575599235547
E553,0.020289037090272046,0.07795132747859841,0.094873904171775,0.18596218568102094,0.12457127878392067,0.07000881895003479,0.04000970096747034,0.014451636154952981,-0.009320761410860166,-0.07538941487748682,0.028806316413184575,-0.2757418101593039,0.054059867007616884,-0.030247845027202267,0.015001512762420675,0.0052608670514469385
E551,0.018810358238097347,0.0797367634039176,0.09051594634107595,0.17343022420514456,0.1553444033104734,0.04982796486187549,0.044913269286952634,0.01198007141607947,-0.008937876304762447,-0.07605276563877222,0.034327724099536085,-0.2665466567662175,0.03002479254315347,-0.02394420508790931,0.007570253636453559,0.004460501475786455
MH114,0.025549046640285927,0.07330086396787246,0.1544275973937529,0.1175995532829685,0.20185849936668693,0.07798217637369176,0.06514100065203624,0.015502608027840663,-0.019868091482689275,-0.016658736326299956,-0.0419396352639449,0.010392901539870363,0.004956118853169748,0.03436614310605588,0.029282717592508178,0.010719286278259093
FX60-126,0.029995447625309042,0.05495263138647044,0.11645390535260117,0.1024437838475108,0.11112021739081414,0.07206610736018182,0.027159297531630506,0.009198373006152213,-0.007519318273052883,-0.052545664199579574,-0.006126006696141201,-0.1351366616554391,0.04067654524128592,0.0184325805464998,0.017614875167735147,0.006908643974714674
S3021,0.012535797015467625,0.058839834674487536,0.08663955751874143,0.08450094984760458,0.12278124881611506,0.010803247508804823,0.03954211777481355,0.0021195026532281848,-0.013887338368921321,-0.018476479846142868,-0.046037882367677335,0.004816593171489901,-0.03308148374215848,0.008744333768241918,-0.0124184797245458,0.0017709878788534637
ag41d,0.012980352225129877,0.04818880083342519,0.06867971668453812,0.08455730994675419,0.05010572917501654,0.057876754410976144,0.011815695040847679,0.007826008656267416,-0.013113729235104963,-0.018449742393113467,-0.05325820782343557,0.029296406226250436,-0.061862315559770766,0.04218930565385545,-0.007135972638381248,0.0001045578761633476
owl,0.01234216546260131,0.0398081521675769,0.017716357753612185,0.09755546988911298,0.11584594031917392,0.03844706654998085,0.06278358260939591,0.011903188042660221,-0.011848679806944012,-0.011737515441791982,-0.05800461156066425,0.10182177324329698,0.13096045137873888,0.025305947329404773,0.046872691512424645,0.007963276412688756
FX63137,0.03824310116798103,0.06758269530616366,0.15114458639773218,0.09863394984626718,0.2208675254965846,0.04479266649620721,0.06469465091146488,0.02100706736544385,-0.011367522459865614,-0.0508682877019786,0.03532049185226569,-0.13425162426941561,0.07756566777446387,0.008240782992373547,0.06014529551943471,0.014497229712601915
HQ159,0.014088380421467112,0.04012434772109565,0.07830358408168514,0.04514504762906257,0.1028443238079769,0.03157742012658179,0.018076053675005598,0.004747509758111801,-0.009217439679343731,-0.03123785676335474,-0.033665808924148714,-0.0167808268548173,-0.08683461896462936,0.02957625667251962,-0.007984450257885068,0.0007773477484883861
mh32,0.011105068350117868,0.054768348901080004,0.06595306907219455,0.09936071893499913,0.05353913044708942,0.07109797918997929,0.01550101146685733,0.00442542387466009,-0.007970077063408439,-0.026973880263148765,-0.03325560778299922,-0.018067519764676795,-0.020431316821093403,-0.0024053260748782912,0.0005805058249649326,0.0005109763354503793
E554,0.021870431224255065,0.08525471225215883,0.07403703524167912,0.2569551736285149,0.05257383208134619,0.07749474290077518,0.03296291788718369,0.015342665480414167,-0.009297832187356067,-0.0774537468177435,0.03603498087913726,-0.285633075857351,0.06445114527827313,-0.034961518188812886,0.018444960271580522,0.005406944546685819
aquilasm,0.0207856257973089,0.04589629649912024,0.1312440522010556,0.08982158390558327,0.11347378373120968,0.042058765934409326,0.02665825663473195,0.00629959662893792,-0.016977165408537935,-0.01503449330590777,0.015244570241709545,-0.03680562844859855,0.018301880037489546,-0.01387790889341187,0.0016180143168619781,-0.0007451406815581225
E636,0.017444604213902492,0.07042105264152514,0.10022269928427135,0.18970374090887132,0.005767461254365396,0.05143685661497847,0.010536300428304127,0.0030467973136548867,-0.015721914734846205,-0.025355066440518072,-0.016854627564360097,-0.03337414690376621,-0.04701912761702464,-0.02813238949105662,-0.03433185026634002,-0.005259225840797388
ag40d,0.013227244306425157,0.04580990460243175,0.07415667860845779,0.07996896602456173,0.0587340032370558,0.06112271690013432,0.01196137550689641,0.00829691492830088,-0.012690291348645605,-0.022588187250480316,-0.04896514499870029,0.022369485275101398,-0.06125845763921669,0.039833434547818486,-0.007462105602596695,-2.172025812600385e-05
e193,0.012975244819109891,0.06204485994629499,0.06038433030953749,0.13739324679207246,0.12214545307956931,0.01793201864023854,0.04496947033170759,0.0035858642805045864,-0.014479942033430651,-0.02218979899877286,-0.043069332050902194,0.00114037388717712,-0.02564220419321189,0.012426772723130135,-0.0070162749423672175,0.0023252932504044042
HS602,0.02069037016877758,0.033110173241741175,0.10693566980426619,0.07607727967196797,0.10504941609098672,0.04786474177341193,0.03198929641800398,0.00698810494067229,-0.013119775266258064,-0.044537291530945156,0.012283923176256581,-0.12094909857653963,0.03782935184246413,0.008548117146042951,0.016225817509927583,0.003686286697231142
N6334221,0.03664137729178438,0.06538421648751402,0.10649642258464112,0.17238550310953327,0.1577748891964769,0.03927906361397598,0.02295627486757712,0.003950867682250204,-0.013434176762679904,-0.10644401604492996,-0.0021114684509578622,-0.245830446293008,-0.059300353047808806,-0.04877869640330188,0.0056527526264507,0.001039521709647705
Seagull,0.013601959911226046,0.04088315480372708,0.11616057526259083,0.16537795161817861,0.05539617593596702,0.12287405550096668,0.04522811488555293,0.015169181266308788,-0.013357338251385666,-0.009183600094666297,0.005029904645204494,0.09241526537119946,0.06643688552942287,0.06145325329265844,0.03177155743532382,0.00870995659151471
SA7035,0.012201049753448346,0.05931121004530319,0.07185258313549468,0.10890796587730213,0.053052465230441874,0.06952685123477557,0.019833449477903255,0.003743572842805374,-0.011637742316819005,-0.021671778597638254,-0.04287064691466778,-0.005283988320336038,-0.03841545955493752,0.011972254339264897,-0.00446885498479773,0.0031316137361484513
S1223,0.032062742606412974,0.10607225364974596,0.09221462373184794,0.33087747621015196,-0.04283000162543526,0.20203552081128306,0.03840085300247165,0.05067141759038078,-0.04631987739120608,0.03917249351314224,-0.11513221014667521,0.11146923047266899,0.05563331594624612,0.07411409914053621,0.07405195997610466,0.02771241427433019
FX60177,0.03443469254917553,0.06545344206530167,0.14547313731175437,0.09750377769018456,0.13779123098607157,0.11791201829118077,0.05357839027687531,0.0200034922661681,-0.0023528102788896933,-0.04407758032554459,-0.10089374835406965,0.022346903580778725,-0.224621627548822,0.005581425613441383,0.019488217228899932,0.017123691568809087
lnv109a,0.033204032329576486,0.10754356306425458,-0.013433365760181918,0.5174229039137392,-0.2031387612711669,0.139046806213073,-0.016277547787466012,0.005968379533875411,-0.041294536548402365,-0.08512644125225771,0.08218962755340567,-0.11235795692675873,0.12929439930159203,-0.05087651606897247,0.01872421862461565,-0.002522681200865355
N643418,0.044655781028728025,0.031085173630517843,0.13553791491579414,0.10949518637190239,0.19793890178912668,0.03307515140540365,0.03880991960696073,0.006446023546192401,-0.0046280278640092555,-0.11027429226022221,0.07205888254770729,-0.260211448737782,0.008363551712483187,-0.06111155242930622,0.02254387600694031,0.002799944714293705
DU86-084,0.00999617815827117,0.04853429235660158,0.04305712665176933,0.08933716697212425,0.0032731640482654457,0.13802877829466229,-0.04281645784899469,0.012426582937829658,-0.007914055766128126,-0.037189189685154486,-0.0033830941786818546,-0.11806690743481865,0.08989419105427521,-0.13261962620475945,0.02153752112533111,-0.001175415993126289
N643618,0.050701512338014725,0.024968150345306292,0.16128799507397745,0.10360927280339648,0.2243424294079897,0.03896230069205813,0.050088098577556084,0.009409657644541096,-0.005968596873555768,-0.09696367427695472,0.06630167325391388,-0.23228477483005924,0.008868362021372447,-0.04032720439998979,0.027780814043062863,0.006745105299101134
HD48B,0.01683956861005524,0.0422068276939524,0.09869889605986391,0.05167867868846825,0.10664820747211247,0.02732727758626909,0.0322427302353338,0.0047754709284779364,-0.013847647263071099,-0.029805989184592804,-0.03809939224792366,-0.02296340109291157,-0.014265852947288474,-0.0035911821875682635,-0.012561905389112294,0.0009984636486653077
PSU94097,0.016041372371947967,0.0544618033999814,0.1102196100432657,0.06705961362389605,0.14649366553929488,0.07391319822664222,0.01143977871265566,0.021711003452090923,-0.00983990235626163,-0.019634988518747346,-0.034234644440915174,0.016802756482831135,-0.03358442974730733,0.02484269520951173,0.008411776220344187,0.004987290496222414
AS6096,0.016320708620847345,0.07218458284484665,0.0777723687988634,0.13423351021555024,0.09058878344105452,0.07246042598103816,0.041149767124024,0.008529332952651705,-0.02599837974564786,0.01400312640223458,-0.08186916744788941,0.15904148596469314,0.10536474259827626,0.07016531145642739,0.03798291707691446,0.007614203764245989
e423,0.03815743060843327,0.08595306571860638,0.17424693459807553,0.13374127448092768,0.3385003079406592,-0.023282949205264244,0.13614503300863318,0.012868194485119827,-0.025487404620914634,0.0008557393224161922,-0.11389107480375997,0.22438038274086436,-0.05415770920825191,0.1162142552116197,0.014529646245666872,0.013555279813014878
e387,0.011553134832381667,0.06279527331590666,0.051472933662581065,0.14456053837735372,0.1037673900490079,0.02495321367556237,0.03396506045870011,0.003592148395735115,-0.013951587375662213,-0.017185558314256864,-0.031279917559010224,0.0070811790956681045,-0.010344479208395077,0.012073242008837326,0.003737806510310158,0.0026894298560912614
N653218,0.03825587042105462,0.011107044828878563,0.17433877364249145,-0.01221998906607911,0.2926316984300008,-0.012493636015053235,0.04304504966702193,0.002354818212819242,-0.01625371889149011,-0.06644432676735106,-0.028624519730777905,-0.12559263157890285,-0.1337574959770526,-0.03077350928748316,-0.0035886956027088726,0.001169629874189196
SA7036,0.010967712198087978,0.06554399172775605,0.06510501873003395,0.12189956176115448,0.046796850240003976,0.07722582078376494,0.019713862676354117,0.004213819700972622,-0.013987423934657926,-0.017596803517362904,-0.045981218702747434,0.0012419410315435324,-0.03583773828631058,0.013938947532244032,-0.002716822496848296,0.0033370083292540453
naca0006,0.011634707269652694,0.024429068715829373,0.03458344620021585,0.041287220132847795,0.026225819451823274,0.022330374603524848,0.010164890202945719,0.0028062114029804457,-0.011634390794741439,-0.0244300541109021,-0.03458123526987494,-0.04129116140844907,-0.026220609266015805,-0.022334493966241424,-0.01016313632505223,-0.002806420340627665
DOA5,0.034458632325073145,0.05444839059848975,0.14456645941406238,0.03698329634701843,0.1832758966752243,0.07623449442737858,0.05314988418556915,0.018158493246744095,-0.012381264186766787,-0.07346191145886798,-0.026749698120068704,-0.003757114409041552,-0.26417603623579217,0.07241634560988065,0.008445978644255421,0.0010400023031146525
MH30,0.010417845836463416,0.04681931310197864,0.06021470985557889,0.0753743070708109,0.04875024117140288,0.060030775176093,0.012991519399715998,0.0035561987993596054,-0.007246608382944316,-0.02831325530360143,-0.03483548962425882,-0.019554379117370683,-0.02523902333893512,-0.0048338385912337235,-0.0019240501378885242,-0.00039119308742218746
GrummanK3,0.0418746114904954,0.034268122917680846,0.12873487590269456,0.04509731224299669,0.1263765171535831,0.11567289299173536,0.0448473090457265,0.023448393714380178,-0.04586959062068758,-0.10678435404643952,-0.04650581931925741,-0.15986644031300629,-0.11221151514127382,0.01671833365940618,0.011993065858985723,-0.0013033690185425201
E1098,0.015997292089155294,0.07020027078624978,0.15790097173992843,0.02243358784055911,0.3813941002849113,-0.05218822462909927,0.08264872769874972,0.006390756340220044,-0.0159448105404566,-0.037290491120680065,-0.05949958327592705,-0.06460992905062186,-0.17362537262070396,0.08181666969990102,-0.01614583191575828,0.009466624906284558
goe417a,0.01734639659631288,0.03829255684307151,0.07122710639857818,0.1275173483426435,0.032503073356233134,0.09756505565836399,0.03416385582889359,0.010416405312592468,-0.012039697243925842,-0.11617548877007809,0.33214136191332333,-0.2513233697131709,0.2462807729231267,-0.0028181660696410403,-0.019374813511426378,-0.0036052709777589626
ds19,0.017132744145835342,0.036076309865256624,0.09480146085168863,0.050406865829536934,0.09091670628441866,0.027343694427317548,0.027567716539006616,0.004605416872719927,-0.01785146863651126,-0.0204678132765309,-0.03850383247563072,-0.02344539498294669,-0.02117479013068115,-0.0075396353004265,0.009177046386315458,0.0005709301263872712
HS3412B,0.019852177095837597,0.08161371091915597,0.08779682895248594,0.187985062594575,0.035043158101798026,0.05579745453416047,0.01970791795729965,0.004765910688363283,-0.009644661515679108,-0.03818624215413141,-0.032480988359934335,0.014584395186779078,-0.06852592446647605,-0.03488819863124714,-0.023408259130930767,-0.006114471817926432
S833,0.018096904590598793,0.04830302890329337,0.12505813076008432,0.05067696930542606,0.19238579773835263,0.04374821389935443,0.09477957567268433,0.005203277349434984,-0.024851404275284483,-0.05885473012447973,-0.17017177512725482,0.004188491972875756,-0.21853127045313306,0.0274081197490232,0.014907651601853103,0.006379718752770454
N654221,0.04534257892645496,0.004887930980149488,0.22087085889083227,-0.048044769184982294,0.3776275693259191,-0.04607735766047412,0.05749864624802855,0.0007251429894062499,-0.017208875719034625,-0.07744258684008988,-0.038617027975909254,-0.14227835375951722,-0.1670467841117689,-0.028903571004734428,-0.006964179456397109,0.0012524538173973574
RONCZ1082,0.020606950532460554,0.07145902916009138,0.1285172101283429,0.08322660798295876,0.3120682144711958,-0.04111924638815078,0.07290116624210888,0.009159945863836753,-0.027063757907083937,-0.006231074765442872,-0.1447859655420325,0.07432099612275012,-0.18836158547368573,-0.022384119772054553,-0.002251435585122746,0.002301878901691083
E604,0.025967202784505802,0.059296065934335264,0.1721045849539767,0.0395369506047228,0.3242945012074051,-0.005227504698074695,0.0786029159724674,0.008917525994696942,-0.016009824828523412,-0.024121249045656493,-0.12626637893296952,0.08793837777777432,-0.29894363908860483,0.08503474795787619,-0.004725814317562202,0.009243753029291691
S1210,0.015002934613793846,0.13460559104286468,0.008669353761140855,0.3230768077137802,0.001954320184887869,0.14213197342285216,0.0421041854192316,0.03478914879397155,-0.02739361554979319,0.01649461917282973,-0.10147193431146312,0.02059258730809323,0.09541593538225976,0.027134837273673124,0.074686204728548,0.02228808150808697
HS208,0.013460059466955276,0.04528415780810378,0.05149025736783092,0.15748064951563365,-0.037676654381,0.07611072358782064,-0.008151175947775634,0.0023523524525146783,-0.012622658430136734,-0.00997074955039634,-0.021568777694533185,-0.03138723979237414,-0.011822652071171202,-0.029054074253938588,-0.012372481043360408,-0.004853864832479301
sd7037,0.015110061418399965,0.060171814207607296,0.0788597111135181,0.11271128988403181,0.05488490575039759,0.07941975216211633,0.022290523466263985,0.004720749927613683,-0.015417258806661196,-0.019306717007374526,-0.0430099164633205,0.003269320802187067,-0.028105359248090895,0.00884692294423707,0.004266488895504584,0.0026731428427552895
cr001sm,0.013289243532122004,0.05118577607750006,0.07890906401110596,0.09546065894888617,0.08309001026695763,0.06680424883256131,0.03254221885371127,0.011841025098731455,-0.017784352989931786,-0.0013506802845859194,-0.03415901605813928,0.02238246920454297,0.004907419344837984,0.029543926798620928,0.0115105340790205,0.001979524846632844
e214,0.01319633603637799,0.06729302077521011,0.0746040185721536,0.13653178487540552,0.11396884565467298,0.05926694471754799,0.05887205593951201,0.012065125383395001,-0.013085679048135663,-0.03504045534259297,-0.010535301487081709,-0.04564317681742116,-0.015425381463966822,0.02640822911130955,0.016046230936439646,0.007966065408699752
DP-1.89-7.83,0.013756482901963647,0.055376393795736334,0.06866958127930195,0.08037826993360199,0.045161384025788204,0.03473898591724438,0.01628207745780962,0.004253010784730603,-0.010402768140809841,-0.023467919133192603,-0.04268488433438517,0.0005884445550622767,-0.03501070944375335,0.006346800182372941,0.0065547377828238055,0.003071922767064183
DAE51,0.017456468784383727,0.04635682417950333,0.09762811028828781,0.10003592580658606,0.10605161414744342,0.08320769630165067,0.013879018037793879,0.01292443439685312,-0.019766804569280493,-0.015295890332878136,-0.025545492523111012,-0.012708162382925242,0.010848269344978465,0.0008908854109257688,0.016686517937101478,-0.002956651181941421
MS10317,0.03354902096518504,0.09307589990210852,0.12395954448970317,0.02675771414128507,0.23566464216274421,0.024917288557869607,0.0413306580118066,0.013039178864371668,-0.027156044526187518,-0.047450927225815405,-0.09747569370291904,-0.0213614316568982,-0.15109838977125184,-0.0708214713034898,0.06305144593290862,-0.023767430339803615
AG45,0.012960385950148062,0.04773586575512708,0.06806401967990305,0.05036174635232369,0.07010297020410662,-0.003190361753607844,0.02314350933736144,0.0036312437303867764,-0.012124056054401226,-0.01632414725496347,-0.03539418857437308,0.006810555552588307,-0.01800846030225162,-0.0049091954342151,0.003910059047981956,-0.0017241924320343194
S1010,0.011045952050673642,0.03942888414153583,0.047143243348337895,0.0020695027178427453,0.052703764643991555,0.020041063142657523,0.009570817780137141,0.00147517444844228,-0.011044187716492848,-0.039436835362788025,-0.047123644677910394,-0.002100771991267737,-0.05267147966499399,-0.020061630276345204,-0.009563906863520724,-0.0014763729248659526
AS6099,0.02423266819946648,0.0619621444634541,0.11065144217347538,0.11615334930618058,0.13857796618995502,0.06598917845686045,0.06893178814449417,0.010898750546340612,-0.032193947223699115,0.03547154799876993,-0.1105358735532281,0.22107498008972692,0.08782828548326553,0.09842277289358473,0.055042064075253826,0.010868470800741601
SA7038,0.010281761203400502,0.07147654548763371,0.06376224741252737,0.13163394283272786,0.048076423468082205,0.08515408096016273,0.021617993363660472,0.004863190144851117,-0.01686002032439583,-0.01295022847902184,-0.04693827655193271,0.008063113092555528,-0.026549707546703265,0.016006700152428346,0.0010360908414004568,0.0037616625987137485
ag43d,0.012861217650594213,0.05358121388648668,0.057655396955147944,0.07165731724377956,0.04530161624320732,0.03322403153591241,0.014531825894357496,0.005706913193215035,-0.01252375228867206,-0.014242534743271069,-0.04385038055088775,0.022161303895190783,-0.03798770522594861,0.037600106606315756,-0.0010288083066409342,0.00025611642840504866
RONCZ1080,0.02457450458696076,0.06363858277548516,0.1612165332055773,0.012439014728532023,0.3823574790762427,-0.07049930162340799,0.07402494207672318,0.006324663438096432,-0.02680735012534763,-0.0015852341457186906,-0.15556266710305583,0.09563938498564471,-0.21729926108230666,-0.005023584235007528,-0.010224162935480022,0.002006141325529576
CJ3209,0.010536127626679423,-0.002872266811606033,0.20440261529677287,-0.07072957179874957,0.23386224872523417,-0.09461063924137422,0.034619481280002605,0.0012662760634395763,-0.014440502023977557,-0.016857245634543976,-0.05630455685331655,-0.03177096967160662,0.009458885739801581,-0.03806492603508752,-0.025125036636262053,-0.004140295258214902
SD6060,0.010798838897834668,0.05313349862453111,0.07522905452353965,0.07924898799898049,0.10455106638954283,0.0379446469648183,0.018548641253966158,0.0019355769473987643,-0.012437646800926438,-0.026454178383922937,-0.05052693943820742,-0.016333016589721718,-0.05984817702762469,-0.01835385010577003,-0.0077909176168500915,0.00018710503173508338
HQ3512,0.02372579364283866,0.04746551359630438,0.14725160425001096,0.04084729466557059,0.18163520737792924,0.04691445928745361,0.04025884901317825,0.006334217459140729,-0.017804959633518642,-0.01251477004951593,-0.06598371664638532,0.035224620482905214,-0.13340658269535924,0.07826308724861088,-0.007886120700617538,0.0064887376358375515
sd7034,0.020916931571773458,0.05830407598853922,0.11867439609999261,0.09404620070518889,0.12383377368917052,0.05283550696910103,0.020723819952703722,0.0037603014694492015,-0.016729117362204723,-0.0359952431767947,-0.012335421619656818,-0.030007819805291457,0.005388926515838138,0.002933343342334084,0.006297410901023216,0.0023337400484556964
E203,0.009422756714822966,0.07988194803647988,0.04079693250775586,0.17053701110316646,0.1146080722275028,0.026683597633429885,0.053534793682875455,0.004808956313209758,-0.012832257882265852,-0.05355062647863977,-0.013266244937416833,-0.1401989232309325,0.021588987375781347,-0.024046737968529124,0.0034115196193589075,0.002376530519840449
Merganser,0.007789909899614582,0.021871506123279264,0.10421026453098775,0.09585556082956716,0.04783027703032162,0.16165791796220635,0.05394752981107009,0.021184590832782544,-0.007469729504002669,0.006190855040048439,0.011827204477136845,0.13879527055194749,-0.015806081517586407,0.140664913122009,0.06977886642393853,0.018877252397972978
S8025,0.019681349585351973,0.030755463598278687,0.09362087396439665,0.017102965434914394,0.055615905338339,0.0038343104152536492,0.009904505973386152,0.002121195916658227,-0.015239480524020821,-0.02159503987410098,-0.07668184558914348,-0.00427987910680586,-0.06160792625813241,0.0009291868612497184,-0.009471309241272546,-0.0017196021034474695
Sipkill,0.02172960657094074,0.03870887074080776,0.09687366737627127,0.061224799220345814,0.1026108898027917,0.019833722503315256,0.018380376548875598,0.00396397408909505,-0.012831859103866583,-0.029214489106420223,-0.04052254659701322,-0.02775835664509458,-0.03956408346807084,-0.03679275749615757,-0.014010762887911721,-0.0040663320116133776
DAI1238,0.025662454463421493,0.05540616336530742,0.15943835937059972,0.0726564007960692,0.19080078759121025,0.09422348633509155,0.014083980749586904,0.0097242823830131,-0.028381890318496753,-0.014794229045199617,-0.04962533407473062,0.013267185730279744,-0.025310752911387607,0.034236351370508504,0.01435026975616354,0.0035655798587252885
hs179,0.016522034059961315,0.03728932129642317,0.09059461909605335,0.04811100767667507,0.09373710147591664,0.03658744564534498,0.02639174883308571,0.006437818192275689,-0.011592683959328382,-0.024700714850136442,-0.05788124878695539,0.01800843356285933,-0.09099168277087995,0.015042609541710503,0.002299523674984997,-0.001852739789294172
ag42d,0.012838414947954815,0.05107637918098149,0.0610914743472514,0.0916640820126341,0.036144955551195616,0.053781536445249876,0.01133507636854175,0.00716221798893927,-0.013329989909881036,-0.014087502214942175,-0.05586405212731641,0.03464065251093303,-0.05835854919979106,0.043011006835573726,-0.005296812094613868,-1.972581215992663e-05
RZ,0.019959390465048972,0.02797559978884014,0.17334533439483527,-0.11061164307452273,0.4016273691848921,-0.08751293728025936,0.012969278154013962,0.00655598651164823,-0.017643956852620036,-0.021841246293557194,-0.024022499696164254,-0.05382634044056015,-0.00766445875365986,-0.05515567818204441,-0.02788671226457997,-0.011861470241878834
S7075,0.014325395697142876,0.06781586434828692,0.0396985139657375,0.15642759662327976,0.009272451674480233,0.1206342809907246,0.01335711838630672,0.008538386642519916,-0.019245936437125636,-0.00903495598066328,-0.06062003339378587,0.018672311506060718,-0.028304505142908137,-0.006791108379213948,0.01901162867115454,0.000713495309587001
HQW2511,0.021911547777922657,0.03808524550633836,0.12265885311637899,0.04415922094657319,0.14422660632758988,0.03993738271760906,0.03881272806547407,0.008125587721649043,-0.017741882818158278,-0.01575932291412646,-0.07162751028371503,0.022260315520200896,-0.10803068482853136,0.033260287014574716,-0.004308052571759199,0.004736467741010152
naca0018,0.03379948055363835,0.07815484206416896,0.09122812251919807,0.14581793037388455,0.051331687781596094,0.09124470527593186,0.01577908821834354,0.016804898604541447,-0.03379114170293703,-0.07818500901947882,-0.0912257119230914,-0.1457150098163819,-0.05149461942016089,-0.09114277997864276,-0.01581095314286247,-0.016800566176696875
DAE41,0.028160696843921737,0.04626143638940525,0.12338222644214489,0.0717535948862315,0.14568748806628906,0.04479120184905594,0.01882801323343803,0.004700321778071915,-0.022373456636622168,-0.02705368126739668,-0.044916833640724504,-0.03400817917418331,-0.024124254213849748,-0.008809714053989639,-0.0008066220722311766,0.0010385179384992803
N654421,0.05428449810779463,-0.01004334010334785,0.26375162005538383,-0.07405543414418563,0.4185164146142622,-0.04658539259151269,0.07076111814179824,0.0034148073997804745,-0.013366877983951248,-0.07183349046892935,-0.038277875693749255,-0.1141726268605109,-0.1703194475460238,-0.006281222330982102,-0.0012752742390861012,0.004879497761230325
TL55,0.0166451933353734,0.053472049158963704,0.08025629606435046,0.09250459321588386,0.0582095792088598,0.038837994863114525,0.011309107232999702,0.0006328568372507957,-0.012243505509322893,-0.04454264535043611,-0.03121516641183768,-0.032560942002097595,-0.020329450055851888,-0.015333331562579265,-0.008102711992903865,-0.006338609411442906
S823,0.016157756921784564,0.07137346782652343,0.09874069667680377,0.12961235283603006,0.17590511368565667,0.022694130152362036,0.06833490728977329,0.009774788688258861,-0.01613321137454031,-0.06605777434291717,-0.4083992710745016,0.17832954358670336,-0.2842494280342553,0.10263107180482875,-0.011217441064479045,0.011487222764631754
S822,0.018314928413209183,0.04552681418569062,0.13591454333132186,0.013381965141388385,0.22785389966118996,0.05020724034943444,0.04271017783730529,0.006947025720438283,-0.013793215754206225,-0.0538566984060232,-0.08412634110095635,-0.06618150061259322,-0.08475085562920019,-0.0538270842359421,0.004763581684845068,0.001677943242913643
HQ208,0.012473939430567462,0.03987331224467242,0.08304390610810139,0.029431721151678497,0.11581057872070072,0.02775435255599846,0.023918414890716992,0.0046884558031395,-0.0060622585938193505,-0.0283728297999435,-0.018768550522625344,-0.0033160368086511023,-0.08330179299250226,0.0467037837182376,-0.007296690694119924,0.0027072572134982306
LA203a,0.03507897734781844,0.06725112280786211,0.13184585057721165,0.13372347948309424,0.25252902645833,0.03577785991338008,0.05045065665445492,0.01827995335383231,-0.04103593894055972,-0.06771747290682631,0.025749949945930904,-0.05919185218294378,-0.06652551610094364,0.05198574128043368,0.01321109128475722,0.01757652667560051
N644221,0.039607120955304116,0.05975801741703279,0.09564085486886903,0.17127005091599082,0.1689726051874402,0.03925772787155035,0.027153838966713435,0.0038991205859422854,-0.013968005899427274,-0.11333124856806609,0.03711823692204975,-0.2832081842599157,-0.03871929940216696,-0.06438566591465951,0.00579615801732751,0.0006466938639246859
DS21,0.01731517124042764,0.037347706924145734,0.08926229248965471,0.05080315910237691,0.09178627761506933,0.02234603357466157,0.0270044247677141,0.0039673327436972,-0.018080513555127603,-0.020856652266833493,-0.047620600178973925,-0.014467596756982172,-0.034396296178124196,-0.007400539320920503,0.006777972393648614,0.0001214728675024691
TL54,0.024213882463364835,0.039899492104236364,0.11197320203180469,0.08816002986985887,0.06798116086900212,0.0537002145376777,0.0060616071501079635,0.0038523339156318775,-0.015173113579532506,-0.030777832305867475,-0.0574575895669049,0.01188835310915205,-0.059699148397244564,0.016625726830899384,-0.01997014104759457,-0.0024318534675927274
SD7032,0.01603564094954573,0.06671115629840052,0.0903156500131134,0.12572763961065556,0.06670627101526022,0.08764712601844639,0.02252058125332158,0.00582070064091291,-0.016038456220530236,-0.015635064593590417,-0.04504996780694651,0.011486937816751907,-0.03146866596859812,0.017578005264753362,0.010503159204114756,0.003636108083499945
FX03182,0.02204695962355845,0.05769616867767907,0.13269752680013422,0.04135013996378711,0.31541575577847875,-0.003380910874672627,0.06309758630608832,0.01018351918611682,-0.0018877595429679754,-0.06579500968871006,-0.031000447118998735,-0.04602557037575626,-0.21106046073908769,0.06009587907153265,-0.007921165814074241,0.011437285044191716
MH62,0.02200710777586532,0.01771285945369756,0.14481336925810023,-0.011612762890379033,0.14381789401445477,0.0008823848855529492,0.005184103835788788,0.0004274176034441494,-0.013925796529347747,-0.01790488651790622,-0.07308237040523831,-0.004646901357618231,-0.04637685436912986,0.0008825292258947343,-0.012310930350225747,-0.0024943505819600377
DAE31,0.02771033331957851,0.05057577472062646,0.18592145394959886,0.04391613837894331,0.2399743820806942,0.08200252084634888,0.027127928167837465,0.009401313567753436,-0.034669935608436876,-0.004755831145931186,-0.02528592451264074,0.01630538636676899,0.03937763788862239,0.029797651915124446,0.015473224437021258,0.00400659238225083
AH79-100b,0.02232595724997349,0.03450171108017344,0.15703793648174671,0.06032572863959485,0.22486317543781886,0.04165545389667347,0.06218451119801109,0.018996243894823284,-0.011309966745388743,-0.047316976483877754,0.07393640608266626,-0.1061956635948912,0.10623712764546536,0.0162792618244615,0.049258277242086264,0.012629778406642929
S4083,0.009441527745598704,0.06604565676891928,0.059895261086460004,0.16634309900989475,-0.0115927330762886,0.08914833071500036,0.01303573702763312,0.016580959940122663,-0.015760173824540376,-0.008074677881343412,-0.0404396158601357,0.03303143444678802,-0.03348811744593446,0.04850431206580356,-0.004392310964656057,0.0028074295140636286
N633018,0.015690518333594226,0.09445053826021542,0.01212397823495734,0.21484939486188187,0.06532445032051148,0.05656026606576224,0.0017026023894497681,0.0024431625481649366,-0.01570608961502508,-0.09434064238873904,-0.01233703597116181,-0.21460844283367073,-0.06550913734165897,-0.056458834607165796,-0.0017428185192248237,-0.0024330254941828363
FX05191,0.025673379529493983,0.061802746030632016,0.09067735681054842,0.16777116021809224,0.14188880587526279,0.14462082820091574,0.015698727368432235,0.019269522968764358,-0.024036959113632565,-0.03323342496486346,-0.07706191654016452,-0.05854973231508596,-0.13866903283051477,-0.052806951227668625,0.028737727572088916,0.009242684888833218
LA2573A,0.030225412450117988,0.09138972511853186,-0.009698385642059442,0.4336238592926101,-0.1927884561139515,0.12742042004501755,-0.023716732243113377,0.00412053091298725,-0.03423664329718811,-0.0786401616776686,0.06284456207147898,-0.1797132578527361,0.10429056805954504,-0.13799873875608915,0.012091003829798365,-0.006270505208467479
SC20518,0.04426689399549819,0.0746711792148569,0.10939515993518985,0.03789657997672446,0.20314199368133123,0.014211318022822347,0.06260364991165474,0.0025226999327711327,-0.04020726502722447,-0.0958154691529813,-0.053114662289712365,-0.12509101503817702,-0.12231486891988622,-0.10177311808525903,0.09939954171791715,-0.028821661069726178
RG8,0.01444381320507508,0.04892008599569086,0.09295920528143194,0.07270216070367556,0.10567635490388003,0.039887371268509046,0.04532467189378284,0.010119103376360935,-0.01210225484004571,-0.0398352679334385,-0.04312374226651149,-0.02349702625971103,-0.08509426589540806,0.03509797722626095,-0.0016498570502663336,0.0060134296737428105
AG24,0.010949427472997868,0.050980308500188934,0.06993908471303178,0.08689468349843849,0.05549214021249023,0.053814414571045584,0.016245716012132864,0.006534381469578391,-0.012080210903201162,-0.025076434343816314,-0.036652478798600306,-0.033405650904971176,0.005683540769003199,-0.01598278585105361,0.017478740440212463,-0.002142192527912621
AH79-100c,0.02236465751609453,0.027770607498386096,0.20053598657999303,-0.016145132363280863,0.3046838609122553,-0.0005299652459817943,0.10939301101627617,0.013229554029970426,-0.015813848195587153,-0.02763650609712006,-0.00529905871126219,0.015705915432769724,0.03979221438345707,0.023950013357582192,0.036061434924543286,0.010317493626778598
naca634_418,0.047396767817065366,0.028684418347681456,0.15251486121644425,0.10307571224265688,0.18630882714648303,0.04948466231680616,0.029509933954572486,0.009911885804207397,-0.0089241798132084,-0.0897062016287466,0.002487526993299588,-0.1678573395741662,-0.06857827111939951,-0.015223838427201136,0.0028527017129007276,0.008365911274115314
ag26,0.010914204854384867,0.053219830263485,0.06027652194406042,0.07682587480037494,0.059841862436120975,0.039562776995358435,0.01795771988687193,0.005799658889885446,-0.010862221633265775,-0.023902711418802146,-0.014038817664327978,-0.0326249082200216,0.03392221341801873,-0.010342237416526233,0.01655182086525644,-0.002159595495837854
AH79-100a,0.018435196509341948,0.0409271327323792,0.10290938088600314,0.08121041692417895,0.11195760970668922,0.06201669606533492,0.03036632936802685,0.008670169567490314,-0.013204448372301175,-0.04417372202575189,0.013987392523241882,-0.12010392439213276,0.07287376419517513,-0.0025648311324249313,0.025056696875000607,0.0015263882744849667
HD48,0.015055214813819709,0.03912801180963939,0.09318589829527019,0.04943670056786422,0.10345102068853623,0.02701729476718071,0.03049243643594938,0.00483791128378807,-0.012749501629004506,-0.023171903533862424,-0.031629822303223094,-0.013013563985475542,-0.00720301087118795,0.0012228379985218096,-0.009858396116560312,0.0015551048816885918
S7012,0.009274552631485461,0.05527864520727005,0.053754325164823445,0.11993135585117186,0.03508981028146266,0.051587205313487594,0.016519575328399205,0.006470841977775293,-0.014603647277904728,-0.00960909039635291,-0.075653174854874,0.041320556379282544,-0.09331614159865317,0.03175275267592255,-0.0016210565039758817,0.0041134402832442634
N633218,0.03238154649461152,0.056207403100508216,0.08857101001101755,0.16197140004672836,0.12165363406236983,0.04855048078050058,0.017424137232021474,0.0044318467489735235,-0.013728807773889504,-0.08983578812546239,-0.00019183168888291255,-0.2077617317064195,-0.048122160338421795,-0.04511055871516845,0.0070385711158372525,0.0011766734780117606
GU255118,0.02775598624318159,0.048974367673250696,0.2589867033436374,-0.06170336732131063,0.6062691761829733,-0.11404447189540401,0.11485321057779711,0.00619188155926654,-0.013535706235946255,-0.057647567183655705,0.01558677712726833,-0.08756467750120263,-0.015251418156551774,-0.005842100357863285,-0.016723011339097735,-0.0033223938857605863
HS308,0.017967907949539775,0.034754232550515164,0.0889931627862765,0.15961392971883617,-0.028646395989894567,0.07208509535389478,0.005407627787296355,0.005510341603611178,-0.006768857675998923,-0.0346572967567217,0.018289046938520088,0.00016758529527632665,-0.05026644958626718,0.0037236065548203016,-0.023338322101434897,-0.004934381073090283
SD7080,0.013358786716927949,0.06015345318728113,0.07261597274339344,0.10764899202668253,0.04350638673212812,0.07836409498706429,0.01928143512965441,0.004212731190593837,-0.014024512262255397,-0.02488847521170092,-0.03864267036799247,-0.011339033065033715,-0.03163109046460833,0.003744552643885359,0.0005144124722391987,0.002128824404233842
eJ1,0.010975460687848848,0.04192546464664188,0.12465249487519499,0.08750572787636622,0.10183656983625895,0.07870951750432745,0.02138276570382942,0.016440685652374793,-0.015086324149658017,-0.025933604505289778,-0.04971741073548091,-0.07432746169018098,-0.0198134890013747,-0.04877048373937008,-0.004185282434640885,-0.009020023168840135
Phoenix,0.020615361001985102,0.024686964912601805,0.1194601900524651,0.09683703331249872,0.03970961176344954,0.028165431643732714,0.008714576895382846,0.0036442419888740567,-0.005171864243937271,-0.024491234264763136,0.00877505714428715,-0.022623067507015274,-0.024252205308382235,-0.011523490332790659,-0.022342274579196852,-0.004083593034640129
AG37,0.024185656065078037,0.01599569763095965,0.11136756425787933,0.050922779704549344,0.062499171158137724,0.036179961666805455,0.023624522449208388,0.0058123854840429765,-0.02338145837621471,-0.006215673672235923,-0.0483778226723397,-0.006965306280055319,-0.0017777735203354543,-0.035084450172216425,0.015108799590715873,-0.015075306674346393
HS522,0.016399307181368485,0.053796546478028964,0.07992029661861035,0.07802578215228677,0.07663296057187598,0.01509320370660686,0.012236120321101069,0.0003708174720598009,-0.01608226220261901,-0.01779520840203819,-0.027389513774839433,-0.029608223428655555,-0.024907933248797545,-0.00985217026498671,-0.009392420791275887,-0.002994322464597556
FX2,0.028722845825207052,0.03326567882208539,0.15090958177739872,0.11317823634021845,0.10632102349064426,0.2877962084877961,-0.017825988771493818,0.025804451978177982,-0.013256175047126822,-0.039930088446668226,-0.13630930304040903,0.11566261834067403,-0.40354672422807264,0.12677625006824936,-0.021002396798296897,0.009575965624380898
FX66196,0.018625295515581244,0.08128135769501901,0.06466713911270217,0.26287779251993854,0.16201901250029355,0.05854544307896285,0.04064317113082488,0.011158129715086257,-0.007067747337857237,-0.08089499336553103,0.05245586745649216,-0.23832947184633757,0.014642989947233316,-0.01913957513745217,0.01193476177237359,0.0042904257412475924
AS5045,0.02037372461754446,0.05318007962986646,0.13875595104032187,-0.029682014320014154,0.30218192993046783,-0.07963576221156503,0.049812412768319686,0.011451953602000232,-0.027258220278724102,0.017832496294635285,-0.19539257088667322,0.14672960806501856,-0.3642678266077197,0.13773265761513728,-0.0345479992411506,0.004630493173923732
N66021,0.038980169141028205,0.002156744509906793,0.2088485627024706,-0.06666818472297191,0.311573124466931,0.05422900890370813,0.016057407268844276,0.0035637072943871463,-0.038979414062670276,-0.0021563470849752793,-0.2088920027491709,0.06681391126026022,-0.3117958947916009,-0.05406403676973995,-0.01608905335669119,-0.003561169456780579
ag45c,0.014111997815424923,0.052374315545057525,0.06303488579456304,0.09493311181640161,0.03640096725622304,0.04772542469641742,0.014301959368443645,0.00584140301774687,-0.011076591621808284,-0.017332039031143477,-0.03853406981964294,0.03003845992303856,-0.04642873426395236,0.04877285367280319,-0.004200017781757575,0.0007761555030182668
EH29,0.011886504089980775,0.03680440061772793,0.07850833719685142,0.07276802274351686,0.04839709534168858,0.024298860302363025,0.01292973445385977,0.0013507549608690666,-0.011424126854329555,-0.03130033908065915,-0.04880360319482896,-0.01759036231041116,-0.06573830254388528,-0.017452282945977008,-0.014534961789175018,-0.001153268371176156
HQ308,0.013856211495364862,0.04351807447705552,0.09591546731145112,0.03916670961873541,0.12458367304981821,0.042836737108671454,0.030548337888174754,0.0060304260849968075,-0.004880607161663561,-0.026819279973528454,0.0033587372216355984,-0.006906218704881577,-0.06517737882325739,0.05891821005436246,-0.000543256334932011,0.004026280975747263
FX6617182,0.017156821308487117,0.08544272733069377,0.05142079271348947,0.2816566234943391,0.13689491976403895,0.019885628783897567,0.058185977194126534,0.008818133108249198,-0.011459980600264087,-0.04758097400738961,-0.038205953590679645,-0.05179698881066577,-0.16470295793669382,0.08331176919143918,-0.015115314490316455,-0.000988175993527214
PKMB500,0.004418232086539557,0.07141999479911122,0.04996274239643548,0.12921555482076874,0.05860582236308161,0.0698455466588539,0.028571813133521997,0.012870018244931657,-0.008570620866050847,-0.03495855393615876,-0.006170412371763477,-0.0464573261919581,0.029514854674439626,-0.01498672029841278,0.023810790492423548,0.0023226692293715242
HS130,0.018184556890634158,0.049285196232194295,0.08858393615993541,0.06967695268930574,0.08312264367724435,0.029290682902430087,0.006788292895223054,0.0003616181861106568,-0.013384559367046266,-0.026139772208035747,-0.045302366988894546,-0.022428013965278017,-0.041365828220559044,-0.02711283837227989,-0.018665629064879598,-0.005668441866117457
EH1917,0.00891924766150282,0.030431502248172537,0.06263498181784707,0.06424590319468115,0.03484605229951562,0.01998807152781362,0.009800780294864173,0.0010814774784502316,-0.008785953276592947,-0.02382897059798948,-0.0346735250876868,-0.007337746257979004,-0.053230753149767204,-0.012765349146211927,-0.011476735360801498,-0.0008819251865829867
SM701,0.02245687857626117,0.07318063176459505,0.18404228967788955,0.005010098800474488,0.26874039750910833,0.006090363707980333,0.08512527784360704,0.005932534166268446,-0.02087795835811906,-0.035304282577370755,-0.05671099961928906,-0.022477488110882567,-0.1568342511497403,0.05548933099331294,-0.0012110037271922602,0.011072153523267651
rg15,0.011572466487275576,0.04852868188055233,0.06880521407319301,0.0763052012593612,0.07530425524112298,0.03788390074351986,0.03060341063831588,0.006827569187333133,-0.011687612962523665,-0.02538865754589858,-0.053036213682728095,0.012727437043809818,-0.08547410755270028,0.018697050034459938,-0.0026150193944495343,0.0031170170364458335
S5010,0.02516261068715963,0.030489881653073474,0.13944947662445878,0.031939010533916394,0.13541605308989282,-0.012945928325674514,0.00615057746367312,2.0277086246631892e-05,-0.01110065670497946,-0.03385428387417258,-0.015886840449500377,-0.051576685909166586,-0.015024796668103295,-0.01677167744540846,-0.012815271945205426,-0.002765674276553194
HS520,0.02277602495474132,0.037740604962568654,0.1091718753101761,0.0560975319981706,0.10118894858463912,-0.004462037020511065,0.00615380211036843,0.0005523732628262516,-0.00944536596354603,-0.031719660480155155,-0.009879922871388346,-0.04182291321841402,-0.018765300103339676,-0.010185012835191305,-0.011629686049722684,-0.002132176751285509
RG14A147,0.013273726628738984,0.03167936028474127,0.06973755762693837,0.0425054992206937,0.07399408272121426,0.01892080797481276,0.025903868903291112,0.0041814147693069945,-0.005129982022119618,-0.030738190154067785,-0.012578324639810989,-0.04427545143465745,0.00820197993151249,-0.044964000198305334,0.009370807902123897,-0.0006897711273802553
ag35,0.007740581360968586,0.06147095975155188,0.05915631014187108,0.10718440785825858,0.05063472809427876,0.04954752799698523,0.018978501683805934,0.0042887202504402295,-0.023369184099298453,-0.011651684118676812,-0.053957498881343116,-0.011046367174346762,-0.002064219084103613,-0.03635522358288441,0.013182975691945303,-0.013218576777939561
DAE21,0.028445569025257158,0.05248223645570929,0.1831984869185965,0.03124490801246017,0.3087829105070357,0.011590279782431462,0.03514140897956197,0.006179957760447174,-0.029864383729721417,-0.00841514239560655,-0.020149125776798824,0.0032428436472988816,0.03122787153548701,0.02492425767295419,0.013361744909065318,0.0034161845912139997
