AG38,0.0074347400651789295,0.02407418341985909,0.04312905690709278,0.054148284747730466,0.05671864613777683,0.04924299040770362,0.03964080242940141,0.027473615984800553,0.015965094441707073,0.006607688025957789,-0.005906517069088544,-0.012074313036466703,-0.01601176778618345,-0.01610504669428224,-0.013880741180841533,-0.01107933990864056,-0.008328065371898528,-0.005875999353122951,-0.0037336201347391634,-0.003339881078620972
EMX07,0.006436485899991317,0.02958556049167029,0.058369697133074355,0.07591189073477864,0.07236809973556757,0.05511072065071434,0.034822812297118186,0.018062006866008288,0.007551959590220476,0.0032879499770911546,-0.005721340254440116,-0.012066696543906803,-0.017967927091022972,-0.022493622449791393,-0.02696658148182288,-0.02858418038587317,-0.027335051452612207,-0.02063560540557598,-0.012426519189260058,-0.005399317203813074
ag10,0.006657546117635279,0.020367013209870125,0.03482521321424135,0.0400106722010525,0.03765535068978471,0.03190657650137737,0.0244393245816221,0.01631608552509737,0.008887763827716952,0.004722198113050044,-0.006473346309458805,-0.012699551004571003,-0.012436844604754622,-0.0073741573464293905,-0.0025929100277003107,-0.0011602993855499098,-0.0014761163264097295,-0.0014606254865307702,-0.0013513308738323663,-0.0019179947496920596
N634421,0.018148527905934256,0.0448617530044333,0.0839918741859823,0.11440051137176968,0.12884155232828112,0.11654585700687878,0.08484425542446458,0.04819326771784854,0.020128928515475278,0.004761777510529303,-0.005783075253482497,-0.03215604970593738,-0.05988598709577165,-0.0802963684177693,-0.08732131342952389,-0.07187245274845805,-0.04237705284183791,-0.014486780263445966,0.0010285713359797165,0.003119843220552528
SG6040,0.010462472152614834,0.03645455365940265,0.06858464300696002,0.09445482020050724,0.10616089031908287,0.09945036313935698,0.0789448268220336,0.05099858029989764,0.025962366935385263,0.007003577305526612,-0.00950633419172533,-0.025455001584679414,-0.043838224808056075,-0.05400634588809917,-0.0576574543952507,-0.05033387617176505,-0.028285045063666796,-0.009084888266965149,0.0006967433049199335,0.002147227218837521
DU84-132,0.01090352846719552,0.0359612883045266,0.06794734382946506,0.0912213517348984,0.09917237263166721,0.09351920586463056,0.0755500612936542,0.05081132212261167,0.02613726612777539,0.0076682706675238865,-0.006623448164022485,-0.022105670524624855,-0.03383029549578001,-0.04022180267979346,-0.03925785275977358,-0.03274226472612601,-0.023140227370981675,0.0020025274400580864,0.006882084072787437,0.0020275035739584575
EH210,0.005396631800048794,0.02597015794461894,0.053847718425889576,0.07032986034099342,0.06994407043383176,0.056029967888493716,0.037364239411259076,0.020410657778313485,0.008399809569359578,0.0015772060609974645,-0.005354277387457908,-0.016905439969009745,-0.025241938034984902,-0.029045771268716592,-0.031879490436905716,-0.032414801840749005,-0.02784933259833473,-0.018330079862421383,-0.008262503826050736,-0.0015926267099058908
FX61184,0.012191795967616513,0.03901357999996258,0.07718476923646271,0.10667297676384796,0.12176609424017193,0.11626349151111741,0.08918358084877995,0.05254221688013801,0.026270336916852644,0.009701836440310857,-0.003957161372095171,-0.02077568623298758,-0.040995167458381214,-0.058257982512504164,-0.06602520231547751,-0.058465182558173324,-0.025607754804655797,-0.0004551229521019961,0.008421973573004511,0.006320185092534331
S4061,0.00909799897671433,0.029654152901798018,0.0579843612669206,0.07930767018864482,0.08692139471527885,0.08081242267406492,0.06205776316794276,0.035933611397919674,0.014477532348511363,0.003040774672626683,-0.005341161905469913,-0.015281223554555405,-0.02099105939676297,-0.01680311312058091,-0.008642986713889146,-0.002665776088696403,-0.0004099423968621568,-1.8685858369787394e-05,4.0664667932093303e-07,-8.192774341731398e-08
Aquila,0.00816055584278655,0.03152391778284622,0.06382282168760049,0.08432896543431984,0.08895658183084248,0.07861158734495562,0.05807055503215511,0.035200389833582965,0.016117127458755518,0.004162185476854231,-0.0067867178610405,-0.01010489462658689,-0.008442488941374272,-0.007493345282801186,-0.006191941090300707,-0.0047363423307943756,-0.0032892163275166633,-0.001976722987320595,-0.0009231234792248518,-0.0002118936412728523
N663418,0.015431576670364143,0.03292733050187498,0.0640618579724099,0.0912583042735278,0.1091203713482443,0.11381294931305093,0.09943798792451462,0.060839423605238876,0.02614029811805682,0.005577907535716312,-0.007298150444916536,-0.02294656692341461,-0.04121001405730859,-0.057344968655879805,-0.06714080897153957,-0.06917053086289805,-0.056983897545596546,-0.026678792241368605,-0.004700969057016666,0.0023193911690578225
dd928416,0.004902873715484685,0.022656942960677478,0.042671460787455005,0.055284319176577015,0.05848277418600268,0.052791802006121824,0.040889888683895016,0.026322485412910074,0.012482438437180603,0.003101736397933471,-0.004697847371499074,-0.015015979967778927,-0.02400012607756208,-0.027307922494560207,-0.02673074780332269,-0.02332506557959006,-0.018404822827857263,-0.010509276574191182,-0.0029155143722961858,0.00037446327537048944
marske7,0.007300614382050492,0.02773569442659366,0.054020429258189895,0.07544237006252658,0.08825117660451802,0.08907562363522453,0.061485103443187424,0.02350095195545061,0.005834489815819561,0.002214266656414311,-0.007010606973373836,-0.015211087027875051,-0.02309297462225758,-0.02842919845748536,-0.031646659867489754,-0.03285982406805193,-0.03159802920591261,-0.027412872610824965,-0.017931963114178297,-0.006555922123769533
N63618,0.01827479348255038,0.041864682278887344,0.0790982604763917,0.10859342360299423,0.12384110445106684,0.11482556998473702,0.08720848470223097,0.052882595921919906,0.024327109998498006,0.006655819090734993,-0.0036766967608092634,-0.02495321406296879,-0.04435559108851931,-0.05787082014016889,-0.06136841358445882,-0.047741226478499425,-0.023730393182503254,-0.0025325934419993938,0.007299652699950501,0.005171095881644304
ma409,-0.0005319354819960016,0.017686295351203248,0.039463433677066756,0.054732082165707296,0.061862505699802756,0.05854997143094084,0.051093903500785846,0.03502585554377123,0.01863609795329943,0.0024552053240599545,-0.006462704704494252,-0.01720847562893457,-0.019177699568854553,-0.013804779923939118,-0.0035639448028292743,0.004343206466472208,0.006374364689912987,0.005024542981021015,0.0029995219498122564,-0.0026009548752739097
DAI1335,0.012359764645750466,0.04287045102725939,0.08382449919082423,0.11618290384905149,0.13224748963067093,0.12246767105209916,0.0844382666189935,0.044776403164256434,0.01816651917217006,0.00435489859995762,-0.011079145472616575,-0.021016375353631326,-0.024705148715590906,-0.02096242630287133,-0.013079140500418694,-0.0036435864334438176,0.0039979766353601225,0.006985700361269235,0.004971892842363644,0.0015350074307468535
SG6041,0.007679008413679517,0.029211358146702743,0.05104341062434593,0.0651684907888753,0.07096221654986443,0.06786853440877778,0.056513834449412374,0.03798387928961598,0.018507714592433968,0.004675045252002886,-0.0060781090650202955,-0.015871306808466254,-0.024164785895238624,-0.02890344880539403,-0.03053888914454037,-0.028571569439943535,-0.020792086459197497,-0.009217912924587452,-0.002441384608140186,2.540900309081726e-05
DAE11,0.00944992917685854,0.039369320673967464,0.08055452014822899,0.11376536179590409,0.130787193925684,0.12577626180078277,0.09118308281338824,0.04787806356757268,0.01900552231822598,0.0044039827117565615,-0.00919250211293135,-0.015091749538032693,-0.014978767464275263,-0.008842026320125635,-6.626927769317946e-05,0.00838121138224837,0.01242059825141711,0.011252845584607358,0.0068171901310139105,0.001995295460357355
SG6043,0.009778781070774133,0.035652665401200906,0.06673686371924231,0.09037753880820655,0.10319390855322023,0.10217265439259347,0.08718994729856018,0.060661149784074664,0.033493612286753224,0.010568073517537458,-0.009511441325672557,-0.01484720582535857,-0.01377069731082001,-0.0066228161750129235,0.0014086709861151092,0.009684189297342962,0.017008930587546472,0.018056718358704513,0.013341800269632928,0.005599617460994601
clarky,0.0048635517662565,0.03257394022859306,0.0643184633513615,0.08711561460093378,0.09301711567200877,0.08755145804029804,0.06935512885054626,0.04561778993395589,0.022703685277298952,0.006678404478949312,-0.01031464302712521,-0.02363675701062292,-0.030340937510577422,-0.03003296735499575,-0.024567326419885755,-0.018976504416629424,-0.013279749547932526,-0.00818207873833319,-0.004065749749823163,-0.0016989542715747988
RAE2822,0.007097442377754461,0.021294072234322038,0.03874569684170328,0.05333259730646355,0.06221145936842908,0.06340218409071269,0.053546155639373226,0.036140162246566625,0.018328402205786302,0.005171703460642688,-0.006959915248467689,-0.021727002036065767,-0.03930197475213744,-0.053017894538911065,-0.06146618309202274,-0.05226332517963288,-0.029701285685239522,-0.00997686263085282,0.0004674293599685824,0.0015894288087322573
EH159,0.004961688865866478,0.02245474965083526,0.046009654661469605,0.05975377548357974,0.05967967057252001,0.04830624824738202,0.03266540227363655,0.01806320053159509,0.0074769430129634955,0.0013776852487971988,-0.004892471192779148,-0.015616101941549458,-0.024608488205601856,-0.028902376835119356,-0.031191771132632932,-0.03062185163999787,-0.025539895548363774,-0.0164837732289063,-0.007388362872046526,-0.0013905336964601174
AS5048,0.010126529693191777,0.03803868084935488,0.07023775093236698,0.09221149652950952,0.10256172036292031,0.0998194495944547,0.07458124013763572,0.045539301012843744,0.027243021216269477,0.01352587681026053,-0.00870672510143351,-0.02296235816246054,-0.04786337595047316,-0.06809299565041141,-0.07920134170388782,-0.07825533316719689,-0.05399285185783128,-0.02511488007531069,-0.012545130422306051,-0.0020332609283056306
ag46c,0.00622064370638812,0.023131436941490065,0.040813435162757775,0.05042572841986633,0.05195782643575516,0.04619732037646439,0.03535463904669766,0.022471244576038257,0.010745710405057791,0.00289316948764702,-0.004359209227428754,-0.010951235809446184,-0.013928315772244296,-0.010924296455133278,-0.006176089736607394,-0.0009159620976996565,0.005835343622009849,0.005163934966771062,0.002729432975376021,0.00015935389916975912
DAI1336,0.011664151869440292,0.04251456471523567,0.08194754832875788,0.11193617489649464,0.1259373193262957,0.11845389817605609,0.08619477866212556,0.04681834669364389,0.018575967256967068,0.0042572577820291545,-0.01111388303977941,-0.021184406870310108,-0.0247754895512586,-0.021045106604804697,-0.01314037752942723,-0.0036928579140181987,0.00396836987054321,0.006964119161421914,0.004960935322967977,0.0015388239073633788
Dragonfly,0.008699886619641576,0.03404458958423093,0.07675341778198426,0.10696014971205192,0.11414857616703432,0.10128856526404639,0.07678626151554696,0.050074870518310916,0.026671046865874726,0.015618680384557297,-0.00860884765328744,-0.01494223349272022,-0.005807998201190352,0.020948212978827294,0.03617540385467762,0.03557410275884291,0.025755400448640494,0.013071733518997174,0.0020642712987678927,-0.010805015583166077
SD7062,0.011704332294247484,0.04573545893240371,0.08343898200809664,0.10604311240143847,0.1099967619013516,0.0967691044532004,0.07179851847307718,0.04319682454462944,0.019821173450045537,0.0042865106732557804,-0.01080903597506626,-0.02226973562598537,-0.0323884541569094,-0.03436499621641315,-0.029479265127699335,-0.019363993609018994,-0.008313610528785327,-0.0003927272719113744,0.0026472862181039893,0.001847739537216049
SG6042,0.008859771566820397,0.03280458916637251,0.059043869780712716,0.07799686883063972,0.08732066914106804,0.08530621441001963,0.07212666482615225,0.04934898329815296,0.025996857196362716,0.007534440676528825,-0.007525527081691738,-0.015206262730618106,-0.018765408388779825,-0.01764196792397148,-0.014328148231328127,-0.009394803399019044,-0.0016079641591404416,0.004611985799841581,0.005472033702921642,0.0028429598604220556
MH45,0.008393541898905602,0.026919009220334997,0.051074058406260316,0.06510278150673507,0.06544252435707378,0.05551074968542434,0.03716104123624054,0.016292698604699576,0.0036210360523794803,7.413840793411138e-05,-0.005444296217134165,-0.016870026464122508,-0.02993867748050148,-0.03474480808744877,-0.03166086692680518,-0.02532346151181606,-0.017758631971761234,-0.010819868078482427,-0.005982529216304257,-0.002072384009812857
S6062,0.004795770575560589,0.0204468414790032,0.03974581765340169,0.052316092824349486,0.05637876259606309,0.05111567109351124,0.038771522799127704,0.0231796946598542,0.00949703036988248,0.0015636923107514144,-0.004644835511151921,-0.014091795146401995,-0.02274461715699185,-0.025552121544820287,-0.024178072696571545,-0.019913164606196843,-0.013900342479853367,-0.007017213482471421,-0.0018263102447794173,0.00019245277441132014
FX63-120,0.013748482792707956,0.03956760282956807,0.07270703095190977,0.09748768157865308,0.1084162165236641,0.10319679192931727,0.08300843613426961,0.054738988494152076,0.029515397351618015,0.010373291600140331,-0.0022836832338436626,-0.014700730189202071,-0.019274250629660202,-0.02028774481652675,-0.012263979816129037,0.0032759716721923095,0.018810157559553956,0.02575934281118382,0.020223931844287668,0.008673088788997804
Teal,0.0023814464100420252,0.008430256890044558,0.020346101801635406,0.03508429943803301,0.04565163830985112,0.04706846663927721,0.041041012545290634,0.031313831729551884,0.01870289580661679,0.005936717781972478,-0.0007053418224040608,-0.0012095136110728784,0.0027862034465770966,0.010232465630605703,0.015988271719466183,0.018243465802118268,0.016576783128846626,0.011199542565493782,0.004844077901039048,0.0009756919411092171
HM10011,0.00645941134025599,0.02672062268952534,0.04964124773254961,0.06243404244050308,0.06419427627162792,0.056124844477993464,0.04205186638571844,0.02563289472983436,0.011278146564168432,0.0024219532238257914,-0.005004001136541038,-0.019239867561844703,-0.03236372348088053,-0.03758517988230683,-0.03576352723912531,-0.028838254080771966,-0.019558372914376922,-0.010342597993715778,-0.0037429940752912406,-0.0004304080290540679
FX02196,0.015155961468262234,0.04270221018412256,0.08332945197751304,0.1168557918678025,0.1377781233884958,0.12591551194429915,0.09059828626190651,0.05322961221489286,0.023064796831274666,0.005946351074334983,-0.005836483569548494,-0.02239763593067558,-0.04121965042135662,-0.056871273444258,-0.06510889447385079,-0.04980362856725683,-0.02277341867285086,-0.0035195025167626026,0.004863187266159639,0.004257379379004687
ag47c,0.00624426467561434,0.02065736597722664,0.03421963852463125,0.04188467822456686,0.04349412153519516,0.03904811975978267,0.03007732044436636,0.019197007889602116,0.009251272620663381,0.002374488198914001,-0.00432032966630432,-0.010244213571370649,-0.012397960945970322,-0.009759489127705747,-0.005222042435290221,-0.00014695189755887172,0.006078607313916859,0.004967365484509511,0.002378771130636486,0.00010376302993825468
SD7003-85-88,0.006531046014737798,0.026355713870240972,0.04684806792964436,0.05676526310090036,0.05646331390516872,0.048024400506271034,0.03518121981370727,0.021688420886850628,0.010641607932988519,0.002778501011374656,-0.006105035664940134,-0.018479509663877205,-0.02749045713445246,-0.029650483305690575,-0.026692167686784327,-0.020567896599005247,-0.012600909800047822,-0.004611778144267107,-6.911547940355452e-05,0.0009074790951664146
S6063,0.005775243058225897,0.01843058076805443,0.03556805307889824,0.046893080926106,0.04913123489327284,0.04428195946659548,0.034122928240700165,0.020345289944618733,0.008334077854718708,0.0017189762878500805,-0.00446074362340718,-0.01322760916887582,-0.02082609458799748,-0.022754268859186723,-0.020690254004227797,-0.01620557030452325,-0.010523981333035084,-0.004897163617679983,-0.001193512417338993,2.2284789304157582e-05
AG03,0.0061926243229835296,0.023668516832531697,0.04185818837877958,0.050992646665786845,0.05131372266307514,0.04462244573176981,0.03330002009329754,0.021118243280327652,0.010217796303287856,0.0034638467282517493,-0.003492832693289818,-0.010565119248926494,-0.013803920268570328,-0.012062771156225718,-0.010063788210100512,-0.007813944851770858,-0.005567877078275758,-0.003551879419797946,-0.0018982877643864285,-0.0010892215696273317
N663218,0.013285117334907821,0.03041749512035047,0.05837682021048562,0.08276890152197112,0.09866550380187707,0.10265509246496148,0.08885372724619925,0.05226282573878129,0.02074408590915936,0.00358376081345345,-0.00897075276454853,-0.02552333937786823,-0.046927797524181886,-0.06580407802978419,-0.07766977555254083,-0.08032310907530384,-0.06765537178648945,-0.03517034891213013,-0.010023972822149079,0.0003623955277643069
bw3,0.013119973633882967,0.0265216701642929,0.049418182888651706,0.06972937830283273,0.0783150754126396,0.07716622496649721,0.06427691720004611,0.04541595671659239,0.0286586641950349,0.021902279925950615,-0.005637497672065749,-0.01846739116367153,-0.0018878929280570183,0.025014932390469716,0.03650217703938019,0.039564932119762926,0.030440465909162762,0.01709152812203664,0.005523978642238881,-0.009462518219381686
hn1033a,0.004899314584605847,0.02209538501169699,0.04200531076763238,0.05487335922942989,0.05915509895950771,0.054939043481758584,0.04418751190873481,0.029817768656000044,0.015249221886569844,0.004229102727308732,-0.004684807322578841,-0.013622214535923823,-0.019374511690774067,-0.019911432811824496,-0.01680148519790044,-0.011646335664535077,-0.005477727149672457,-0.0001942434139264974,0.0017979461528653765,0.0012477622569856495
FX63-137,0.014326582421480868,0.04648204574871278,0.08275410784558006,0.11126628522095829,0.12386154247077488,0.11776727273502946,0.09475655329560494,0.06301198320181928,0.034459831593293334,0.012951788430139914,-0.005884989639051537,-0.016414280152445254,-0.02261850051536924,-0.02301676791935248,-0.014748148216438578,0.003575049925296792,0.020889307483624008,0.029114508981872622,0.024287400859505554,0.010088636756302904
FX78188,0.006958288486967552,0.031847111772091125,0.06466448929406257,0.09507346895221733,0.11486368192855612,0.12014225037547809,0.09880051278246092,0.053370950809399555,0.021226895178972815,0.004850187912686003,-0.007321897189523571,-0.023824474742792926,-0.04348232036698935,-0.05954532595089615,-0.06991124876088978,-0.07125144376968079,-0.0575472835479231,-0.025910014840805812,-0.0061272191381193,-0.0007824759724079499
UA79187,0.003997564674367042,0.0339021745890573,0.07255351252649297,0.10567284563378546,0.1265476247380823,0.13164527318188127,0.11901902518141995,0.06664052719023342,0.028379187580163473,0.00754141479522478,-0.0027797925740195187,-0.01779350341560788,-0.03562604455016126,-0.05019988786038093,-0.05812725579725645,-0.059297487323385224,-0.039502457060476885,-0.01585913340840288,-0.000856460076895474,0.0016500840532800614
ishii,0.0065240192934362005,0.025204212771991637,0.04283219340290501,0.046642435358335024,0.04713127823967184,0.04124467913028269,0.03398360926388228,0.023519230712876992,0.013478853025930845,0.009214040152154624,-0.004415839051293829,-0.01478439260642369,-0.024898166131966448,-0.02657581985700633,-0.016808040379801943,-0.0007824630721699701,0.001548014105331748,0.0007198858750570939,-0.0011469153260946787,-0.005639203686386888
LA5055,0.015375764707981555,0.045045240616375354,0.09051278701305682,0.12193118418579801,0.14421531126456977,0.1242133115084042,0.0670926841581327,0.0326384033132956,0.013634856139247786,0.0024906920308337757,-0.014181471600117544,-0.035953827757925695,-0.02983127351293788,-0.027759455766635195,-0.02059881852625928,-0.01337896901945284,-0.008727155643050122,-0.0038421562294628695,-0.0005306723837826405,-0.00038175108144932623
FX05188,0.011883484319554724,0.035117578347443085,0.0700702913270598,0.10129063565557289,0.12015366872160828,0.11873579004328086,0.09506499280700828,0.056119095046457595,0.026588518374362397,0.009135532547568303,-0.009797931375387757,-0.025144119913196237,-0.04539813264998354,-0.06243362765641164,-0.07136594472020667,-0.06558537202564642,-0.04343006734634303,-0.008910872560340526,0.0056176089557136485,0.005672500058251128
NLF1015,0.0068118442548227584,0.032218466528702125,0.0676599952125945,0.0976191634217601,0.11680305743446576,0.12154074408763547,0.10561189035342597,0.07112078819065923,0.0382918843592912,0.01257064873130802,-0.006235821547601491,-0.017815677899861316,-0.028926228698030052,-0.03414271541253542,-0.033820852527124405,-0.028225748185920576,-0.010368454360031455,0.0071053551004134526,0.012507307831370284,0.007639942812023437
FX61-184,0.012191795967616513,0.03901357999996258,0.07718476923646271,0.10667297676384796,0.12176609424017193,0.11626349151111741,0.08918358084877995,0.05254221688013801,0.026270336916852644,0.009701836440310857,-0.003957161372095171,-0.02077568623298758,-0.040995167458381214,-0.058257982512504164,-0.06602520231547751,-0.058465182558173324,-0.025607754804655797,-0.0004551229521019961,0.008421973573004511,0.006320185092534331
E552,0.009829632958971709,0.03894418534751732,0.07781700643028854,0.10750997307583071,0.1207726997694675,0.10373979860275441,0.07413487757164515,0.04516664530572068,0.022551475897265114,0.007978052037843058,-0.005751225468585721,-0.02333814974920962,-0.045984361411996515,-0.06342136584607623,-0.07082946704075085,-0.051292537333270216,-0.025045428102406078,-0.0060031288322469475,0.0023824983339041663,0.002687458931596249
sd7003,0.006531046014737798,0.026355713870240972,0.04684806792964436,0.05676526310090036,0.05646331390516872,0.048024400506271034,0.03518121981370727,0.021688420886850628,0.010641607932988519,0.002778501011374656,-0.006105035664940134,-0.018479509663877205,-0.02749045713445246,-0.029650483305690575,-0.026692167686784327,-0.020567896599005247,-0.012600909800047822,-0.004611778144267107,-6.911547940355452e-05,0.0009074790951664146
PKMB803,0.003942446612465529,0.02370958561813892,0.04569641585155421,0.06103273749304608,0.0652385170613801,0.05948984871800868,0.0473840358691359,0.03259250230550121,0.017714901045520547,0.006171451345104886,-0.004356687589448937,-0.008842387621981924,-0.00949016569556114,-0.004370138606298559,0.00041325372760502867,0.004522858375358503,0.00763957684011717,0.008924385111407515,0.007295767036628096,0.002687994203190897
N653618,0.017165535402783694,0.036981415107908845,0.07245386864912733,0.10264884700172232,0.12216088801967212,0.12208386746353335,0.09587321254146829,0.06003546255194538,0.027694407829757475,0.007131702518048338,-0.004265175995136058,-0.021648303596650438,-0.03807671245559885,-0.051841592049321365,-0.05929334816054793,-0.05500586497841129,-0.03231559908163715,-0.009351051300985708,0.004174449345708991,0.004701374932826664
HQ359,0.005909212424386572,0.027721433394279342,0.055186533189838766,0.0722020930956656,0.07953321177163257,0.07708301842544306,0.06321310560881369,0.04154251805459529,0.020021705565015688,0.004923607515633577,-0.0028442930515987924,-0.00962108200577705,-0.01179154407754518,-0.012649812156299792,-0.011900592519177007,-0.006265407955360118,0.00341811826324101,0.009701641003383861,0.007123513209012548,0.00219492659480544
N654421a,0.01968819133815656,0.041232338540600134,0.08099366091233384,0.11418691356835747,0.13543396001760513,0.13335564271092595,0.09788630061202723,0.053705302360765,0.019014832270356313,0.0025482682398620163,-0.004464926879376763,-0.02572622144298771,-0.0476654979573406,-0.06587729303686725,-0.07657939694564177,-0.07218271415458676,-0.04967528548269418,-0.025270499059263263,-0.007164944533413676,-1.7030184553042043e-05
AS6093,0.005595756309618119,0.024149361620094068,0.04530521966773708,0.06054624123103433,0.06611730327751428,0.060755924636449736,0.04733622032783213,0.030857734168068727,0.015917902320144128,0.004098858127244795,-0.006167616211842604,-0.014140759317079955,-0.019521521425987988,0.007008219493762108,0.034838435972633884,0.04732333755975312,0.04564386913656789,0.030488984073480118,0.014965223667664056,0.0035780527130256055
AH95-160,0.010936660609190756,0.04100234477263779,0.08065293225922134,0.11437863158573904,0.13519692213137052,0.13351709007934187,0.0980495020744185,0.05606492134198164,0.024437836181076585,0.003778584219314991,-0.010445133594541092,-0.023365053512940565,-0.0294146313858442,-0.029864576318005574,-0.0271972952861909,-0.021776756240102422,-0.013049212771026627,-0.005218113516929234,-0.000318589480159774,-0.0024761049331175618
S807,0.009174799947900915,0.038153435827395304,0.0745485717855011,0.09718721848520344,0.09248245211350271,0.07921380214350501,0.062410876600626455,0.04440396882888972,0.02667486797904645,0.006605434352821116,-0.009148485744757968,-0.029447865617170017,-0.05802737298392246,-0.08066172778576172,-0.08988986116849466,-0.06527841083532801,-0.029551949295199383,-0.0048518229214787175,0.005446234859272555,0.004687431975233104
FX75193,0.010027715201985659,0.034044858534635854,0.07325855053542826,0.10853579526435465,0.1303521024760811,0.13181491918818078,0.11250185397904165,0.06168291824895828,0.027186490167871304,0.010438636215038063,-0.00901956085468547,-0.023629128907522876,-0.04141107816535122,-0.05535246654902943,-0.06269994590042784,-0.06095981846784381,-0.03671831640046821,-0.0021111293905095537,0.006363058894504096,0.003966988859904534
Dragongly,0.008651130788057869,0.04158158495335214,0.09215501831339502,0.1377247761272331,0.16554885791833543,0.1562341303417726,0.10340698922420555,0.05827937100173907,0.0265822634059087,0.006688703659492454,-0.010032749254707946,-0.02159665026228479,-0.029219617370200873,-0.03260454559731221,-0.03252160736036462,-0.02750027267920783,-0.0192397939184023,-0.012072738739795068,-0.0072685754709593785,-0.0025651129887318026
N643218,0.014293032330614954,0.0348447511737543,0.0646334732088371,0.08879754365700156,0.10290490358672327,0.0944147341581948,0.06818716571233345,0.03821390102563797,0.014882675783476875,0.002903933222256615,-0.009125455302467608,-0.029437797341143473,-0.05307651815405368,-0.07184441093409265,-0.08202295029662507,-0.07200860383966266,-0.04705060853938362,-0.021378564808551215,-0.0043242462604171856,0.0010549558743113846
HQ3518,0.013292499316196285,0.04583343694630587,0.08802782233055137,0.1142279251401114,0.1250652627601733,0.11918432533878263,0.09328480363065446,0.05732698711869023,0.02637077572705405,0.0057439181378708985,-0.006247556799434122,-0.02878432816348105,-0.04488591630932738,-0.05481606802088025,-0.05804767078179049,-0.0487158154191571,-0.026380327504488453,-0.00628134270264509,0.001132444798513479,0.001288999352904164
E553,0.009358340426961879,0.03776243649845832,0.07560724416068607,0.10493525550480305,0.11722391977884376,0.10696456921234777,0.08192895622506707,0.05181798560495742,0.02586789545935839,0.008676946875982779,-0.0058462142285619035,-0.02391933997725272,-0.04726357863535839,-0.06519696412313018,-0.06980370039700888,-0.04800517432218938,-0.021892110776495454,-0.003430865821978659,0.003897759743136808,0.0032290149646986804
E551,0.008983748869429055,0.03705758446120392,0.0744385752425697,0.10346226619328991,0.11802028678719202,0.10843548769105113,0.08212508699087256,0.0510100419116445,0.02478267429608321,0.00790593138989174,-0.005785603136064402,-0.02334658966410267,-0.04609004370754865,-0.06369778340956085,-0.0713124744024304,-0.05194451875720529,-0.0258230686589063,-0.0067697910548692045,0.0017287472564045169,0.002420956489564103
MH114,0.010618193571340405,0.04275562558501259,0.08443956335739136,0.11554466444353276,0.12941197051815137,0.12433585429180066,0.10198749181903269,0.06820235406236833,0.03548822299874276,0.010718114047813376,-0.007536127880165245,-0.01547830213889567,-0.01893536479075198,-0.013188757669239711,-0.0024291349758643545,0.009524036611396777,0.018450575424530324,0.020587376554437133,0.015688844326757267,0.006575958749289963
FX60-126,0.012028792424323947,0.036622828106853765,0.06658736224009311,0.08660591663284566,0.09353347665366653,0.08598407622809319,0.0675944011372286,0.04330998758617611,0.020212148243565393,0.0054097089790964975,-0.004510694424005722,-0.018451879478310645,-0.033371714434042306,-0.039057028136420514,-0.03244948849738173,-0.013981890156118683,0.003971192146810526,0.011946681278724029,0.009883992398478907,0.004032097381631035
S3021,0.0059130047034534955,0.027937797098833622,0.054913068399621276,0.07244530464821829,0.07799321312969747,0.07007495201293933,0.05158041834739698,0.03159401339062654,0.015212820802565525,0.003244368360594886,-0.005301644307485642,-0.013979147271920584,-0.020669252729759453,-0.021002226067507103,-0.017648567182663995,-0.01300362210458749,-0.008584260586735663,-0.005025396239501247,-0.0025629355767461766,2.8640232601759302e-05
ag41d,0.0058982266251203464,0.023992736918668912,0.045417603169768596,0.05841645313936587,0.061414752275611544,0.05517527608339702,0.04292480291980699,0.02740720495883775,0.012951836997334248,0.0038934533389797616,-0.0051088325175763305,-0.013973915026162109,-0.020274189671310283,-0.019526030251106455,-0.014832367033552436,-0.0084930520189379,-0.0018251520197814812,0.0020104541521351296,0.0008613799684971366,-0.00019052211236027903
owl,0.005706252154720881,0.017634119289482105,0.033617606520334006,0.051424926586443494,0.06745350324112938,0.07186575095166957,0.06308531564265188,0.04736814344717193,0.027986812235348612,0.008917220622863911,-0.004458732000861796,-0.01135904766264349,-0.006236419587581284,0.018167787466758383,0.04745147943433023,0.06217501560336603,0.05637477663052341,0.039539784025954046,0.02103336737659303,0.0061768645459111225
FX63137,0.014326582421480868,0.04648204574871278,0.08275410784558006,0.11126628522095829,0.12386154247077488,0.11776727273502946,0.09475655329560494,0.06301198320181928,0.034459831593293334,0.012951788430139914,-0.005884989639051537,-0.016414280152445254,-0.02261850051536924,-0.02301676791935248,-0.014748148216438578,0.003575049925296792,0.020889307483624008,0.029114508981872622,0.024287400859505554,0.010088636756302904
HQ159,0.005899119843476316,0.02283560705566942,0.04252218893669848,0.05574188949230175,0.06059716759282717,0.05675891346020072,0.04422994110014339,0.026890633517643193,0.01187735237729157,0.002964379762875417,-0.004119771224358591,-0.014726434288754246,-0.024253266449581517,-0.030087654906219504,-0.03130642464488929,-0.026472752697949076,-0.015564205576492381,-0.004983492546084358,-0.0007853227914634113,1.5095039588559948e-06
mh32,0.005303043351582103,0.025052715499059117,0.048138493610696026,0.06311227154038838,0.06790406057134142,0.06236949803409058,0.04953631194457404,0.031798426954578345,0.014001500524166275,0.0027239981506130403,-0.0036107515426448814,-0.01302213489508074,-0.021034755534598788,-0.022722914156366146,-0.019881030887458483,-0.014421163060542834,-0.008250151415051216,-0.0030963473193492404,-0.0002794794653000339,0.00030086427350577047
E554,0.010121074500348305,0.03954431387615776,0.07875870505983563,0.10859338524713276,0.11869229072107852,0.10104576728944269,0.07367596091738703,0.045964075957495944,0.02372361176796104,0.008696151926246376,-0.005901798123852995,-0.023962434478640618,-0.04714502579139332,-0.06483221357422446,-0.06927433242519959,-0.047252444829834754,-0.02099477986971743,-0.0025645208370622752,0.004631679459802244,0.0035092783250407376
aquilasm,0.00816055584278655,0.03152391778284622,0.06382282168760049,0.08432896543431984,0.08895658183084248,0.07861158734495562,0.05807055503215511,0.035200389833582965,0.016117127458755518,0.004162185476854231,-0.0067867178610405,-0.01010489462658689,-0.008442488941374272,-0.007493345282801186,-0.006191941090300707,-0.0047363423307943756,-0.0032892163275166633,-0.001976722987320595,-0.0009231234792248518,-0.0002118936412728523
E636,0.007723387463481367,0.035486707770929965,0.07023211654897948,0.09227571493629969,0.08857943280148728,0.06789174436650347,0.04337025787572523,0.022548161597928974,0.009579602456832597,0.002089778630630453,-0.006633163406669255,-0.014605953642195132,-0.020826488551566488,-0.025862558576200994,-0.03080287607255458,-0.032777770514067106,-0.03119023832183091,-0.02497048021850269,-0.015013078879541153,-0.004733986564917329
ag40d,0.005842416370687362,0.02387700986544229,0.04578148895709789,0.059543489031832875,0.0633727009787779,0.05781203831845731,0.045563010125995534,0.029109487835090382,0.013621542596631071,0.0040770147121227665,-0.005175474916219986,-0.014571856950145923,-0.021209041551736335,-0.020737823658503553,-0.016396788518763417,-0.010026636977278564,-0.0030833636980938145,0.0011475322135105588,0.0004983733397795918,-0.00027813626455755236
e193,0.006359427699076892,0.027386722033286556,0.0554750690955794,0.07735806889228658,0.08835063259932954,0.08076786131300825,0.059482707606900616,0.03679187155735005,0.01799330802965243,0.004268883456764285,-0.005914766618469984,-0.014953975976419169,-0.02148557878507332,-0.020847977304449296,-0.016186022663390805,-0.010111628566938733,-0.0049364358507363575,-0.001597924019466787,-0.00033860225829157093,0.0005909117993911372
HS602,0.007832903068344652,0.026073322685740363,0.052076775242997836,0.07082370158783932,0.07751374276047839,0.0724488418651351,0.0565701972039342,0.03710588841540324,0.01826102882404866,0.004810808618894619,-0.006454034475080808,-0.016979870592610805,-0.026325251739561652,-0.029841428671831673,-0.025751600066826075,-0.01223495828212515,0.0023115039069981857,0.008436606944435402,0.007354642637710151,0.002548444046233072
N6334221,0.015064581876999777,0.041721499537075615,0.07798164847394633,0.10588876960543157,0.11850214035464951,0.10546680397033048,0.07420747730537089,0.03972976362766565,0.01481018386911913,0.0028108642193184342,-0.00837339382745458,-0.03553901420116016,-0.06586828976730835,-0.08883443308247649,-0.09772048777398402,-0.08306815709645056,-0.05297052602741726,-0.02289825167586089,-0.004213729524881287,0.0011240278364757147
Seagull,0.005362505698922261,0.02688463911155163,0.06328288521813945,0.09192581973136986,0.1026913034170223,0.0971010714859819,0.08134589867629431,0.058366903908343114,0.03161115724195008,0.009182614514275201,-0.005384002031475578,-0.006463716927653534,0.006554871109721233,0.028768161856877642,0.04796378392269343,0.05559773150595912,0.0504645502507509,0.03656538360269263,0.019499040109616478,0.005607302404095467
SA7035,0.005852188863020039,0.027192798695621863,0.052250163372587546,0.06800857003236906,0.0720901670952056,0.06533885532435342,0.05097574238022684,0.032933823238058775,0.01481230694638459,0.0026707511723000985,-0.004739774169887473,-0.013764252647210347,-0.021545777588194766,-0.023332947003561238,-0.02047239706028001,-0.014867760130261327,-0.007805649128571285,-0.0022534789473581565,0.00037975867886770224,0.0011460090188958737
S1223,0.013392681164166812,0.051999561079400854,0.0970883691564711,0.13172201488902366,0.13686509265044283,0.12270558715041659,0.10252625754775752,0.07734400843547297,0.049499670237506344,0.023681163336597574,-0.015178319704451562,-0.01593568289733444,-0.012869297601015772,0.005573620509487538,0.03228259175208546,0.05289594752037677,0.0616936729228908,0.0564635630109404,0.03934467359902858,0.016902666090339715
FX60177,0.013140281205260835,0.04365164042142401,0.0782867003918424,0.10142867145779595,0.11159418320219877,0.10905256095765879,0.09433744878469488,0.06797480459672094,0.036555129568283,0.011769518301836078,-0.0016780098864284609,-0.020372253387989973,-0.04213111462484043,-0.05947542034987121,-0.06794410142896451,-0.06417647617898795,-0.04490051303164777,-0.01082176695412933,0.008191170362502278,0.0091784619848556
lnv109a,0.015178706552593454,0.04575865364062486,0.08831069981827,0.12071407643873124,0.12449944758676255,0.08412601946997626,0.04840649533638527,0.02285737241469239,0.008096193829540356,0.0017362787768865216,-0.017081159125659644,-0.03475648575861243,-0.025383180093330033,-0.01218662328164901,0.0005133922387027856,0.008321013345305679,0.007463269620527002,0.004264437105807182,0.0014892401606146615,-3.682652664942796e-05
N643418,0.01646045014567403,0.03757003392295703,0.07040302177239864,0.0972425343626793,0.11330787287338004,0.10560713124487599,0.07875888841966998,0.04665227908972388,0.020201756676232648,0.004865929218408354,-0.0061723648067620405,-0.02682811823079175,-0.0472865719358065,-0.06338614548416327,-0.07155552147019664,-0.06082645221075161,-0.036373687901341156,-0.013141717304832563,0.001439227956314851,0.00275495446677863
DU86-084,0.004807498200830478,0.02107783636486558,0.038204411319104195,0.04915210251158565,0.0540027165208394,0.05200781340342268,0.04518931698944924,0.02188042027669415,0.006327541962740763,0.0026910751834724913,-0.0040643955833421855,-0.014299053504990023,-0.025203284775300643,-0.030777764226579785,-0.03175555596006944,-0.029622069084165814,-0.02565886660968897,-0.020679703223599646,-0.0050277521236997596,0.0006904489312720582
N643618,0.018445062386615876,0.0403372445348854,0.07617519636092764,0.10570335411138466,0.1237088989803808,0.11678387760679133,0.08934871137650126,0.05505475122587113,0.02552831401239902,0.006846248884242371,-0.01267548318326811,-0.023320424860555956,-0.041840686146089885,-0.05484803489105302,-0.06113588282009263,-0.04961662917784594,-0.025891520225810965,-0.0046434920346608245,0.006204998862879667,0.0049788247308630955
HD48B,0.006894508050884452,0.026096029482128635,0.04953304226290435,0.06406409657937295,0.06808082922894092,0.062055335298406844,0.048398098555772456,0.031117280342487365,0.01539071926548914,0.004073563742985429,-0.005754572191143324,-0.016565448317971007,-0.024852637655001824,-0.025826709509722247,-0.021975161053934985,-0.016086748163293134,-0.010893842034706919,-0.006946538850540544,-0.003801113672197872,-0.00033770545461058994
PSU94097,0.006878912987617379,0.029941920330680414,0.05901027962699132,0.07940907336857721,0.08930554794299772,0.08688596385124045,0.06910678159988144,0.04434100379523646,0.021807711574827502,0.009104936990598946,-0.004053026331169441,-0.01157794860270148,-0.01598271654382601,-0.014164245481011273,-0.009309482559338054,-0.003466146819887201,0.002738667484980137,0.006544803411832132,0.0060420949103079675,0.0027486818745909606
AS6096,0.007545955287067413,0.03300933194017515,0.062340555477618874,0.08318381488322497,0.0911171221092531,0.0851833022654748,0.06871582702557931,0.04599074154222965,0.02370281651718562,0.00603469381411355,-0.009120030615423729,-0.010978251188478035,-0.0031739374416095718,0.02955802149318401,0.05903816046219939,0.07303845961795648,0.06873702179182056,0.0455795355434305,0.02256317272234109,0.005419803194537683
e423,0.01610061677879935,0.05276741876558296,0.10153676516655373,0.14046588122185313,0.16143030119152985,0.15340269591651248,0.12061263768155067,0.08175973477526295,0.04652585724182001,0.014108762701499213,-0.008498424598214066,-0.01658674677786441,-0.011056157079748748,0.013897676087953469,0.038208578468222607,0.048394865543872484,0.04687005389868994,0.035715960742235556,0.01973317620652154,0.006754785965195124
e387,0.006108708353565915,0.026343593496482645,0.05355064258301253,0.07453458353842397,0.08477094682303517,0.07669637858886552,0.055398362080846454,0.03319595523918754,0.015306040702541624,0.0035242686008954416,-0.00552065977419551,-0.012458470758900081,-0.015915227056765773,-0.01316999849984074,-0.007770727287037253,-0.0021324401778442218,0.00192000438768321,0.0036541173496343455,0.0030694136821267956,0.0014001410849503273
N653218,0.01297903923926916,0.0317995213499502,0.060965504623389385,0.08571671285241053,0.10120668294935539,0.09977212689363593,0.07466043568213986,0.04306467638961068,0.016986917168265007,0.0031525466171910183,-0.008660176714657719,-0.026708505481014673,-0.04945681888655499,-0.06874087674727282,-0.0802578994190996,-0.07739304340991093,-0.05346804115806369,-0.026159854025072128,-0.006371554465242846,0.0007891421010269311
SA7036,0.005511372249449924,0.027930000020350006,0.053589278362986596,0.06984926171864493,0.07427181039976177,0.06763539435861501,0.053058026442434264,0.03450761272402167,0.01562911793197933,0.002865073199282874,-0.005490745768322195,-0.013780186572738632,-0.02078902274093479,-0.021682493333198827,-0.01816263444149581,-0.012304860447986708,-0.005642495112765036,-0.0007541045283433499,0.001196361308090715,0.0013383476300425055
naca0006,0.004802245885063655,0.014196443111725904,0.023979830692482558,0.029551886802582906,0.030304449249492712,0.026761051555115604,0.020553284130793947,0.013344517421672414,0.006613513212037146,0.001787364035173238,-0.0048022655015937206,-0.01419645117163413,-0.023979770762774688,-0.029551911345292774,-0.030304458950887094,-0.026761045395716658,-0.020553328749645675,-0.01334443136627661,-0.006613643840723991,-0.0017868215104470588
DOA5,0.01292968617903258,0.040044883998711894,0.06897470784367503,0.0894523917700481,0.09858868654719027,0.09896927306188831,0.0854132990071951,0.060198010984403916,0.032657547615998296,0.010632279997658124,-0.007102666112138718,-0.026230678555607897,-0.0401199770063695,-0.0529570653360338,-0.06482887872601636,-0.060496369088382684,-0.03941463398828143,-0.006569871143206462,0.004765677401359116,0.0012349489914021904
MH30,0.004861533469974038,0.02200626412480505,0.04136484880787706,0.05328826610051453,0.05684844148665496,0.05228627015013956,0.04181208691854907,0.026891638678236584,0.011777714482739347,0.0022134577959138655,-0.0033301564490278326,-0.013284174357891448,-0.021968993929924293,-0.024362671943445123,-0.02219200193737444,-0.01710694239161116,-0.010881515274832358,-0.005251227567177847,-0.0016316930009227717,-0.0002505226389431092
GrummanK3,0.015882668295619316,0.0359898190480762,0.060601211758771326,0.07687536715317972,0.08783891887931887,0.09033643766205472,0.08351819386796444,0.06230234580215519,0.035601078440765994,0.011677139372561316,-0.020134983577140417,-0.05123803563864,-0.07690635101919643,-0.08845222536167147,-0.08881515197991081,-0.07021557439271943,-0.03536908702293147,-0.009683417571318064,0.0018689844170065425,0.0014713726367050215
E1098,0.007117007110991525,0.03726645267209744,0.07678794258924469,0.10907296014877228,0.1279391956155373,0.12899474573973752,0.09613326967911376,0.05705584383101135,0.02746994033370535,0.007609630138122089,-0.00672499523311857,-0.02128238280913599,-0.0415959992645508,-0.057177485922277095,-0.06529865816464846,-0.0537527836122558,-0.02515622884104734,-0.004763936952688513,0.003989590105300871,0.0033953692664898186
goe417a,0.0074810972320558805,0.022957562434547246,0.04976864176269453,0.06463296367573056,0.07509573169804233,0.07103758749893957,0.0597561902052332,0.044675993374508845,0.023618195021711818,0.00655044274792396,-0.009834569830258719,-0.012431304810438946,0.02087525738612693,0.03556047390516744,0.046105021247304055,0.041992653978661185,0.03098358608143494,0.01505501521673632,-0.003916141722803412,-0.0028910870279394893
ds19,0.006813256102523933,0.02433481667245525,0.04604826435931238,0.0596355733979359,0.0625941940982529,0.056255436811160596,0.043749554953598016,0.027654299899162498,0.013878064884541878,0.003578197972074493,-0.006882328579253704,-0.015841767518546282,-0.02303946101159508,-0.02518193164019188,-0.02251705858463206,-0.016322500324189804,-0.008814989944715846,-0.0014125379069199076,0.0014581035857166458,0.001024773212838801
HS3412B,0.009291358561705126,0.037962972607061614,0.07293221558752143,0.09339993436174647,0.09422152499021773,0.07693912693057828,0.052178075289134956,0.03031762395727828,0.013638136801977242,0.0031556004224705296,-0.004251873586918869,-0.01640593880641678,-0.022802323299898467,-0.024588525933284634,-0.027057016068755855,-0.030866265696089617,-0.031011913401222283,-0.024118699265719006,-0.013511095307932978,-0.00398803752726301
S833,0.0070457765987002674,0.030402595406065748,0.060277638211437404,0.08355590316474934,0.09703095935878585,0.09884411947414823,0.0872742838464488,0.06379536040924697,0.03691026481386624,0.007700236839566185,-0.009811632425820433,-0.038908097927557964,-0.07055016694031158,-0.0872729439333135,-0.08653560285641708,-0.0708534262221634,-0.04280213016776388,-0.01060808800224196,0.0051713532761742086,0.004154168312229882
N654221,0.015592469941416429,0.036137753253047106,0.07032490331328572,0.09858146019538082,0.11655463345393806,0.11404688903262869,0.08427950383961648,0.0478768239118586,0.018410107095601726,0.0032494325430997098,-0.009314426225222574,-0.03075360798632728,-0.058356082372798046,-0.08151678101136742,-0.09553294794322509,-0.09178249705635026,-0.06291927989448727,-0.030881927124920182,-0.0077063715019018075,0.0006824233252243179
RONCZ1082,0.009126403665427876,0.03772094715028934,0.07575173188446592,0.10704263572987947,0.12542832771131815,0.12034124460699736,0.08664718966409185,0.052498618677495286,0.025360354253361257,0.008195661313641201,-0.009108040908643018,-0.02337918886705579,-0.04013173291755361,-0.050895891611532296,-0.056627308795653336,-0.05557174882534969,-0.047262195395093985,-0.023171456737420614,-0.005284143982984305,0.0011892659256581997
N63618New,0.018427964718315894,0.04176249688468649,0.07910413373553032,0.10858650478414729,0.12382562524826986,0.11487487379847254,0.0871992631001561,0.052883349651932234,0.02432468764721462,0.006672819128567609,-0.003627722535041504,-0.024969299993403967,-0.04434096741593883,-0.05786712512869164,-0.06136563553575131,-0.04775285548773756,-0.02372664096400121,-0.002534028707680769,0.0072910259322345305,0.00522722190259253
E604,0.009926879159083255,0.03999532742534944,0.07916166306109064,0.11066331332648124,0.12832806852937176,0.1260047798034726,0.09909263024199033,0.062130095709300504,0.030680813535728435,0.00854952410134541,-0.005903829367681022,-0.021706922573651023,-0.04024440586681164,-0.05419057797217663,-0.061654684135347554,-0.05987604302836763,-0.03630785009658915,-0.008424951646697813,0.004653582311942571,0.004414490791734718
S1210,0.009738930754059976,0.04536081988455818,0.08337310185035447,0.11159823679973965,0.12410282331626966,0.11183851895622757,0.09039923846276429,0.06504365876396682,0.03927984247098403,0.017429289303739243,-0.008736206827400117,-0.014559716341520278,-0.020096550288929697,-0.01265798948072602,0.012497613285029779,0.03462844138306515,0.04693460753300954,0.04602526024739311,0.03333428752619686,0.014628630368116588
HS208,0.005543024568658536,0.023158128829675044,0.04545943433300116,0.06037329063814476,0.05920418361406104,0.0465228891553486,0.030908580396238713,0.016826173094268843,0.005604786704891078,0.00039596077651819436,-0.004735026514484665,-0.009759350712228766,-0.014911601553033893,-0.019243865769570826,-0.020949310895086143,-0.02048181847648842,-0.018603524505486156,-0.014172860124943384,-0.008361200190335984,-0.0028890622726240123
sd7037,0.006992622223263046,0.029017723277854273,0.055466574944230566,0.07177800262467146,0.07650725140464995,0.06998086658481498,0.05541796454936844,0.036754370244831164,0.016897781580118457,0.0032011574241201345,-0.006192149402742472,-0.014541945143579578,-0.020620563029850884,-0.020138225017205233,-0.015839948075572416,-0.009801196836573735,-0.00364981863288243,0.0010372096753404412,0.002544212208780847,0.0014969118838011378
cr001sm,0.006016517672646918,0.025748104754779715,0.05114611801313906,0.06833102757255041,0.0761203578157248,0.07217027230311475,0.059328850073862564,0.04101123485447623,0.02173323890902119,0.006849741654580856,-0.0063856407087230956,-0.010045534065151594,-0.01018881664225018,-0.005165149162354246,0.0030212213043275525,0.010228282311747609,0.013605668835052412,0.012227308818564774,0.0069731274484606835,0.001527671849837052
lrn1007,0.00436085568043622,0.02790545922775982,0.057580023277685057,0.08114346326367067,0.09468892331122311,0.09567323129935558,0.08408718408285502,0.04632220931417701,0.019239334968343156,0.004676143126770239,-0.0005420275227931329,0.0067507498828487675,0.01693524302868601,0.020114954602558778,0.021374556402944382,0.023291999624963228,0.024268273762543705,0.016671668340889866,0.007814734218929654,0.0019563551606576793
e214,0.006233864938376233,0.030232652852957065,0.06016617102361845,0.08361051959372111,0.09484151429405456,0.09075596093143644,0.07431287476653375,0.052368503509599554,0.028577638363705537,0.009200527943415287,-0.0059555306998756285,-0.015565423182364924,-0.022314689594085054,-0.02261251483355557,-0.018708812703944363,-0.009161762687043395,0.003581208045616758,0.010149792462230573,0.009695465970280748,0.004577408571677752
DP-1.89-7.83,0.006336077217824616,0.026201945280812707,0.04736621712155721,0.057757956787934446,0.05739712894002081,0.048768316159305984,0.03517275019815651,0.021944576300524758,0.010474466682613233,0.0027477119450624718,-0.004189569639695365,-0.01372458897870671,-0.021082081478101013,-0.022038157788975093,-0.018358990044272706,-0.012748816798133217,-0.005692017920036099,0.0004978713937352816,0.0029061937560599252,0.0018742464977548946
DAE51,0.007246341765042108,0.02775478531605011,0.05601504999129396,0.07735883978549982,0.08719592418737676,0.0828028967301502,0.06622889850649201,0.04173351713376432,0.01910889087007387,0.0058523276966086675,-0.007624355057792732,-0.014092003707619573,-0.016745834354448912,-0.014129514496369339,-0.007994885593474122,-0.0012355941503224073,0.0038818051011895896,0.005530246751078101,0.0037128875866721265,1.0584798477943523e-05
MS10317,0.014838266943140822,0.047567199544979503,0.07696282595243156,0.09293764218643726,0.10092569668967756,0.09741058101483886,0.07737719032979148,0.04850220895911942,0.023306111693923784,0.007606501637518987,-0.01082509636104274,-0.031318431088661856,-0.05153878347084004,-0.06500686805347436,-0.0713087513863538,-0.06834053626182998,-0.04706147763740724,-0.018841966785383097,-0.002224139431341197,-0.00401845577762357
AG45,0.00586374347691862,0.023576457266224465,0.04187778086947303,0.05062241167974964,0.04966874433676751,0.04111347053337912,0.027362763647833896,0.017180878807498075,0.008817545605409049,0.0028084939387215823,-0.004727242357240448,-0.011833754215185791,-0.016465479185054293,-0.015512231942613058,-0.012201384819972374,-0.008595821852579667,-0.005168187462496498,-0.002212575715926254,-0.00037796796327551143,-0.00036032974180319526
S1010,0.0050236950905247525,0.01838612926756338,0.028359925488135023,0.03040906973419843,0.0295480102109121,0.02650150931602603,0.02210032410397261,0.013954779634523752,0.00604940117868371,0.0011985272195639037,-0.0050236995559249506,-0.018386134997496122,-0.028359920983221064,-0.03040908901649436,-0.029548023735647973,-0.02650151033942698,-0.02210033410455182,-0.013954789922332312,-0.006049392211336658,-0.0011985453787806619
AS6099,0.009017520082055518,0.03621861274366214,0.06809606715482973,0.0923922922606005,0.10322302963635818,0.09937248145793652,0.08309150204198075,0.058528326040047395,0.03266503872784606,0.008768690435742963,-0.009740905374350302,-0.009842999769457001,0.002031412126592519,0.038286300774020184,0.07146896678020605,0.08802093892601703,0.08253064773321031,0.058295131812477266,0.03126481089515422,0.007783007092781784
SA7038,0.0054207223808460684,0.029194555581861844,0.05610924485089804,0.0733512422476974,0.07850514622954213,0.0720914298620453,0.05716595919236365,0.03755388580195977,0.01722156447195526,0.003234068909007162,-0.006397819449233359,-0.013691197939990286,-0.01926870363144828,-0.018490300503856395,-0.013721153325109113,-0.007312914853286561,-0.0014128816087307775,0.0022198236020378884,0.002799672687823412,0.0017445750217910088
ag43d,0.006087340694359203,0.024406309995169503,0.04304198728253334,0.05204916641029028,0.052325115407407786,0.045037934499064854,0.0331100224068224,0.02113553542253739,0.010380611324147816,0.0032102858902996172,-0.004782816568141285,-0.011971478845402344,-0.016655851643800637,-0.014935704438206262,-0.0092672858238656,-0.0027471871779682177,0.003052490468176472,0.005324630483382763,0.0024901098488058684,0.00029748993022001404
RONCZ1080,0.010074758969823107,0.039180052462943336,0.0763114671944343,0.10629952264865507,0.12377630871476901,0.12209600002276028,0.08681041832215697,0.05030071199839905,0.02316148277781761,0.006955519387867001,-0.008709348160792192,-0.02269770407261012,-0.03956582701069382,-0.05086260395896019,-0.05714086970633341,-0.056837076274047764,-0.048608690424433935,-0.024192115179942564,-0.006497759785061912,0.0006095808816480881
CJ3209,0.0023914554289267294,0.020235304189306053,0.04851785354035046,0.06671051220017968,0.06658481865559669,0.0531225282697583,0.03285614565015732,0.009842188536026164,0.006178475560816768,0.0021429154762681165,-0.005909869676320767,-0.014447525019823158,-0.0260843668363347,-0.02884820861995009,-0.02579070559192929,-0.022827278393440304,-0.019730751241692445,-0.01821773437045896,-0.01244346739483993,-0.0031899876957773294
SD6060,0.005199884829056631,0.024990340231460056,0.048972111117900397,0.06535814900904133,0.07175861584016058,0.06628855219496294,0.04953256322380282,0.029165241134125566,0.01163556203994235,0.0017606748627954556,-0.005017910288772288,-0.016034334175683212,-0.026936363371665117,-0.03262396211092322,-0.03402351827066262,-0.031130266073969754,-0.02390754391034274,-0.013795310806847786,-0.005046927864342501,-0.0002506846031222956
HQ3512,0.009202207901280133,0.03404065817167771,0.06519084096165124,0.08686506622279375,0.0951753769967178,0.09083864182397242,0.07324077108724089,0.0463971263376593,0.021610589690467818,0.004955746647596687,-0.006429013276892214,-0.015298510638202777,-0.023621200143068333,-0.027705088972971467,-0.027130332031031,-0.020099053141797375,-0.006287006596266911,0.004076725580006684,0.00546571865909546,0.002514109606540524
sd7034,0.008807706806804367,0.03383871862692164,0.06550989171895891,0.08608359089355985,0.09198806854723637,0.08292758379010257,0.06212755351920412,0.036358458488298544,0.014777026271206285,0.0026147686537599246,-0.007269634926071958,-0.01735186669398912,-0.021566466818013462,-0.019108024011071006,-0.013334860849902796,-0.006155568363551133,-0.00015923421966771134,0.0029055442418863646,0.0029611047750365102,0.0014241766859761716
E203,0.006186964660628789,0.02926435543835675,0.05902551464077444,0.08245301607552667,0.09440737904449373,0.08714852630619958,0.0656002767674488,0.04192202235313137,0.02160014248729665,0.005357838677262754,-0.006141622552056354,-0.021644136877997378,-0.037800901595884,-0.046360498493045986,-0.04590731747056919,-0.031987137414607056,-0.017030966482396506,-0.005938914641187422,-0.00025073710444259667,0.0012380972886760213
Merganser,0.0027451353500470093,0.017900909319992404,0.04565335915782805,0.06862811541354029,0.08200678689158192,0.08787107191896554,0.08543561388010606,0.06893506265454283,0.03996393220981379,0.012459795432416742,-0.0027896529269477955,0.0009514261839283267,0.017518620213293767,0.03897660805434079,0.056035490365829596,0.06630263544485009,0.07001703717203699,0.06255658191586139,0.040596804420375936,0.012389992997983459
S8025,0.007610070740789848,0.023507249784549652,0.04018838422547105,0.046020625721395904,0.041494918484704664,0.03204781668437428,0.02107643741530718,0.011299081129887001,0.005015199590785315,0.001436185051111352,-0.005748001732461491,-0.017861842760229292,-0.030966031067741834,-0.03628706153321706,-0.034062548862379936,-0.027699600558740368,-0.018903039816137578,-0.0101088415923191,-0.004375745634096285,-0.0012253958165662885
TL56,0.006613498188801865,0.025580908516683452,0.0468135504557222,0.058317201252780775,0.058654992010048146,0.04936076964203119,0.03431322977055329,0.018792067144007156,0.0067539930799277205,0.0003685883580998173,-0.005687366405087132,-0.020066842606812775,-0.030328919212689088,-0.032443414323657,-0.02986188104543021,-0.024702073051527603,-0.018741469149155043,-0.012940699805614447,-0.007779690432117815,-0.003744489395239546
Sipkill,0.008561686989006395,0.027085473056096755,0.049940394477922666,0.06472057322930619,0.0677031862587499,0.05955496461349095,0.04311977116198724,0.02447398745363661,0.010563365284305579,0.002657306791188547,-0.005441738551760763,-0.01621503785815221,-0.026274955743663456,-0.03137316558235606,-0.03315680700553801,-0.0319548606036876,-0.027431838419622333,-0.01939002736956287,-0.009771148220514506,-0.0025450178101207176
DAI1238,0.010023944740692702,0.038091297297318284,0.07495620445969275,0.10180284068895615,0.11401261147214249,0.10912218445529004,0.08788273643199869,0.05137051224155336,0.020564270343180726,0.0046737616596710775,-0.010632908276142015,-0.019067439672626318,-0.022532115368868805,-0.018800593238886498,-0.01056608796080231,-0.0006923658949058323,0.007404214622413467,0.011183934591242178,0.008286433143253575,0.0024341519401956313
RONCZ1046,0.010751689172211244,0.04508471615107402,0.09250916371207489,0.1337200516842716,0.15948101586638397,0.15093996064056972,0.10642575790575534,0.0629106267319244,0.029783582973472462,0.005803107820786116,-0.009235013862420805,-0.01881056718248182,-0.026777828321013872,-0.02839454832697077,-0.025795474981223664,-0.019565182054341698,-0.011411388961981706,-0.005492105029950563,-0.002216631979973315,0.0008532292817156065
hs179,0.00618993562878472,0.024313046602113305,0.04513329587191531,0.05875015050781284,0.06276884961539776,0.058199924173102505,0.046409039813791735,0.030296707565801325,0.015166424725012164,0.004266856561970785,-0.004441463273618999,-0.015637333488589245,-0.024937540158720597,-0.02900225794114434,-0.02849915948213355,-0.024621817752187504,-0.015748202976309137,-0.005482205673793263,-0.00012114129082510808,-0.0006800381139780813
S809,0.0077217764498398464,0.030272040189503694,0.06115585490927043,0.08712210251127452,0.10292419767799542,0.10041052081144967,0.06623369415514825,0.04014588970238257,0.020253683748685837,0.0038422989708399784,-0.005180109863683018,-0.022221236621507757,-0.05440352858176704,-0.08870675613348233,-0.11302994469718043,-0.09722817700674943,-0.05212537818043588,-0.019414803435563167,-0.0024194241876638717,0.001845392307719447
ag42d,0.005977958842319077,0.024155466456424912,0.04487879954448942,0.05670852656727339,0.058488935464390546,0.051228585798977946,0.03893876917091702,0.02486549706132377,0.011921075898233872,0.0036196834912940227,-0.004954573984511772,-0.013113049740676307,-0.018856678744794835,-0.01771648254733375,-0.012479864007250036,-0.0062048358822986635,5.895512876586004e-05,0.003307946926426025,0.001403813694252219,-6.171169070912932e-05
RZ,0.007300614382050492,0.02773569442659366,0.054020429258189895,0.07544237006252658,0.08825117660451802,0.08907562363522453,0.061485103443187424,0.02350095195545061,0.005834489815819561,0.002214266656414311,-0.007010606973373836,-0.015211087027875051,-0.02309297462225758,-0.02842919845748536,-0.031646659867489754,-0.03285982406805193,-0.03159802920591261,-0.027412872610824965,-0.017931963114178297,-0.006555922123769533
S7075,0.007195673530472193,0.028186189916384094,0.051802685025261454,0.06843614189065864,0.07501038819114868,0.07117865803997278,0.05900892170227628,0.041031146685084306,0.018909582952445856,0.004406011758598646,-0.007099263928523226,-0.014683129100314586,-0.020823106503856673,-0.020267331037349474,-0.015923695586753626,-0.009737752916524355,-0.0042067331932443015,0.0019887566903994997,0.0047438888021272005,0.0014721602655427513
HQW2511,0.008398839020300017,0.028853700545415868,0.05537678151648863,0.07353640638031965,0.0807932655708866,0.07685159876730879,0.06211654200619546,0.040843131837863,0.020513273481639158,0.005688330575323295,-0.006555744220884252,-0.016673724450593414,-0.02683384838992568,-0.03171752878854404,-0.03152010826962742,-0.026304293233976768,-0.01474417248201474,-0.003370402723910112,0.0017646922286473112,0.0019821644287515497
naca0018,0.014144469700865301,0.042687884471818385,0.07193998046770124,0.08865841352282308,0.09093297216201124,0.08038464790837031,0.06197191287715073,0.040785343056994834,0.020960992302959478,0.007706674176855284,-0.014144531369286277,-0.04268772334963746,-0.07193998600467219,-0.0886584227890254,-0.09093299008787731,-0.08038463359754976,-0.06197084533394267,-0.040786042843708986,-0.020960710681098053,-0.007706757096076107
DAE41,0.010799682224903566,0.03384959080680935,0.06260414464737521,0.08252938963270198,0.08975278276958407,0.08217512041974895,0.062207914605924765,0.035638093217893116,0.01421633447025149,0.002870670899235338,-0.008863806424926629,-0.019899630217685562,-0.029025506616886434,-0.0316701381762875,-0.028770880182095424,-0.021733288320079022,-0.013273569908762443,-0.005842290251773948,-0.0011762391839496066,0.00046012807113594975
N654421,0.018102293029136973,0.03895451292079639,0.07624419341962228,0.10712262401965723,0.12702725895696954,0.12521259955609415,0.09492099308046492,0.05640814870058593,0.023785698133165955,0.005242781748360919,-0.007469491599815662,-0.027717892800834528,-0.052483691112543786,-0.0729454955837294,-0.08505229514669958,-0.08058268858397737,-0.052289361734765796,-0.02241964479603559,-0.0023943107515952385,0.0026253132949811803
TL55,0.007218710219804454,0.02791968548354435,0.051712635578710794,0.06537236538406328,0.06623564078725437,0.05611914413462103,0.039639805845908566,0.02216748090260417,0.008381884773880103,0.000819950418072825,-0.005741700361836606,-0.019425481589673353,-0.02880431396462654,-0.03020143695493439,-0.02716197487478926,-0.021894043463538973,-0.01619706254431405,-0.010970203167204658,-0.006572246989961968,-0.0032450833591155864
S823,0.007547224218196833,0.0342756499140823,0.06878236865446274,0.095724945227796,0.10882336100760147,0.1014373616995049,0.07974119777455167,0.052379500507157235,0.02790486937612032,0.008876328556581171,-0.006565248407233176,-0.05111797015465321,-0.11624281362472011,-0.1182993206940797,-0.09931697232492709,-0.06392637042239924,-0.028691118748833143,-0.0037804377517951138,0.006496794627355045,0.00474296448955106
S822,0.007098821819779501,0.03031331292018536,0.05890572502239286,0.08185865288915779,0.09545336529889539,0.09721397198098744,0.0819047790731592,0.05200094300996932,0.023620095218899403,0.005566222011459854,-0.006197436807693142,-0.027038211799746144,-0.05004974521300962,-0.06381169816794659,-0.06668035522035884,-0.05963847627599929,-0.043344346170472996,-0.022014461422138528,-0.0048793328460968125,0.0012598508562189558
HQ208,0.005361633972291906,0.02205102866004621,0.04214471284142146,0.05475500739097754,0.05998671269117826,0.057224247854260654,0.04570103697465178,0.028756530458223732,0.013359810170215617,0.003287106983361061,-0.0030857860509803624,-0.01133554387749517,-0.017595735411278023,-0.020657373068133478,-0.021361836315164712,-0.01687466336578274,-0.007565799285314866,0.0004900647254803701,0.001997067245112786,0.0008731595661341923
LA203a,0.013585718462676881,0.04349289832509644,0.08227727037565313,0.11625833768426397,0.13436798870121205,0.12866654382398895,0.0987376613202891,0.059742271223197085,0.029681518791812935,0.010292223266410916,-0.017153866429088477,-0.03304676113905724,-0.03288427089428018,-0.030684491744794925,-0.026464384988946165,-0.0177938688226854,-0.0006865525637856229,0.012019837380770709,0.014169421199316431,0.008410185057231508
N644221,0.015826261944952392,0.04041400815862045,0.07456133719802267,0.10248292979839338,0.11844952276234293,0.10759497368251504,0.0767987889667528,0.04232480336433544,0.016127177631622393,0.0029898551821042393,-0.009364367954741389,-0.034506936059981445,-0.06260533522709687,-0.08536973512220333,-0.09758333786606455,-0.08520584617480349,-0.05555342896255591,-0.02540482223019909,-0.0055446348916331455,0.0009735174408258578
DS21,0.006983395519607657,0.024217187460171857,0.045319468905197544,0.058252804298161355,0.06128235886516614,0.05486078470119211,0.04207070184559562,0.02624994977163153,0.013005607286535593,0.003279137587189826,-0.0070075938004631405,-0.01662997352703511,-0.024819179850094263,-0.02742462530550083,-0.02502776731645806,-0.01924193046375232,-0.011723145481252022,-0.00338058692650859,0.00038563280893187023,0.000701211031445224
TL54,0.009436420574428565,0.029739582621303964,0.056439807508398186,0.07301026090210636,0.07421516064797262,0.06354330886597445,0.04595839528779016,0.025652996453117957,0.009798274271256036,0.0018456053543612807,-0.006310294846824379,-0.018439022540488927,-0.02772299549792404,-0.0282289041079164,-0.024731769216019432,-0.019726206899104905,-0.013912947316950837,-0.009239002465340542,-0.0059441313138911605,-0.002267277440637354
SD7032,0.007193537104598145,0.032302508628605224,0.06211390547494474,0.08132827359636342,0.08668671774313083,0.07931381331813608,0.06255133648138234,0.040581134081398344,0.01841077011360653,0.0036855500453225032,-0.006098790698985417,-0.013876801366486221,-0.01929896594366206,-0.01809616438082808,-0.013254337073719525,-0.006419982180432085,0.0005082209010807372,0.005164491813764062,0.005481419280281112,0.0022915398224564445
FX03182,0.009029408432423038,0.03474651685197228,0.0684544072255333,0.09799359274467064,0.1172485251573487,0.11978455197770728,0.09250771532181344,0.057028067075449954,0.027014409847145305,0.007898154147425764,-0.0026740060981759513,-0.020624078996656255,-0.0394116339194195,-0.05584931833204747,-0.06507208720529614,-0.06267969294434132,-0.03559150567714523,-0.009175484520643495,0.0037821343544811536,0.005018045821230516
MH62,0.007705027985000566,0.02472582270388331,0.04792624163825784,0.06162760334446735,0.06221441461542726,0.05370505634201623,0.037275664709459234,0.01729145202242514,0.004320405731903992,0.0002451243207557672,-0.005108656980553733,-0.016096204666646158,-0.028208294877630116,-0.03273646994242749,-0.029687355285899046,-0.023459490856466057,-0.01613341924769095,-0.00959686097217049,-0.005199183255301046,-0.001783491011864068
DAE31,0.00848340984147892,0.03994760044785461,0.07832765809828478,0.1072825376719338,0.12147079728762088,0.11761356599929516,0.09600867179666499,0.05732391464971769,0.0235612714716662,0.005311522207426084,-0.012817514840510481,-0.017001391184608465,-0.013067105559611854,-0.0021900831272034923,0.010065676410437825,0.019713256733500193,0.02205287470859333,0.017502217977957167,0.009468874549749701,0.00262956178176062
AH79-100b,0.007854115176300054,0.0312827569849998,0.06615289050234115,0.09578721025231195,0.11100719175196437,0.1091057675161223,0.08986664850535352,0.060334313278458944,0.03279145536353447,0.011781967443207537,-0.006147559291235684,-0.012098785424087202,-0.008559401489802016,-0.0013837640189897319,0.008736587199703896,0.021915299543000213,0.0313462914997342,0.031064824475179883,0.021913195970819224,0.00845879101299247
S4083,0.004790733119010968,0.027661230813170106,0.055013221953659576,0.07255518588907087,0.07349875501445105,0.06268875697319393,0.04817223940020505,0.03302153871510524,0.01870476413801827,0.007833755008546996,-0.005806469044647096,-0.011289656989148392,-0.01333362339454046,-0.009511693655020692,-0.002960256601766934,0.003465520745173715,0.008517985778092076,0.007822912731245057,0.004037064326668692,0.0009012971147684504
N633018,0.008632879961173697,0.0340129989753578,0.06162506487228237,0.0834303459215857,0.0926608506823317,0.08143731241531674,0.055434928181338675,0.027720742735742557,0.008418963919430117,0.0008716836723447837,-0.008632639141652744,-0.034013060275964395,-0.061624969776362774,-0.08343043899970796,-0.09266083828202894,-0.0814373202466082,-0.05543493902187189,-0.027720746149623835,-0.008418978391019797,-0.0008716847976467279
FX05191,0.01061077025238713,0.03527998674734481,0.06958310646254252,0.10086117718711397,0.12147852847697667,0.1202464812458907,0.10108692763858543,0.0643817743422084,0.02822466053888203,0.008953480991260915,-0.00915003203561861,-0.02508928570420152,-0.04486464284526528,-0.06201325364549252,-0.0726521017786909,-0.06712654749251248,-0.049319468195574256,-0.016908089254432986,0.0038035693378386773,0.00586751993682097
MileyM06,0.007106499311819641,0.035640355537932,0.07768123805496728,0.10708914262051518,0.12035248698627206,0.10094138315496272,0.05238378754245529,0.02490279851003938,0.00861357084862782,0.0021320761706778426,-0.004789567164165735,-0.009316399379990743,-0.013089594888602224,-0.013683527154956288,-0.012553615157421144,-0.010461662464848821,-0.008109223227474288,-0.005916358895174809,-0.003959829454789037,-0.0023013911254979934
LA2573A,0.013696455728473595,0.03981638640321441,0.07454972122748602,0.10053375638935302,0.09977576073139031,0.06617144812588661,0.03684139526132784,0.015725953590329373,0.004359886761573119,0.00043948849117920633,-0.015389020317362324,-0.03140346458730866,-0.03466682934023626,-0.03642811598140627,-0.0367966307107803,-0.03568945717696822,-0.03200417803869896,-0.0247787915350262,-0.010430090905127934,-0.0020303920885233113
SC20518,0.017487159034050827,0.04661038486655147,0.0699006355236888,0.08469521353881176,0.09128536375215501,0.08843073644219286,0.07166976313017247,0.0470776791211962,0.023310039987763206,0.005160244361827621,-0.01758748394637127,-0.046518655558071643,-0.06986158893327953,-0.08509094319836723,-0.0914783582628792,-0.08374262050462052,-0.05101389981939202,-0.016541784872298147,0.003975670390328406,-0.004030883914836245
RG8,0.005996748190326166,0.02669259404207489,0.05193116145240256,0.06887849091750958,0.07492912503036336,0.07026647845023468,0.0574312043073028,0.03998333179458688,0.022286127615559873,0.0073533050692464325,-0.005652927670169992,-0.018833070554982796,-0.030840060288013484,-0.03570646193048549,-0.03508236537423511,-0.02732403340846532,-0.012082293415140504,-0.0008290331212043602,0.003646590649739404,0.0026638731813950906
AG24,0.005078108700896134,0.02420182194728405,0.04648930421937925,0.06025770962295819,0.06338928744991955,0.0569828920656558,0.04410184019694909,0.028155240478977817,0.01351139615236825,0.00350955616026415,-0.005067009136769815,-0.014588024233050284,-0.02315315589694685,-0.024545521902357047,-0.019958900468535545,-0.012082711078694753,-0.004541572702764414,0.000726665578558326,0.0025174160061979703,0.00039923707098972634
AH79-100c,0.007434904307272428,0.03221467692199137,0.06849641795979322,0.09721865172574926,0.11338018643165455,0.11462507813870575,0.09870731897841153,0.07038757238338308,0.04110406607218271,0.012323432061969987,-0.006725599832165271,-0.013894969962094595,-0.010966706099784356,-0.00020325374907941238,0.012939740534186953,0.02218993383710164,0.026124606475491852,0.024411136877212858,0.016913074325396626,0.00682341737976877
naca634_418,0.017253282081272196,0.03933817299209773,0.07325262987731919,0.09994107926606903,0.11363379673294051,0.10538784366954751,0.0792504952508486,0.04699716294478494,0.020318325605193685,0.005636438769151092,-0.006659371595295831,-0.028241156476308413,-0.05000837538939837,-0.06598290934483961,-0.07174607788712116,-0.060285925451350156,-0.036716083831843216,-0.012742379318734438,0.0010145560648699456,0.003936483287407531
ag26,0.005236175670587943,0.02380158150655172,0.04400174216410915,0.05568730463679491,0.0581287690385336,0.052140260573716374,0.039832771272302496,0.02533946272227525,0.012281452664512686,0.0034362337958480467,-0.004636470371191526,-0.012034956000374351,-0.016202387743336086,-0.014157922928851567,-0.007863431414633044,-0.0006008448241509011,0.0039488765215723,0.004913268077177034,0.0032753394909317618,0.0002844704654355159
AH79-100a,0.007228640004471044,0.027100976210806624,0.0537012625075372,0.07355356232839874,0.08224298958555765,0.07747632051318162,0.06297346199799508,0.041176916138218736,0.019919632351867337,0.00541824744002763,-0.006375988369153118,-0.016951872141138063,-0.02467492340723912,-0.02568995175139714,-0.018269048284562984,-0.0035453930662198993,0.008531417178313492,0.012039281310694823,0.008478757050672817,0.0021464109107835736
FX63-110,0.01252665189571542,0.03568200915911211,0.06480205505061344,0.08650918239304892,0.09581622206637821,0.09048612962615045,0.07206417147242518,0.04692664137507157,0.025009461171047895,0.008577339314217136,-0.0022956911961521716,-0.01699197156434475,-0.020299126763100597,-0.022247837953595202,-0.014840111315854339,-0.0021177513827841114,0.01293211162219505,0.02013046558511321,0.016508139072974822,0.00701173189883838
HD48,0.006203621934639505,0.024116015311393166,0.046457015337558215,0.06074406098490527,0.06510331268790252,0.0597433560450673,0.046765465660642686,0.03007240871873827,0.014836958790686037,0.003995256765604407,-0.005251874996512021,-0.01377129937745112,-0.01967296832509061,-0.019162932352161127,-0.014950005584886957,-0.009718578419154543,-0.005947422025233659,-0.0037549762509984804,-0.0022244087371456147,7.307918089883116e-05
S7012,0.004817807756568993,0.02362880120182409,0.04652292467471841,0.06140826026750509,0.06481642311465322,0.056269542256441374,0.04205719232848196,0.02649826883690487,0.012898727895664661,0.0036898993896908724,-0.004852599169896419,-0.01405725125561393,-0.0226450070283776,-0.025342116937587884,-0.023322546321478812,-0.01828717855340635,-0.009772528592074059,-0.0007733558454385681,0.002405693295748659,0.0018576762860961936
N633218,0.013217156590514059,0.036274573309535166,0.06736259566651322,0.0922522527237013,0.10315326442559739,0.09242002288144485,0.06600845919296477,0.03603147667918208,0.013714134995089236,0.0027228181131788375,-0.008086820939104098,-0.030702522053892234,-0.055802437606485254,-0.0747978539230983,-0.08220580384836268,-0.07014591329118022,-0.04483720876776142,-0.019269230587064583,-0.003159945031618429,0.0012292915885228413
GU255118,0.009772694399026682,0.043664361852986194,0.0937250895231515,0.13870372920427498,0.1686154037710968,0.17336769547163974,0.12835122994877018,0.0747193379482214,0.03433336142976259,0.009026535799933424,-0.007584282628889241,-0.01991858717607513,-0.027735786298572082,-0.0313977548795914,-0.03147922409424473,-0.026571882107564677,-0.01847152121299903,-0.01151698869009797,-0.0069588002154583415,-0.00245815617410915
HS308,0.006571812456850665,0.025757261821700895,0.052054127559999316,0.07060102102376367,0.06933415802525664,0.053683525194344564,0.03668868494202379,0.02220794211616886,0.010198079932289201,0.0027715408583232526,-0.0039491847268175225,-0.010067575877807787,-0.009843804445497288,-0.008673979679430142,-0.011405631894669196,-0.01463776757566727,-0.015778791124769976,-0.012706051657157713,-0.00897935032693988,-0.0035841038318702675
SD7080,0.006450906923900379,0.027751216415216017,0.05267349278614102,0.06744022788661984,0.07093631172402727,0.06449827906774351,0.05112807027339742,0.03403175499784044,0.015558375967036936,0.002821144247267467,-0.005794702164290529,-0.015253038961559905,-0.02266988477051047,-0.023866094656664543,-0.02094263680139992,-0.01516769317967534,-0.008261662169895028,-0.002284489756960011,0.00071246895782624,0.0010283999399119752
eJ1,0.004741735352843761,0.0253610039235619,0.05939935866562062,0.07822749909734836,0.08908190910255719,0.0813539971874116,0.06523376953781108,0.043424060354491874,0.021953774429607623,0.007874101604845501,-0.005986325741937875,-0.01743067394119272,-0.031750308092378283,-0.043695040262560284,-0.043524326373052785,-0.03942923148232807,-0.030086969945568323,-0.019530073967947176,-0.009633878509334651,-0.004342304538722447
Phoenix,0.0074174488616276435,0.025147934948918416,0.05234840965130505,0.06958803116972419,0.06734346468864016,0.05256072215495854,0.03404065894049312,0.017693212390831273,0.007460126823611898,0.0020298920950729805,-0.0028349534355826566,-0.007950678595065763,-0.010283117876909451,-0.01149781065269156,-0.01464339626431866,-0.016604912603977222,-0.01625232433195414,-0.01414699232380355,-0.009373612931755891,-0.0031393537899028043
AG37,0.0030529192233692895,0.023751112306195067,0.044638617055665276,0.05755032114472972,0.05945898600440415,0.0507552461924637,0.039806034308926534,0.025696595225131746,0.014082763497523422,0.0036221304909955644,-0.008457834479652048,-0.014887197990044926,-0.02003985950804756,-0.020333475693354353,-0.01753768241134323,-0.01413945465503396,-0.010773298831562993,-0.007789397444418829,-0.005123327981375349,-0.004889351759263563
HS522,0.007183750047285093,0.027617005327881115,0.05064275816973771,0.06315766841833616,0.0637440874766371,0.052804090159408006,0.03552201702602933,0.018246283147024263,0.006588508025554436,0.0007397722262124899,-0.006150688040310539,-0.013614540764427101,-0.019868640742781166,-0.023193058521356856,-0.02327450219224807,-0.02009035180976703,-0.014979198519631547,-0.00966369872568801,-0.0052115411996487785,-0.0018383852357884598
FX2,0.009817557353688387,0.033849182386866634,0.06904632141862112,0.10084347946609491,0.12389621868463681,0.1318737834370331,0.12501178094832702,0.08313750022460938,0.03429718441168356,0.009828668499061496,-0.005199135395632269,-0.025459628157567568,-0.04619011504738481,-0.06502290061610774,-0.07620617649093132,-0.07622533684778351,-0.050193071935463046,-0.012693265330197904,0.0019945022634136446,0.0036448822194641425
FX66196,0.0090115833160238,0.03582319977656724,0.07900808240105942,0.11634798117765145,0.14040683317189886,0.12901150152941854,0.09290352970952824,0.05498936726273216,0.02444482515987384,0.007071768259806818,-0.0058643305630442935,-0.021704263076368063,-0.04075597097277479,-0.05488108402543608,-0.06199834920157072,-0.047667474741051256,-0.022784645113266562,-0.005137039927880188,0.0030879025848083866,0.0027329864504620706
AS5045,0.008333799561122198,0.0327653445290412,0.05986985123678024,0.07855440940589532,0.08631889299823596,0.08256042851495932,0.057653682796516836,0.030765243253877382,0.01648481706664155,0.0073136263305953455,-0.008082120865966508,-0.020171611386036126,-0.0412672893019293,-0.05804990680600072,-0.06610587686779501,-0.06332770440012553,-0.03751601243835482,-0.012045179397447953,-0.0012954840056684947,0.0005094610677471463
N66021,0.012927980461609674,0.03206074352678462,0.06112734759882897,0.08661363989621924,0.10290727045262038,0.10683152995496475,0.09048296570991375,0.049774046835757826,0.01715887035551727,0.0017295567841131392,-0.012928858272783108,-0.0320583218914346,-0.06112778313748091,-0.08661273292014611,-0.10290756642296574,-0.10683264712096766,-0.090474962892037,-0.049776934274027705,-0.017158600281304465,-0.0017299190308984662
ag45c,0.006499567033866864,0.025182914321062393,0.04641539459257478,0.058232641721904656,0.059450225182163294,0.05120424860472407,0.03819789807763578,0.02419595466236577,0.011669192903032626,0.003281547526111656,-0.004500058852240964,-0.011641862044577803,-0.015465624888855188,-0.012570024298854126,-0.007000420391597576,-0.0012012455016982705,0.006144545826892149,0.005589844665019828,0.003031560146497862,0.00028349736451962094
EH29,0.004928015243902584,0.02132218484659923,0.042430327019114845,0.05461108213131702,0.054914362847725766,0.0453506984669912,0.031456886013727675,0.017781788448807685,0.007447268013241106,0.0013373255971516993,-0.004941885055204323,-0.01674702167869197,-0.02815818523373017,-0.03405259641798591,-0.03591613231306682,-0.03357277124649993,-0.026698569637439128,-0.016729760531247202,-0.007380864884108307,-0.0013478921079911272
HQ308,0.00551059894487693,0.025050652696394372,0.04783145731113978,0.06301036799575996,0.06967723534410956,0.06738396511385658,0.055116377869377196,0.036036520975258654,0.017345108690905286,0.00423581892256682,-0.0025688385665111626,-0.00882924856776745,-0.011280663756793381,-0.012187165805760212,-0.011807353614467008,-0.006763778292418905,0.0019565930836106487,0.007790602965184735,0.005895960900892778,0.0018193919844031992
FX63-100,0.01172982523543511,0.033178806245855556,0.06070481270894554,0.08118658758364392,0.09044638616029618,0.08596258151118742,0.06919522369597997,0.04561841261955746,0.024589098010526604,0.008503890632266432,-0.0018100631232538082,-0.014370163577562049,-0.016157133562719028,-0.016965793927615293,-0.009452855928002487,0.002393188275563659,0.01580135167470347,0.021439640360157428,0.01691609343827283,0.007088341141201407
N633618,0.01827479348255038,0.041864682278887344,0.0790982604763917,0.10859342360299423,0.12384110445106684,0.11482556998473702,0.08720848470223097,0.052882595921919906,0.024327109998498006,0.006655819090734993,-0.0036766967608092634,-0.02495321406296879,-0.04435559108851931,-0.05787082014016889,-0.06136841358445882,-0.047741226478499425,-0.023730393182503254,-0.0025325934419993938,0.007299652699950501,0.005171095881644304
FX6617182,0.008703060555676238,0.03584841946679905,0.07750561071026504,0.11390421124396015,0.13371818294616963,0.1173211322070453,0.08190898138428251,0.04888488199655558,0.023901571779974984,0.007722248871540428,-0.005637757029156891,-0.020230150643582755,-0.037149385259039054,-0.04942673573135322,-0.05483886762337074,-0.04706584037159226,-0.020922837529513908,-0.005045380011485626,0.0005495451156157188,-0.0013112699564583274
PKMB500,0.0030378549562955146,0.02610079632112412,0.051186898122754586,0.06908727657863488,0.07551836954014225,0.07055372172400232,0.05682933807882964,0.0388795877691301,0.02104120426359218,0.007035643122599339,-0.004471497744548239,-0.013423056927364169,-0.019070196397322495,-0.01779642458372438,-0.012235965311581675,-0.004587029467638112,0.0025427521761754853,0.00630192513492544,0.006435550840326161,0.0026781199123528145
HS130,0.007490274449477298,0.027922916003812255,0.05090790729393407,0.06431228489640037,0.06558401055477436,0.05618067863259241,0.039194659237551735,0.020348415930953854,0.00654133228651362,0.0003365254343662243,-0.005258861225552638,-0.016101208364813088,-0.026000691444710768,-0.030844201860938284,-0.03187078451350277,-0.03015520808773902,-0.025851602928751525,-0.018911214555754754,-0.010838166036182595,-0.003556220225774204
EH1917,0.003791424241259236,0.01709594986421952,0.03461438567554871,0.0447405669913131,0.04487787657550899,0.0365734761873177,0.024996835371296593,0.013947537923877193,0.0057998262962403084,0.0010395698516009956,-0.003799961225543144,-0.012527396731229651,-0.020339529815166565,-0.024171458564376306,-0.02586226194095906,-0.0244414323861488,-0.020247778974663858,-0.012893847092553833,-0.005735580089442347,-0.001048609133431378
SM701,0.008968922216810978,0.04288627670015302,0.08062154958581655,0.10340494728976081,0.11191765718639185,0.10799678389991209,0.08865086538680467,0.05885682105804394,0.03206900271354504,0.007258960634467433,-0.008686155193742249,-0.022068262772302817,-0.036684015376450656,-0.046328473453078674,-0.051083444579415126,-0.043700629100958684,-0.021481787680816305,-0.002344075923779737,0.006332691516439812,0.00507837736734991
rg15,0.005190557926746925,0.02366973486868814,0.04488484768883076,0.05886217442963669,0.06308478210722056,0.05795541724486268,0.046045719835837884,0.030826279758925365,0.0162374822642729,0.004901558003201617,-0.004682191765683133,-0.015474179433967672,-0.024496433045887327,-0.028158070135301767,-0.02742545739683221,-0.023506387278076916,-0.014605163280333008,-0.0043224102546044595,0.0005915504023834905,0.0013687709243261667
S5010,0.009120540653368462,0.029343783148060482,0.055881962540266304,0.07143952758359715,0.07102558954466164,0.0577690216137044,0.036134912168018785,0.01457290432856753,0.003022947039680126,0.0001488466009840575,-0.005128281909365948,-0.014990341412600451,-0.02332309324339498,-0.02694292936664529,-0.02713401611298535,-0.023333215286081784,-0.017503010392284187,-0.01195264914639944,-0.006599338800897199,-0.0019614286644396867
HS520,0.008880967564120452,0.02801886200825656,0.05215514494886836,0.06596656589693393,0.06529882027238992,0.05252072210457918,0.032622985308023766,0.013701530550071159,0.003459518999438801,0.0004281868302249666,-0.0045344033915415295,-0.013166234002958313,-0.019876289417274852,-0.022554205340403827,-0.022950480572292715,-0.01993001204505201,-0.014832680379699202,-0.009954874607357538,-0.005440385079892261,-0.0016124326549024422
RG14A147,0.0055048579001486415,0.019498046019396333,0.03648681897445499,0.047017168082790196,0.049760886782100736,0.045078525059770475,0.03527154259412631,0.02314507004872466,0.011976250974931046,0.0034473122445386954,-0.0026703954136857284,-0.011591599384291176,-0.0187057876800176,-0.021498663311700625,-0.021123990293633113,-0.018497036727096804,-0.014707257661863043,-0.008094458908367165,-0.001962573702903745,0.00029522727988337506
ag35,0.004307726054596166,0.02495005009483449,0.04860075727255935,0.06290085917740892,0.0667117470523495,0.05727271709851431,0.044510842620835586,0.02752862042264091,0.012784488881224697,0.0029567685870763617,-0.008604020298215524,-0.016822902747103102,-0.023552246977875384,-0.02420870298364872,-0.020610742763986504,-0.016363318846422198,-0.012142323354767694,-0.008382267132585873,-0.005145626932722819,-0.004302099296792532
DAE21,0.010929637381372554,0.039867904106477156,0.07888873290451631,0.10951280080417386,0.12466780924565231,0.11934328123031536,0.09077471749574592,0.04913499420993466,0.019172826771568206,0.004245079550059124,-0.011254030636492642,-0.015691752093594212,-0.01344033188476714,-0.005184668223987585,0.004966638096630006,0.013793249392096158,0.017038456652724698,0.014332955297532509,0.008007887406168918,0.002252524010241456
