AG38,0.00986693731304437,0.02324851023272644,0.055950844340099344,0.03203464256486152,0.11459552755570333,-0.011375084410436049,0.12038381187358535,-0.024090779440145385,0.05940888838756035,0.003018542098776415,0.009219855272699213,-0.00788408579675379,-0.011777017010750193,-0.021825558715889773,-0.008321336277243688,-0.0333323363101518,0.013623333030547883,-0.03643913431646973,0.013446890484800826,-0.017712386160654292,0.001937259008280007,-0.005395585781052504
EMX07,0.007200425371288958,0.034979372010417106,0.05221288831869758,0.09432889859182893,0.1050546163459638,0.033600393452860915,0.07970957866508097,-0.00019889564269674466,0.027220420210886113,0.0006699203633118804,0.004967823826651286,-0.008076789754928468,-0.009063661938230496,-0.03226088295632387,0.008117065977118683,-0.0699793453774213,0.013940214651319657,-0.06504085746143218,-0.010905924667599886,-0.027020621754942423,-0.008723588373488177,-0.0060767461487769
ag10,0.009480856192973496,0.017561466441031747,0.051690408394586225,0.01837231935253809,0.08782090941338891,-0.024517064353170453,0.08630137657542643,-0.016854421497545957,0.03473133491585397,0.00010770715850583831,0.007211356458627595,-0.008591823393947137,-0.012659294688540398,-0.023352403334509723,0.012551834785079855,-0.03942423815947295,0.05460015666832346,-0.05235504714914215,0.03154041613556456,-0.017375130964385796,0.004260853598297294,-0.003846232382349318
N634421,0.02593908209212778,0.03364429905908853,0.11780327579139603,0.06689663430734981,0.19907629249669992,0.1132853178660454,0.1290875558240754,0.06556494980880638,0.03835401087633402,0.01576455604256663,0.003985971883892427,-0.004330821171347427,-0.0453113808636106,-0.03960998899080091,-0.11815860084036493,-0.057153271936839244,-0.14768466666699512,-0.036101952842134154,-0.03232584699945506,-0.007455179226576614,0.006733544649485836,0.002185188190796241
SG6040,0.013099861963235038,0.03932245856407747,0.06892223677941789,0.09819447470592368,0.11984429965879112,0.12279127496164144,0.08718707401118708,0.08768942797875408,0.03294188499357437,0.027336099388126544,0.004502252627704745,-0.012822111553506328,-0.02275733678931557,-0.05593458259076622,-0.05637426377942925,-0.03529089904953974,-0.11307922267927417,-0.021686310908461168,-0.021077302509747445,-0.002200157191717721,0.0028451433981672744,0.0020163089924713894
DU84-132,0.013513334376224073,0.038657063959682644,0.0656183660568372,0.10944896236562926,0.0955580517037958,0.11669276569622003,0.0897383591997739,0.07460044748459159,0.042757040164304184,0.02367027471682715,0.006301270944605929,-0.006226504505619518,-0.03181658750524862,-0.021892414909612513,-0.049486923878570684,-0.07329644137055287,0.025336608985400622,-0.08611071521501161,-0.021136585159794413,0.033008237890577004,0.0012691479250701893,0.0024270036541500584
EH210,0.006360649793887894,0.027665021376181688,0.05582483175766139,0.08293672120363825,0.08274104760834505,0.07191487174975225,0.042760997198343934,0.0332985894166534,0.013856959394201873,0.0073853202861017715,0.0009322324220655785,-0.0063676577383255184,-0.01989461488425546,-0.026557816620937535,-0.03142688578819859,-0.0255219321886423,-0.04133108321732434,-0.032775493390523255,-0.03109235074233841,-0.01351581211367895,-0.007420296631582447,-0.0009257254624614695
FX61184,0.016529503932707884,0.03468311899130018,0.09761772771502837,0.07266344237209751,0.19861275344863286,0.04719685300618738,0.2186573007114518,0.015076686950253508,0.06293289599497959,0.01826184997095658,0.0100810668707548,-0.0018223291838734205,-0.036003199396709755,0.004247948662686006,-0.16340507993293008,0.08843445688269969,-0.24594272404103243,0.023761549152334024,-0.01794574772688661,0.007367776652369156,0.011551981631145278,0.005853697944406503
S4061,0.011422190034951334,0.031214390778866,0.057015068752939796,0.08996605118599654,0.09706168570939597,0.08539328711311173,0.09566321348813352,0.04989647976136676,0.029076774479578398,0.010587250771664626,0.0025823202873208784,-0.006517029976454694,-0.01738887962451813,-0.02511989908703797,-0.024086536071916853,-0.008162027466491284,0.0010029866167925794,-0.0006009851123269714,0.00016662250878256486,-3.678292095037773e-05,6.12099688078905e-06,-7.722930137630519e-07
Aquila,0.009367519181273806,0.03402618368985967,0.06213451727904727,0.10802008792246437,0.07732537224562828,0.11905930984623306,0.05805126101992694,0.058028306458026355,0.02687582268352244,0.01369906014106367,0.0034334742422717445,-0.008140892675864634,-0.013833112213860618,-0.0012208002806308699,-0.016119004052712563,0.00022005005306226715,-0.009769187773715512,-0.0020538888936942534,-0.0033938954060682737,-0.0015757719024853726,-0.0007777070273232509,-0.00016938544251110806
N663418,0.024249483076110634,0.014429263463367384,0.11505038260069779,-0.007252736565609254,0.2723853340702229,-0.06898430789767489,0.29346476310865405,0.017245063990734933,0.07320554450320754,0.015271592640421931,0.0053285550904532825,-0.008281201736841546,-0.027455798054416537,-0.03914963898990879,-0.043109052436299776,-0.13363397575549063,0.045912493196044325,-0.21441281092139733,0.022858292509689366,-0.04239077406012345,0.006960654651742032,0.0010388690875306804
dd928416,0.005685432012870561,0.025784050434087963,0.042496953495903086,0.06453752647314326,0.06034820374934919,0.06632085909551762,0.048228510158681924,0.038717363226159415,0.0228859965439956,0.01024971373010681,0.002563238097060755,-0.005917740724094983,-0.01639960574026868,-0.02781902877241445,-0.027106912296459465,-0.03186345089489343,-0.02634609156440513,-0.017024746083489674,-0.02623931964865201,-0.00432737505883759,-0.0018826433182544274,0.000602522942414563
marske7,0.009285359443493107,0.027233946321023893,0.06938432495558933,0.028942466093306956,0.21059678044681335,-0.10584710346704615,0.35613207502241656,-0.12764892561084917,0.07610058685120662,-0.014467712955087628,0.006823345045148741,-0.009124766835552125,-0.015894913299436212,-0.023812555253419965,-0.030710668486650432,-0.030642820449714916,-0.03301661150675148,-0.039166791227850536,-0.02535764624839554,-0.03522852436054667,-0.01437691015121629,-0.006688046390741311
N63618,0.026411980840885314,0.028101168483181133,0.1161612160722095,0.05790486052838328,0.19098735645290124,0.11149250301211476,0.12426111764730825,0.07582174903704328,0.04144886681478196,0.021198786830749234,0.005423150422861504,-0.0013725905214311978,-0.04006701497715561,-0.018180291307950708,-0.10483379541950255,-0.016402802802885277,-0.12628703993808593,-0.008456167969252215,-0.016886352554849833,0.002359847859923557,0.012825711165729949,0.0038177079431332786
HS510,0.009441512153781237,0.0273567577510645,0.06139364443292696,0.06448578226980589,0.08549561515226017,0.06264697698502444,0.057320904676312796,0.013159620472818876,0.011866070768570242,-0.00031538840663404186,0.0002642915975772125,-0.006593678880965413,-0.018115335835771827,-0.013281188531601564,-0.02990609182875946,-0.02283456395966718,-0.019531708893802326,-0.020563257232038636,-0.012190433081527638,-0.009478400685129474,-0.0062113629505622095,-0.0015701758114861338
DAI1335,0.015041753392670592,0.04657486615845747,0.07896941684227009,0.14241572219656612,0.10290782983634222,0.200794487683315,0.11116032645846656,0.05519941535306364,0.03817617634557111,0.013170924786061583,0.0038479422056457544,-0.014918517428408575,-0.021473555173285655,-0.0309484507338935,-0.0205081069472739,-0.021396279333742184,-0.004235192581541908,-0.0001360913884396784,0.011435900680399323,0.007783095708348339,0.004828943142284825,0.001224221369866391
SG6041,0.008905224433355964,0.03448192062387095,0.047512340832959875,0.08202303505432541,0.05426618679362089,0.10514748014147599,0.03955720891275034,0.08030841615414915,0.020481523129610026,0.019511908387111834,0.0029088699294946433,-0.007893027445964275,-0.015952140768682524,-0.03141913262516435,-0.015447587983294719,-0.05932924292111125,0.005421715957708405,-0.07012763017250312,0.004080399470157289,-0.010412257503779327,-0.0007060109149317404,0.0001507348616571518
DAE11,0.011522388898656758,0.04200070127564016,0.08175689605513063,0.11621842529202539,0.15961661720232487,0.10080994028970801,0.21479730793272514,0.015253060897307073,0.054110737787522074,0.010773130716047023,0.004342031361906805,-0.011897607097594255,-0.01604898077491843,-0.018316179615838417,-0.012207058136838056,-0.000590171016077557,0.0007492475476759758,0.023342982726751244,0.010694282398493597,0.013049888792971157,0.005975631183120357,0.0016615074439437529
SG6043,0.01162513283023388,0.0402319015403216,0.06430929449316812,0.10357574813623552,0.09387759665386973,0.13709367909262948,0.0819026093632887,0.11131600006930466,0.03651120995285205,0.03747860459965431,0.007106256852701519,-0.01348092688414779,-0.01071192752255394,-0.03160232337939791,0.0145745840170989,-0.021566461613621555,0.018317072987672083,0.0066907516174926135,0.030753328699955146,0.015062355330429704,0.014859208371786269,0.004640839332261779
clarky,0.004398796790033924,0.04085405730481825,0.053529871875749174,0.11768145403941942,0.08131320250743254,0.10679678433389851,0.09638741369985682,0.05354299600082206,0.04625102010896987,0.01717345794380458,0.006435514093652565,-0.012420550307803783,-0.0305210498137287,-0.020067620315747523,-0.05777693910986854,-0.002896789197866383,-0.03239305309268821,-0.01700535377457951,-0.0063129636420280995,-0.011046899230316489,-0.0015598897849751607,-0.0023392551260938282
RAE2822,0.008754597058389777,0.023500034533333103,0.03630503985245289,0.0604464066352425,0.060053052542981045,0.06889447116709527,0.07896891393506413,0.044272264980464694,0.03420248583645518,0.015505401332304112,0.004359229308861762,-0.008579832768101404,-0.024024547453499537,-0.0364384230094961,-0.07049034778273258,-0.01920083008804964,-0.15194437411377262,0.010257151945593252,-0.03987444039776952,0.0021356046634017417,0.0022171163505570663,0.0013594465319800822
EH159,0.006018473159245346,0.02325543881338351,0.04975621673760683,0.0667478294319757,0.07416355578695423,0.05769767681017973,0.04065233423312098,0.027726535224521506,0.01315245059789389,0.00632193478009197,0.0008729633387048017,-0.005966150093187917,-0.017609035451844997,-0.027508970683140423,-0.028827213390230325,-0.03075564951898435,-0.03522710933076261,-0.032914355496987735,-0.026149806297559045,-0.012885864172764461,-0.0063631538161873415,-0.0008684716016649669
AS5048,0.012222630713255373,0.04188577153023997,0.07431566879048357,0.085379400409951,0.15628208773549448,0.005446417189927281,0.2619550716520619,-0.058735081325492614,0.08744758845421964,0.012507950664346096,0.016743305515582643,-0.012732167960226318,-0.015498370823620369,-0.06944188104199418,-0.026725746716912916,-0.17097109776148814,0.050554090569176056,-0.26157287535983004,0.08201552360279804,-0.05706394164695407,-0.0055080919453389466,-0.0017821242755481426
ag46c,0.007430466192125258,0.02541108383526659,0.04573855417010173,0.04928767681310558,0.06727756020038736,0.04249601335195652,0.054607504546375564,0.02586508509632699,0.022007457349577327,0.008234953695112929,0.0026030248225327973,-0.005660814637817879,-0.011615329670197471,-0.019626191847863437,-0.007298222982231805,-0.018647644384987727,0.02037062586110129,-0.03809087533539195,0.05183174812193105,-0.01687101104680802,0.008808257802193842,-0.0016462390630694163
DAI1336,0.014121832040360785,0.04698285626944121,0.07829070397050733,0.1315179295905727,0.11889056435484392,0.15092738065325392,0.14092582485020133,0.05151285935827266,0.041725598058226634,0.012673151413581326,0.003851583043711343,-0.014614302345473163,-0.022575766149559688,-0.028591594747557073,-0.024693614684452084,-0.016522761240403736,-0.008663960444939682,0.002682833215631688,0.010038531401416098,0.008218774184750118,0.004728774049721641,0.0012345334750357856
Dragonfly,0.011790052718117955,0.030375864535624693,0.08959908146112339,0.09483478287871282,0.18648640443816678,0.03688605522655332,0.1864496325055429,-0.006465826370388754,0.08848401151098409,0.003458607176930111,0.022672348295493368,-0.0134690216353016,-0.006140023981506651,-0.05727800043663886,0.09720644933121636,-0.05340640084930686,0.17519593507777528,-0.09506589619547116,0.12230791241401477,-0.04878194580979934,0.026023674053080672,-0.02160783751503721
SD7062,0.014108140661876644,0.0513633939245793,0.0834329390743806,0.12478893956816922,0.11532092612400188,0.1201251011673203,0.09196361228147616,0.06299658728234599,0.03437624496238471,0.017306960833845277,0.003006892238992198,-0.014234814591888814,-0.02127842396061103,-0.041089910449132946,-0.0316504591160996,-0.042319623253360875,-0.02390272271266794,-0.01353940810049107,-0.002052609105529207,0.0019060435812816407,0.0037228075608541043,0.0016426802767196065
SG6042,0.010672653314465447,0.03731104326362861,0.0568208522854105,0.09139527784153195,0.07675483936498102,0.11868883775484643,0.06309900420983552,0.09531492989505842,0.028661715004674165,0.028420525530678448,0.004946240297519987,-0.01017171898284956,-0.014621467509357347,-0.026736907213727935,-0.010064049977871772,-0.026134622629498852,-0.001641329668304944,-0.023178497209074826,0.014351956005231035,0.0035591178611443807,0.006845861218890889,0.002464357267525662
MH45,0.010467071547545174,0.028747385954892724,0.05085760736749454,0.08035670826466769,0.07230701960469266,0.05788665162214227,0.0695360029217094,0.02027930802255305,0.010467207757413355,0.0010214919261387297,0.0001602299013521778,-0.006718991529469879,-0.0183330056850867,-0.03083042075867246,-0.0459840173837503,-0.03286241562531417,-0.026150678818042377,-0.027942125555759877,-0.01088665523068962,-0.00987724522629478,-0.005702556097050048,-0.0017352151270716462
S6062,0.006215491273281999,0.021082215819814287,0.04467674453684478,0.05209114758319068,0.06726761537722721,0.05803610801059264,0.05187893152191497,0.034664388092450656,0.019023904027327416,0.007026897142883275,0.0011422903902312213,-0.006035572380145925,-0.014403325039570248,-0.02833309499377607,-0.02337107742199261,-0.03290034973435861,-0.017914018656300233,-0.02160614456226903,-0.011913801098832458,-0.004289264263699932,-0.0008878134465903495,0.00027024647503532214
Teal,0.003014348859981053,0.008466074826681803,0.017764780965623745,0.033539775158437646,0.05040596039390533,0.06076527520546737,0.04148461606768517,0.0429559576217164,0.029934026924820407,0.01776048243956549,0.0048563899497481335,-0.0007941498484056877,-0.002138605596560858,0.0006406900069536615,0.008348766415707923,0.02217485720450879,0.014805562233614341,0.024700437028004108,0.016572083061968716,0.009779381559135478,0.003559173318940673,0.000815032025358622
HM10011,0.007480917754080682,0.030125596532319103,0.050784836247122274,0.07411437679811626,0.06345349678387718,0.07798016393253253,0.04139911211021251,0.046459754440887076,0.017291507824232697,0.01015738710202182,0.0016158792159288921,-0.005975665632721922,-0.02235884395232438,-0.03244129384525731,-0.048736239116347696,-0.030948829697715195,-0.046101054797885975,-0.015464835416137966,-0.022948382441835086,-0.00432115680767868,-0.0036205773300656296,8.423516583535833e-06
FX02196,0.019256101985677197,0.04629342453903114,0.06859410702124477,0.16994311944437948,0.038282569791617836,0.3296251718630065,-0.019110890726998307,0.14624739864243563,0.019850437825903223,0.023087637013158274,0.004381015928336025,-0.005966462273330455,-0.03078785719101217,-0.01834136400397847,-0.11723076247112564,0.04532440599687382,-0.2521874582339506,0.10206747510112527,-0.07204090270010087,0.021215942950262474,0.004016174812906171,0.0043560702192953745
ag47c,0.007510249812987688,0.02341030457258981,0.03659385879357244,0.04197801831457311,0.053817867690140936,0.03869498577544433,0.04435297265687966,0.023344440064701023,0.018221003406407803,0.00739015482128044,0.0020257399591493376,-0.005578254552896701,-0.010811628395694937,-0.018727974973019652,-0.0006647938051769039,-0.029071214035317684,0.035254102118153635,-0.04864631146795996,0.05835249448916865,-0.019878103270899998,0.00893369280183424,-0.001728276942162845
SD7003-85-88,0.007820705574192732,0.029234098763844883,0.050281674951855676,0.06474991298915833,0.060658178500932164,0.06141653713987245,0.03910562438053162,0.034983268252404345,0.01530717533633032,0.010520686588995009,0.0018684039117323004,-0.007454520149302262,-0.021177504180669715,-0.03063432349670463,-0.029782829989869614,-0.03903434318374216,-0.011116654853429189,-0.03245359946132883,-0.0007093632691616046,-0.004815905379808111,0.0016569190514457227,0.0007477098040463559
S6063,0.007191838984106134,0.019493290509539775,0.035636437066393814,0.05397145004159243,0.05825095492428901,0.04204910134856489,0.05227597111647316,0.028516627390135593,0.01681831317057036,0.0060758580940827875,0.0014565573795074995,-0.005491591329008434,-0.014658126283821163,-0.02311018424124945,-0.026160978546491152,-0.022889594414756517,-0.01882563024639437,-0.015499808867280614,-0.00779371582990191,-0.0031599267974683418,-0.0003823343085634585,5.824977904549552e-06
AG03,0.007279687702624136,0.027248055250855347,0.04198672796166086,0.06227355489049255,0.050775263062042254,0.05570477476952974,0.0438305816637339,0.024676447433356445,0.02235576033743343,0.006566759047239174,0.003822749340885928,-0.004410028427574655,-0.011284889656145053,-0.021491725509789585,-0.0022328801068250423,-0.022228747445227626,0.0018439220308938897,-0.015372766110299313,0.0010170385216345648,-0.006257950658505423,-0.0003320873774536945,-0.0015578155464124174
N663218,0.019585929023645744,0.01973707539870924,0.09027082326339186,0.016220182284381022,0.22351883063440137,-0.05048453430617468,0.26621610618847974,0.01018844111462824,0.06480782855707017,0.00967886721416582,0.0037532630282227017,-0.010700150574731403,-0.028855521443341362,-0.04501971585352651,-0.054798756628380615,-0.13689442584162032,0.02309503304124603,-0.2161330551733022,0.004895712841280003,-0.04762728584257537,0.0009730925872131727,-0.0004767594210975654
bw3,0.016887264025477154,0.028995774113931828,0.031500737592284035,0.11356464515777999,0.04072380424967737,0.11312857869090227,0.07829410543172426,0.05298594450325903,0.04771261235450326,0.019851465262967712,0.026282855175384902,-0.008161477090508887,-0.010656473079250932,-0.09390531435036512,0.24706165185756804,-0.28832856694568254,0.41495925013727397,-0.26710934725159113,0.23272339996700644,-0.0928474534309875,0.04489188865935017,-0.02412144598295331
hn1033a,0.005625786537953556,0.025122249876545835,0.041294316584616575,0.06595006998488617,0.05406334776556231,0.07696181103084822,0.041721810593239796,0.050658648792950706,0.02222871946109365,0.014781302396539157,0.0030667825187118973,-0.005650137171504161,-0.016113244509626236,-0.020099573074348308,-0.02406504312767976,-0.01950838846239323,-0.011896335340513469,-0.014615575257587308,0.0013621638918735327,0.0006564283222653494,0.0025931356986455094,0.0011179496414875907
FX63-137,0.017079258606116584,0.054334914551573354,0.07305517917945342,0.13456543038049584,0.11675862896361143,0.15273949998102881,0.1104099498169634,0.09521259218503543,0.04847654560544873,0.033750197038901135,0.011174731299259963,-0.007664335787173587,-0.017890472349922616,-0.030235111509830534,-0.007676637375070719,-0.05858421183603743,0.015068817997382572,0.003981058465761516,0.03912879890584842,0.031210375934006076,0.026748736259990604,0.008341087236555071
FX78188,0.008276248789214591,0.0339246343973638,0.07373987212881246,0.05358210674619126,0.22754349165991464,-0.04159392042149139,0.3195244311528567,-0.005057612079114438,0.06334519122690974,0.01203321496031755,0.004698824309728555,-0.008816690500379207,-0.026270567070823984,-0.047814089650444994,-0.04048311753279014,-0.12714335002112023,0.012821951729836608,-0.178769684031148,-0.006092560364963761,-0.024361637013639033,-0.0003527657206578997,-0.0012636579185058875
UA79187,0.004765180774839385,0.036079245774924454,0.08439566272758951,0.06686611751818673,0.22292309665342777,0.026284798847983036,0.219269195799531,0.1383271486823142,0.014383639023020457,0.03342272254359647,0.0044419407841379405,-0.002018867252386139,-0.025622483786171147,-0.019223666485004533,-0.08032656664421883,-0.04145501844349507,-0.04449295474910357,-0.13742632238439592,0.026040260947837367,-0.028952803082499833,0.007566123327861633,0.0005553738559014802
ishii,0.010151878293150814,0.01629904083262854,0.09696421652300471,-0.06856338437128881,0.24784548232889464,-0.1869443800784716,0.23957903887778925,-0.09191119704228633,0.07865275254094757,-0.007714270668079864,0.015516953899148868,-0.00643313629028361,-0.008309576791648562,-0.0640346611033019,0.07062594470015551,-0.22582613306967542,0.23133373182112046,-0.16820981330629592,0.10366722471039146,-0.04668137597846274,0.015716246065843528,-0.012149601430245896
LA5055,0.018492075481083337,0.054882139210798334,0.034871155014423276,0.3354022739349017,-0.299858166932203,0.7930646232170656,-0.371636839825433,0.2509733296128078,-0.036582850754325144,0.021597114210390036,0.0005686598190786303,-0.011983604438004784,-0.07238214669178358,0.04959161158469837,-0.1505252337876417,0.11116379137829994,-0.13673287233199327,0.08150119607058713,-0.061426309248724775,0.01968805336079882,-0.004811005944303683,0.0002544894578615785
FX05188,0.016642368845816356,0.02838521848009897,0.09625509112768212,0.04428230096149792,0.22806176866952427,0.016751854435203387,0.24138964037095248,0.02183748641782404,0.06465994715544994,0.017654442726924197,0.009649378955450365,-0.013055151591316228,-0.022667694961329126,-0.05777724476325008,-0.0342015243420202,-0.13292578453146167,-0.009229965000716787,-0.14206887808732482,-0.002561149263128615,0.005455095467414058,0.006364815246659979,0.006283096489849668
NLF1015,0.00856952778643147,0.03312748578506689,0.07356813800929116,0.0867907040352627,0.15234387895740548,0.08422840661592651,0.18309715029418852,0.08703855931171649,0.05693972243116233,0.03929150435789735,0.009071706893384124,-0.007920868278309219,-0.01916515776319734,-0.03064685616136641,-0.04005053689120607,-0.036918181845672686,-0.019284657878312763,-0.07236852628997816,0.03596723161009009,0.00012190469174559237,0.018561376847696917,0.006288459913910832
FX61-184,0.016529503932707884,0.03468311899130018,0.09761772771502837,0.07266344237209751,0.19861275344863286,0.04719685300618738,0.2186573007114518,0.015076686950253508,0.06293289599497959,0.01826184997095658,0.0100810668707548,-0.0018223291838734205,-0.036003199396709755,0.004247948662686006,-0.16340507993293008,0.08843445688269969,-0.24594272404103243,0.023761549152334024,-0.01794574772688661,0.007367776652369156,0.011551981631145278,0.005853697944406503
E552,0.012217542539937655,0.040420407037509105,0.08315659539105258,0.11096615117196804,0.11820771996847504,0.1993226186483536,0.017128044531878172,0.109210868864414,0.01826546832937679,0.024811399668353107,0.006191224457038212,-0.007516415440712803,-0.02232572084098756,-0.058214237900071165,-0.044011374242986574,-0.09336023034360785,-0.12142370103783799,0.02027967684865359,-0.04259290565952679,0.010770036438840953,0.0019746419447456377,0.0029107246614734007
sd7003,0.007820705574192732,0.029234098763844883,0.050281674951855676,0.06474991298915833,0.060658178500932164,0.06141653713987245,0.03910562438053162,0.034983268252404345,0.01530717533633032,0.010520686588995009,0.0018684039117323004,-0.007454520149302262,-0.021177504180669715,-0.03063432349670463,-0.029782829989869614,-0.03903434318374216,-0.011116654853429189,-0.03245359946132883,-0.0007093632691616046,-0.004815905379808111,0.0016569190514457227,0.0007477098040463559
PKMB803,0.003601098637693605,0.030944138425310536,0.03499963890943615,0.08510932632924399,0.056784085457858104,0.0780340167119353,0.0554047453407843,0.04208282999205165,0.032011300646422915,0.014628310428953012,0.006014717444393605,-0.006197543345476074,-0.006664840843810225,-0.023888221161998822,0.01742472580577684,-0.03178271665099799,0.04158278073789351,-0.030234348730884205,0.036042144020473725,-0.0030838932489177487,0.012179804602416508,0.001074878253473681
N653618,0.025223007418442498,0.023822577883256247,0.09743802834418817,0.08706407075856025,0.11697604623647505,0.1801284087629632,0.10662728552737767,0.09403534566011174,0.04819016544656655,0.023213656833073318,0.00589446879692359,-0.0013331454727857116,-0.04192792516922279,0.013640425339497464,-0.1558487753616972,0.08105957624228033,-0.2079053675257794,0.010915970800713702,-0.033164710085976726,-0.005016371923639986,0.011265610117364776,0.0033254160444606
HQ359,0.00642739559651421,0.03399535854038218,0.041691188959901676,0.12110841937822966,0.01744889603471784,0.1519259174208724,0.03794046654476441,0.08292442792833543,0.027298659468275165,0.019000720548646783,0.00361469731894457,-0.002907121259079843,-0.014780350131777259,-0.004658724993821736,-0.02372727526595573,0.00023299641237454094,-0.030151684136431496,0.0029695808646911445,0.009680908765969125,0.015974400136485933,0.005297679319457143,0.002008669971965961
N654421a,0.029445606489065457,0.023499683971794718,0.11792593289085271,0.07872362349151754,0.159425213356856,0.16015859322102782,0.1641295138344071,0.055989007178027225,0.05352815982845677,0.008593336606847083,0.002785854640516826,-0.000874084935741969,-0.04850784575778848,0.008721203617107716,-0.18088486341290325,0.08557564094530844,-0.26559493790991323,0.03681641782930156,-0.08108334064197323,-0.009052411673681416,-0.003759576007819529,-7.654244273578323e-05
AS6093,0.0065809871852189296,0.028575421788894148,0.04131967008713812,0.07167088039115926,0.06907157114132317,0.07276901664352642,0.06332695854360913,0.038239923978495065,0.029009190015644906,0.013849123347490971,0.0032524329406363904,-0.008385230142569044,-0.014288365686396926,-0.01654220423461144,-0.09034750845778916,0.20010305655377428,-0.11123241037562255,0.17714878326060396,-0.006289875720758122,0.04050071668180093,0.010373670429178375,0.0031305683299086445
AH95-160,0.01284291908890366,0.04647432728959436,0.07248434764566666,0.13766977611220393,0.11371493106993154,0.1721977602388772,0.17791033678729953,0.040443669643723736,0.05907294938962212,0.018432279028835426,0.0018137578806366815,-0.01335986553525036,-0.024877838384959335,-0.04016361592009041,-0.008253970857018735,-0.07258522128734768,0.03396677430630724,-0.08833665960547145,0.04658766651484746,-0.03468307338598367,0.014236800940946792,-0.007484738476160276
S807,0.00999945456762811,0.04734708097700553,0.054941924576506776,0.1506919427729349,0.09342148159941642,0.06379272189254934,0.10395130247823679,0.039216521587477834,0.04632354002589676,0.026434363700809354,0.004206184735641509,-0.012080006281343566,-0.027177091282449887,-0.0688706715583822,-0.07375814523808248,-0.08364155055297308,-0.19665217613425431,0.05357230742604019,-0.0596005867404762,0.01767781586037605,0.005507989352639916,0.00467031339420523
FX75193,0.01677404747018865,0.019582959902482926,0.1212922526706672,0.0019536866947742074,0.3232020693477417,-0.0717198737298002,0.3208131592969272,0.040911325672686835,0.05174938855420079,0.021912164577608733,0.010275683678268291,-0.014068166138644944,-0.013498238293041956,-0.08259658925803899,0.04490976819628047,-0.2648207017195145,0.22314448564263065,-0.3896833051859926,0.18136489430558217,-0.058549286018410925,0.023046794518537046,0.0006418025205278506
Dragongly,0.009116336953877367,0.05062599781464508,0.05970601037064195,0.2340158883909072,-0.0030110088834107524,0.4281610997926581,0.018582729020188208,0.10650139145860532,0.045793231646510744,0.021837237528736286,0.005586929334793641,-0.011850568231025699,-0.028037463887787037,-0.016967501205267348,-0.0638187727751119,0.012140511080872362,-0.09001048377287278,0.01749308475459197,-0.036708891260434286,-0.0017731694249213683,-0.009596735097625975,-0.00168444451371538
N643218,0.02046929826864247,0.025888956579410857,0.09154513638374295,0.05151599859317803,0.14334430445008903,0.11843280095426315,0.08584304172872648,0.05955216887774936,0.029541549878989052,0.010474196820668497,0.002517328285770433,-0.011622616281652835,-0.03294419696506116,-0.04767679188776766,-0.09411089371557554,-0.04247128929845832,-0.16724640013584316,-0.017528644761428087,-0.05320994505966524,-0.011237464796902578,0.0003849391021425298,0.0006119089270926665
HQ3518,0.018828132392592175,0.03932457234368052,0.1219288416352654,0.07056832006298698,0.20496507322414578,0.052908524929894875,0.20679241629192566,0.033052125282470556,0.06648366669147268,0.017814872423376246,0.0050542322004559674,-0.003720675415830303,-0.050301240486413386,0.003829899436598562,-0.15962228301736794,0.08200646940582854,-0.20595863631032418,0.029187729457231443,-0.03624845207453329,0.007397905529410191,0.0012032754702982012,0.0012661133330622426
E553,0.011601879704071389,0.039373601480332705,0.08122890761337394,0.1016271383235342,0.14302884799039856,0.13041715013160998,0.09448548051457306,0.08284250990866118,0.0378206873425358,0.02449085480793079,0.007224162339341042,-0.008097404000930794,-0.02052041504196445,-0.0700755605605945,-0.015956413338787445,-0.15491758749698042,-0.046370761758909695,-0.02637119738087453,-0.015125647239168557,0.005529074075679694,0.0050061840051998565,0.0031139722831596633
E551,0.010671806259652769,0.04056996564156759,0.07253803018942559,0.1213068046234217,0.0957886806354134,0.19440039873770903,0.04870701551142472,0.10632861039585154,0.02828079341157239,0.025094336951767493,0.006161586580718635,-0.007848513194101155,-0.02104864297462347,-0.06265917129060848,-0.033643063678981996,-0.11168819950818801,-0.10165685865027485,0.004770961047948732,-0.03670725552750057,0.008129518403402109,0.0014847728797335055,0.0026811143198545236
MH114,0.0126896139739115,0.0466847216355174,0.08456216947633906,0.1268815543761717,0.1388025327281958,0.14205134081140708,0.1274843807172035,0.10300180023369138,0.05275233194273179,0.03475865609669524,0.008019586640166936,-0.010361283339913128,-0.01390852757339771,-0.03150402108391817,-0.0033195416079725634,-0.027240379381152587,0.0267169785102631,-0.0011721135300325938,0.038770441075528815,0.015494718276564111,0.018322081009023924,0.005259670577996398
FX60-126,0.015756236110022206,0.03517025651975525,0.08061226674507321,0.07305143833768728,0.1280537478247613,0.08003140534656945,0.09687170163189848,0.05882398528630279,0.03844316420203293,0.016032662847993737,0.004774370898665017,-0.0057063179804882095,-0.02015807609141473,-0.03551770126223076,-0.04885115076883686,-0.03769815686315943,-0.049773848884586726,0.024476789532263198,0.003297113277578468,0.019545577901336195,0.008820885881718539,0.0037609801707065723
S3021,0.0069370731296257045,0.031575130790526845,0.05353122333653818,0.08971440836271057,0.06577578603991295,0.11145784707730524,0.04945890195388338,0.05144707195673232,0.02351341387339258,0.01444296979345731,0.0019810451474146142,-0.006888440881513548,-0.01461961015543215,-0.025351989163943645,-0.02166739313124926,-0.02252237840917234,-0.012510680798482386,-0.011359961481719706,-0.007492314177884604,-0.0028955785618166724,-0.003333405045546818,0.000625957829349855
ag41d,0.007050562815870397,0.026018352374426894,0.04911346933289833,0.060820840530002994,0.07539800147531908,0.05541413328116057,0.06082089695580619,0.03554129955379088,0.025783268584417898,0.009647446255181075,0.0037655791830897376,-0.006862989902138754,-0.012980016293935033,-0.03302479880578585,-0.0002636147174024765,-0.057975147050751415,0.044519305455158774,-0.06418595582346522,0.04496116683460245,-0.014422089897871731,0.004948394132266661,-0.001285939408498829
owl,0.007043391629254581,0.019008622508966778,0.03261092303859605,0.04794620317231642,0.06222524239441961,0.10039131926857295,0.06552169834579583,0.06453962161078608,0.04479395811477391,0.026575094274717666,0.007305849575400107,-0.005351602062616441,-0.014048853513526659,-0.01492032581051022,0.0030174179150061096,0.04421395238646548,0.09113453644637745,0.06760827939316977,0.05518451730878481,0.03548654227094539,0.018957563096611497,0.005073057688290939
FX63137,0.017079258606116584,0.054334914551573354,0.07305517917945342,0.13456543038049584,0.11675862896361143,0.15273949998102881,0.1104099498169634,0.09521259218503543,0.04847654560544873,0.033750197038901135,0.011174731299259963,-0.007664335787173587,-0.017890472349922616,-0.030235111509830534,-0.007676637375070719,-0.05858421183603743,0.015068817997382572,0.003981058465761516,0.03912879890584842,0.031210375934006076,0.026748736259990604,0.008341087236555071
HQ159,0.006864317346664156,0.026521344835326047,0.03878702289512843,0.07113401121494126,0.052413871867891856,0.07442535540255575,0.057768991882712874,0.03931295046883571,0.022165267097794865,0.009347058028739582,0.002564497435072248,-0.004716988387692181,-0.018171904557905343,-0.021272978605090264,-0.03837132570846725,-0.028537967529967127,-0.036289238484096015,-0.03365832967817564,-0.000872883365520991,-0.0032853794896848397,-4.3405964660690245e-05,-3.262109526797509e-05
mh32,0.00616934839379469,0.02844906495800186,0.046875913691548886,0.07721683087551279,0.06015923710797923,0.0922330565527981,0.04180136435431379,0.0608983723402235,0.022113265873758923,0.012008480025291276,0.001876059882454769,-0.0042121853187481635,-0.015218861129628784,-0.02227032424041567,-0.02886435606334644,-0.01929108490336472,-0.021500390307119765,-0.009116951583665704,-0.006765275481752981,-0.0008441401979106811,0.00018099384544448846,0.0003055402169131964
E554,0.012975865983250486,0.03898182539907684,0.09335865383930235,0.08384058984131694,0.18255608921418182,0.10744961935748065,0.08271125268864007,0.07515455392101242,0.03198572085644806,0.023255061156067576,0.007423988539684424,-0.008039559378063502,-0.020904222426561054,-0.06932403332679524,-0.015983386209411657,-0.1552801511991242,-0.0435589292158154,-0.027859867954736148,-0.012267085550004404,0.005373544024819156,0.006179046891078028,0.0032462440697317903
aquilasm,0.009367519181273806,0.03402618368985967,0.06213451727904727,0.10802008792246437,0.07732537224562828,0.11905930984623306,0.05805126101992694,0.058028306458026355,0.02687582268352244,0.01369906014106367,0.0034334742422717445,-0.008140892675864634,-0.013833112213860618,-0.0012208002806308699,-0.016119004052712563,0.00022005005306226715,-0.009769187773715512,-0.0020538888936942534,-0.0033938954060682737,-0.0015757719024853726,-0.0007777070273232509,-0.00016938544251110806
E636,0.00828891224117496,0.04242011850625948,0.06148340746646683,0.11950824177442239,0.11213596953249388,0.07340427014421368,0.05792777891563576,0.036448556242076116,0.011556262467419231,0.010496891047364176,0.0007943565620068865,-0.008510341388534244,-0.01511190374436103,-0.024451885944122138,-0.019983735867864536,-0.029966395193036628,-0.04748984838995792,-0.015094309465963395,-0.05177337305558142,-0.01388347280679661,-0.018050648370109244,-0.00274115285352332
ag40d,0.00703880541006192,0.02565253473105994,0.04949422576775617,0.06164962339416491,0.0775401864094736,0.05678401178333829,0.06602493705764136,0.03763679678722751,0.027319119264531958,0.010099039634679202,0.003939558365506702,-0.0069046768085826975,-0.013761186375216792,-0.03425836909453613,-0.0005373519582439365,-0.06026429221073346,0.04227046864738013,-0.0648047554703833,0.04303351740590834,-0.0149793994563289,0.00466626151502657,-0.0013651291719776804
e193,0.008437471768341736,0.02778028618251546,0.05935339085977394,0.0827849716337683,0.07842200291652343,0.14328897627090106,0.03920471270738551,0.07059429838908286,0.02302288735590432,0.01835263585277859,0.002593204486861157,-0.007366236028535247,-0.015829828702933386,-0.02676387810105543,-0.021341602249545087,-0.021927122285899946,-0.010890180154333693,-0.005583339482586796,-0.004581884275507406,0.0014896887991936235,-0.0013668641320487677,0.0010519368351150093
HS602,0.009856261057531058,0.027331650892882777,0.05021104700150042,0.08897952262822945,0.06516517499637926,0.1061329312971305,0.05967289956130141,0.055321024006783445,0.03238375492558474,0.015496888636803643,0.003963899846606944,-0.008189314648497004,-0.018592861886491823,-0.02756839512749434,-0.037033040255821374,-0.021782112054987913,-0.05381761645893573,0.026880100286114667,-0.000356780846382092,0.013445481853582443,0.007419143366024046,0.0020328308187534862
N6334221,0.021013023145746542,0.03608774554098475,0.0993688402805239,0.07747170712798213,0.16736958163040097,0.11785698372833187,0.10876744986621528,0.05592677348773914,0.030889084597765445,0.010110424009492967,0.0024375144362532406,-0.008969509228683161,-0.04459751693942127,-0.05351417438787024,-0.11518493338977306,-0.08036451347069518,-0.15007145267194288,-0.052380217274593105,-0.04376146272593367,-0.014146049181402894,0.0009425570705251023,0.000663161428596978
Seagull,0.006658003214602733,0.026772756382641278,0.06332168266635901,0.10305942775002701,0.11801000168544543,0.10563044750690966,0.09651071897377583,0.08033040433022148,0.054947796175145794,0.027952557001730136,0.007629538788262789,-0.006724669306127513,-0.009104708400749447,0.0009386226995685748,0.026379037627100293,0.049939519187987474,0.06852601256580189,0.06140786612527627,0.05058871863439078,0.03426934641464201,0.017037464011788836,0.004679918218158657
SA7035,0.006865063554681982,0.03050699213066272,0.05220534722949434,0.08101583058374683,0.07053394631556384,0.08701627397604793,0.05462019679584089,0.052008889398131655,0.028277654066955173,0.011651850317033682,0.001947912132912163,-0.006028226036927037,-0.014361975083927914,-0.02632309089680433,-0.02274933626765271,-0.029460267720501684,-0.011507523734557771,-0.020062720082520635,0.001499128336656896,-0.0025822459913372375,0.0012255672366114558,0.0012138827188189999
S1223,0.016251558158510045,0.05951309307704721,0.09295505550509642,0.13294201468077668,0.21740564652358582,0.05682347465731827,0.16966169151336438,0.07520741112368476,0.08147597202088534,0.044433757266136166,0.023985352048286845,-0.021351433622668566,-0.009688898987662783,-0.026477125726109902,-0.006261536180209905,0.026653638228561236,0.06652926956112416,0.04840957363287227,0.08851467089729696,0.047096325858085875,0.04285446590667926,0.01437704891457812
lnv109a,0.020824719923841776,0.03796956705749199,0.12938125337479864,0.022335495071761625,0.33685777901470787,-0.018319075847585384,0.10615062544172309,0.02031531828133382,0.01926123553073024,0.004919170264230324,0.0017141257050547467,-0.019478161110708034,-0.05260935155930241,-0.005885013037156311,-0.028988085710419918,-0.005142828559154899,0.033061570533213444,-0.00257375276884602,0.01287391797402703,0.0009257461981278794,0.0016714182872537978,-0.0003238970537899094
N643418,0.02503152179651644,0.022758681191080668,0.10948365495929203,0.04297963933662897,0.1704191394041021,0.12043557231818308,0.10063656479149943,0.07205449414612004,0.03596638127187149,0.016363905457616186,0.004028275747898985,-0.0047030476976042705,-0.04202484380911803,-0.012890113821455244,-0.13919854330959588,0.043981988219949496,-0.23423168174815379,0.05236019441496668,-0.06969217246705048,0.0040410020316647265,0.005344554503819031,0.0019712911122604067
DU86-084,0.00513992248527581,0.02656325863161773,0.029090108291452144,0.08151386389122318,-0.0014028114746585556,0.14997508250692937,-0.05850067035600203,0.14869977515471283,-0.03538050099069114,0.014079006139338615,0.0013897872194255849,-0.004974321585803504,-0.0159036840198946,-0.02606080012390238,-0.037173174372321066,-0.02873046060531557,-0.03747294572934085,-0.02811409050586367,-0.01623079482731751,-0.038416585879775346,0.006923865700261585,-0.0009303859569811744
N643618,0.028631195218595407,0.02092143719408106,0.12577902343145456,0.03567250600772409,0.19664164982445512,0.12335757600369525,0.11454909826896283,0.08506598283165968,0.0422126390446177,0.022284878209494978,0.005570312336147234,-0.002823978286283114,-0.03499053662110802,-0.023279696452091592,-0.09500134773226784,-0.0020360340064488093,-0.1561632835504768,0.010516119455922015,-0.028746284987952207,0.0019564848484961636,0.01182137893146032,0.0036771616990225004
HD48B,0.008566566988283918,0.027301131885239947,0.053941580022613324,0.0694697779273792,0.072753841567705,0.07789033460862671,0.05424414804719636,0.05095631729316785,0.022275266081515845,0.015210118980231996,0.0026920758586367823,-0.0074247554182267275,-0.017903910456195438,-0.02947357210858406,-0.027057438483320567,-0.028619441430402646,-0.016448557595232484,-0.011526358516820552,-0.011017006330164905,-0.00458239994131432,-0.004597075424103797,0.00036476028760434805
PSU94097,0.00839286524667792,0.032020398051771023,0.06295837825033418,0.07999612910598433,0.10986053980117243,0.06283502762604222,0.14872458175336192,0.013919458905113685,0.06469767150815146,0.008000554411618637,0.0120707146904638,-0.005050145061666761,-0.013103164732138137,-0.0189204350067055,-0.01799040041415522,-0.008707316734697823,-0.008168820257832103,-0.0018611035054624733,0.008535524764450733,0.007946779359187377,0.006534486804626958,0.00241948115324481
AS6096,0.008392277782428395,0.04027680865023325,0.052059548924622216,0.11159223601413758,0.0726561231274433,0.12514936036392638,0.06559933654789658,0.07611210246701326,0.03558120448325524,0.022569968555064112,0.004341650785833601,-0.012204186290314127,-0.011624944395565986,0.0013206008428881962,-0.059458724963539974,0.2292515515345999,-0.11672323729301742,0.24964238470172465,-0.00984514774120242,0.06229318581466624,0.015430419519633195,0.004730946251445331
e423,0.019056172129332066,0.0579730547819553,0.09170933758814459,0.185611483760856,0.08731454253475131,0.31533068506323403,0.035663170258862155,0.1799547776739061,0.03750784005009541,0.05654720587138834,0.008308232500404453,-0.0111940896928168,-0.018146875688682562,-0.02153963006705474,-0.006110696856216732,0.06916222367174832,0.04005030347749051,0.059127133619660405,0.05206021653274392,0.0320644292640355,0.017874358216787827,0.005970282255709543
e387,0.008369466758573606,0.025867222575651914,0.05974046569278337,0.07503571190595411,0.083188624379485,0.12879057360088342,0.04434398464519834,0.05941780425106045,0.02316258146778423,0.014060405949324844,0.0024531114916638347,-0.007489491969590484,-0.011863155822979981,-0.024206770434361202,-0.007299917516188541,-0.019277404704609195,0.004210532739758559,-0.002707853180800682,0.005544793082776967,0.004429061923653778,0.0030112580909752787,0.0013308613318105149
N653218,0.018037348656504113,0.027972568050494712,0.06557324886344508,0.09799983011785043,0.07062909694030313,0.1669511977995346,0.08518121834795353,0.06453676402304466,0.0366396543311362,0.011110932106471393,0.00285672179316259,-0.00877556053584062,-0.037175649182416524,-0.01985993656364909,-0.13777000758981767,0.01901056249038919,-0.20005028465969946,-0.028956996022546394,-0.052546086998922256,-0.019685243635159187,-3.6741184300574415e-05,0.0002548301713204682
SA7036,0.0062174955005116555,0.03297988818128831,0.04959383973207823,0.08934196088516512,0.06526498783362848,0.09571866610073504,0.05352158952085497,0.0555334611600399,0.029471263173552125,0.01240359769430256,0.002081634607018823,-0.007253169455579715,-0.013121853100633183,-0.02855710695826589,-0.016327349656741777,-0.03266117813777443,-0.003931427470869587,-0.01966769941399339,0.004478203753710097,-0.0015882348908627707,0.002088624458210907,0.0013216492144819127
naca0006,0.006009661333799319,0.015421462742859557,0.02522846159513017,0.03249611019420723,0.033834079006888965,0.03140006749405983,0.025078689219721985,0.018967155509967585,0.011648038396174381,0.0056845813746681665,0.0014720073707696144,-0.006022302954519185,-0.015392231780124726,-0.025304096298119538,-0.032357192698835316,-0.034019307892593866,-0.031217753771004084,-0.025210615551220422,-0.01889955665759644,-0.011671135885083683,-0.0056798723306955385,-0.0014726244481974794
DOA5,0.018535898364627885,0.034462090822423304,0.10583879443787197,0.0118673439921468,0.23978255574396073,-0.05393536335068839,0.23870716953459975,0.012908596906743853,0.07993359787313532,0.02354704805700437,0.010294672270912946,-0.005278246497095482,-0.04516414952883611,-0.0013442435333079956,-0.11821687199235062,0.029897584045471756,-0.18496074849056673,0.008003662579498303,-0.07995079860830993,0.03781327595204641,-0.0014539540531129,0.0017842264756370142
MH30,0.005734404808684145,0.024772883966929348,0.04140932957549733,0.0641686853645845,0.05111572342564739,0.07534908458147532,0.03636706666666408,0.05144030511566007,0.01873365200689394,0.010055243154467475,0.0014903372130267464,-0.003916275943548292,-0.015325542726413345,-0.02348575096740021,-0.030242491306594035,-0.021308980817691284,-0.024917593775710577,-0.0117273444457599,-0.009780766409375275,-0.002905622381951059,-0.001108721906587037,-0.00020045947233468487
GrummanK3,0.023437310333468714,0.021671448180345738,0.11658974004768474,-0.030878560221471646,0.2522740358249033,-0.08247143894551476,0.23935343290730277,0.009968389184049783,0.08884708146800985,0.02369452055556421,0.012537949738337257,-0.025591997974395347,-0.05849682634298457,-0.06979960067292926,-0.1320236954984417,-0.020829666524350504,-0.1942438900901346,-0.009906758837040014,-0.014223194684718875,-0.014477234570618435,0.012191509270101878,-0.002139240624463648
E1098,0.0072977846450869984,0.04673468644862597,0.053980069635639644,0.17240379420311286,0.041043886049038907,0.23429804880061975,0.11519636961854321,0.07569945733143027,0.04604269354763781,0.02555670145443515,0.00552407046403393,-0.008874237580634962,-0.021725370512556522,-0.03756183811952586,-0.08952959936078327,0.010803747783709001,-0.2085620201943041,0.05020224255019726,-0.04515071778913583,0.010493329730162348,0.005058811855708916,0.0031489619735191976
goe417a,0.011029669829207398,0.015162202393753191,0.07202378397100016,0.05404377460163585,0.06003264941202026,0.14481576621583622,0.0035758010523563085,0.09465746620700695,0.033668844160118415,0.021643611544653125,0.005302109777618214,-0.005589199158229465,-0.05751129260319298,0.13143238047332095,-0.10909894245978426,0.17803363527281035,0.00872225765844342,0.012457838555800365,0.07702673652635895,-0.01274634394566001,-0.00610163741422485,-0.002320818765861824
ds19,0.008570457182456245,0.024983741469391012,0.05147374955046721,0.059295185972920515,0.08184684395174491,0.051021631550590384,0.06474006269050248,0.037687460298746166,0.02224828596677722,0.013122728334109145,0.0025393915819448007,-0.008799416573681686,-0.017099815864747916,-0.02492755028748592,-0.027482156474733233,-0.030608974933031136,-0.013178563117611314,-0.022189116921947437,-9.325759672462373e-05,-0.00043812505762748843,0.002846587917068305,0.0006586042548161398
HS3412B,0.011613542254973373,0.04096881977997047,0.07525262896439525,0.11051498459204277,0.09987603093458275,0.1145962452510392,0.04885820699383293,0.048687258311434556,0.02390478469599365,0.011327769633862174,0.002499363474255573,-0.004902967950872223,-0.021439724198664366,-0.021166070673591834,-0.029492146792414638,-0.020502171904609654,-0.02412273396715866,-0.04575106451532495,-0.030748371846359222,-0.023380427880128236,-0.012193271009906952,-0.0032748314842740863
S833,0.008979735115577378,0.031769518402834006,0.06433839338958904,0.08278618676126474,0.11066876303713057,0.0942321306831072,0.11946721272177152,0.08334924581768693,0.056019408394920436,0.03825552287424385,0.0037563950784262417,-0.011578975378440591,-0.043999415876680256,-0.07176042539841694,-0.10256277362606805,-0.10138955134480801,-0.07248293793234017,-0.09250786954860526,-0.01853345668991914,0.0021180407118553757,0.008843625351602638,0.0034809588006065313
N654221,0.02163858950349909,0.02872129817565781,0.08293639535021272,0.10311031082230379,0.08814946688519877,0.19231583009028128,0.09415849240894673,0.07308492578746055,0.04012104062308385,0.011689591315483661,0.0029838520537834342,-0.00921012337668453,-0.043029426896783685,-0.023493245708924835,-0.16485344218845935,0.028083667696700038,-0.24878859312364524,-0.02362975520942707,-0.06705957121873196,-0.02116456099151472,-0.0009335452296313944,0.00016373264017866793
RONCZ1082,0.010247615758519029,0.045372104577269534,0.054621243204696815,0.17774078630452952,-0.0029263882570499306,0.3274878396740662,-0.007683062944949598,0.12683426770839518,0.02553069572390144,0.02600751274646156,0.006364478795048748,-0.013630117727317677,-0.014947117397223705,-0.07462896161891365,0.016656922960171988,-0.16863230091538936,0.0627814627616992,-0.152716261630163,-0.017129400268775,-0.016119339940848434,-0.0022545828390252397,0.0015701722680766515
N63618New,0.025888700108492927,0.02965589184475965,0.11217843714878574,0.06490723463294003,0.18210948420717338,0.1197117651814675,0.11859324178119822,0.07867440981806703,0.0404940406005109,0.02132359855483006,0.005436797529114931,-0.0011786163556826302,-0.04047029432564465,-0.017350374261602207,-0.1062475318585545,-0.0144790039236245,-0.12829763986567116,-0.006789013329626349,-0.018054562327722932,0.0030835342681518165,0.012431271155987546,0.00397074483881614
E604,0.011731539891210691,0.04512503893948867,0.07115886409369539,0.14063620713445982,0.09236373589247082,0.1955605602030032,0.10695439473955186,0.101989697673204,0.04273328633628497,0.030843091036586046,0.00583231270489568,-0.007145784410655847,-0.023910308155749377,-0.04123089697053371,-0.05548467065473824,-0.07457555664026862,-0.033042044709538726,-0.1433020605957732,0.03633636818104219,-0.02006186202393335,0.013205765656271493,0.003023114275847696
S1210,0.011627730365090641,0.04953691635279537,0.09666026960125963,0.0815815751162289,0.19375934572299333,0.09666145879852625,0.11370643035842305,0.08625339500679426,0.058769401472965194,0.03674647840638869,0.016805911077393796,-0.011847191197938324,-0.013113650684481285,-0.022399577287817368,-0.03384918164924263,-0.011754455104048279,0.07501805526219184,0.00450427149193986,0.08995457251769515,0.031446774694272504,0.03889075729258958,0.011954119307879516
HS208,0.0059190112038539095,0.027614510480114426,0.039802985523576445,0.0751581867014632,0.07846397369957474,0.04520413087389438,0.04629521215123615,0.02063390904205381,0.01649236585553281,0.002048862037170096,0.0005157256292507878,-0.006337322326219606,-0.009462398135513589,-0.017341899506008403,-0.01378983285543186,-0.03478642638584473,-0.00910944361326013,-0.027308956446297,-0.019434581657194618,-0.011992136880556621,-0.008467100685295449,-0.002311978816535131
sd7037,0.008610754568669752,0.031005742181232497,0.05997613283060029,0.0777550823218227,0.08216870001896384,0.08675925202762542,0.06235154392593612,0.05494186095813104,0.03364472926048519,0.012892100476022055,0.002493896136041455,-0.00804912989861097,-0.014503895991244487,-0.027340348146384332,-0.017237275659898067,-0.025996483812576642,-0.005370483827665682,-0.01263944470671507,0.002380217642733213,0.00214017233492014,0.0032159173212851244,0.0013248894595537478
cr001sm,0.007557064001664545,0.026152068080816656,0.05889194987099248,0.06356885204541436,0.0927811689072228,0.07696576236259671,0.07534426907291547,0.055601242880089746,0.03794971774235092,0.018668546986915297,0.0062525758941180875,-0.008445820681733414,-0.010262817007640328,-0.012149993997942997,-0.011015391139267363,0.0027557777534325608,0.00866100801188948,0.01692373731460568,0.015859725790008054,0.013446108691408387,0.0059033590103074,0.0011387410740726824
lrn1007,0.004771068195656618,0.030302765163625567,0.06540687800706282,0.05779227692657042,0.16234790156804443,0.016957841106468877,0.17466172460037804,0.07220566277301918,0.02330779011678956,0.01916783647751364,0.003243994039029757,-0.0006580145908380206,0.005923585399314704,0.022809356225717777,0.022384320444036397,0.021549221101874374,0.009458275168350839,0.03977520452823368,0.026917654007395438,0.012501057250568088,0.006826430096833856,0.0015652533863116632
e214,0.0071296338967544925,0.03554596145021746,0.0519265923264899,0.11003808207497073,0.06527706836585839,0.15828478898639292,0.04224092399791188,0.10114801687251293,0.03422550944613878,0.030218301554549094,0.006640827885086074,-0.007060674383694465,-0.018764661888539366,-0.018469302876971763,-0.04561900871451853,0.018845758062191163,-0.0734137345539636,0.03559026868464598,-0.0014836950003738047,0.015193651098802417,0.010497564599149443,0.003951055743889285
DP-1.89-7.83,0.007422577728517405,0.030285906969672816,0.045179079294451634,0.08012130148291283,0.039391298248587434,0.08643943819941394,0.023922229354675396,0.0390195966184535,0.0167257959682707,0.009153280975222456,0.00223331034674427,-0.004924731156244946,-0.01679662126348783,-0.01935441064649349,-0.0343430926783594,-0.011295946335206426,-0.02133505523166909,-0.01094414698588777,-0.0010441291866369335,0.0028755757329928747,0.003692145256271063,0.00168361942674099
DAE51,0.009355684501227483,0.027465284394616884,0.06316957809960769,0.07042584555670299,0.11508079994806993,0.07291298144716939,0.10644305754818655,0.04970604306614843,0.040555604581295694,0.013010599201967052,0.006144960736013349,-0.010170027634325932,-0.013821145705062673,-0.0232237877000117,-0.007988041220792214,-0.027724461277526743,0.019092110843117457,-0.01897846799053425,0.02399237371897616,-0.00234991571677506,0.007115682570429345,-0.0016257441111954187
MS10317,0.018887744620039042,0.04876959183327355,0.10356147547876327,0.048530790348169865,0.17462418934525967,0.02754120593054386,0.18623591992866803,0.01699587020147429,0.06278973801377102,0.012960634927589317,0.008740289608402802,-0.013651247095294961,-0.03344070680195483,-0.05922733858081571,-0.04729590989930742,-0.1287494079357041,0.02338585066665718,-0.21202117050400252,0.06704337577431715,-0.05912527435013325,0.02100109808946254,-0.011437291203158808
AG45,0.006954393483405085,0.02622732014474508,0.04563097061592432,0.05413001084733583,0.06579567881027854,0.03007098022506602,0.06793657308294672,-0.009716713532161914,0.031393826503996275,0.0030814426621720518,0.0035299834294902923,-0.006288541135673754,-0.011812058053633697,-0.02276667142411287,-0.01179377443182892,-0.021541875432909027,0.0008853004037973103,-0.01740603147050453,0.003342461088580017,-0.0050726021470854634,0.0016408287675425367,-0.0010065911485669285
S1010,0.006064544821099205,0.020843894343115232,0.034770673488062315,0.027534476487884645,0.03372324371513664,0.03222181216097546,0.015317598731710803,0.03628336291484237,0.003684681910903372,0.006982177854713525,0.0004474394350584582,-0.006070528279881017,-0.020770523825711193,-0.03502282481062527,-0.02693136365377086,-0.034807718326961896,-0.03076752700425989,-0.016687580042186498,-0.035444220278198185,-0.003952294125734446,-0.006948075636159629,-0.0004508909970498199
AS6099,0.010821898814671922,0.04167232524276794,0.06270570466562661,0.10921934490885385,0.1013419151558689,0.12150111808728385,0.09559123430520532,0.08451337084465424,0.04974057731845778,0.03226277367420109,0.006160990333915125,-0.01427118346977378,-0.007924815409312114,-0.001237041236454168,-0.031311350214730416,0.20632093685936165,-0.0633209640766819,0.24302648100561214,0.011985982436119869,0.07445009871491257,0.024486983890335587,0.006389908224224494
SA7038,0.0060897179113572125,0.034586765590020406,0.05224407840635172,0.09260602603832802,0.06966643305297322,0.10103075261222051,0.0574907403917925,0.06063705433091062,0.03209044228690138,0.013801289547007635,0.002383958329366843,-0.008786945838329382,-0.011730857788877187,-0.02985876376935793,-0.009346977211945679,-0.03182321277693959,0.0037035665789937823,-0.013349662517957783,0.007022417614292626,0.0018947354108558362,0.0033865894196722017,0.0016393842709576788
ag43d,0.007155876306296705,0.027643615357733253,0.045115508475542125,0.06114037692163256,0.051899099332048435,0.06056078331914175,0.03920999523690731,0.026267535266248383,0.021557532815894575,0.0073966222107654436,0.0032729306201962904,-0.0064057424147869945,-0.011502619536536082,-0.025709368130382586,-0.0026781561272426553,-0.04404367749191138,0.04359297397924596,-0.05236889644053144,0.04686897201556956,-0.010529751973440428,0.006064964120446025,-0.0007911136998708437
RONCZ1080,0.01127325026332341,0.04771459929031985,0.05453411768127244,0.17523561034779403,0.009180715867235519,0.28349976734754667,0.054526545063300784,0.08731835086854846,0.036419879000817564,0.020418517746349382,0.005780416621750051,-0.013260710113543768,-0.013819299021061642,-0.07575897807073975,0.022735854801111843,-0.18137788120518222,0.07993688502587065,-0.1725654047649933,-0.007886240099347663,-0.020103834115354685,-0.0033857715232784554,0.0010743076121232308
CJ3209,0.004760573275890109,0.008502633122410456,0.09016041882218248,-0.011242669318748061,0.23612568950266544,-0.13015901169888489,0.2202199779840809,-0.07115269674661259,0.025287093954697037,0.004765645593443744,0.0017854330752776503,-0.006619754058306327,-0.019732119329238556,-0.008285852001362644,-0.07941473410417536,0.025300380602845635,-0.05538536915264294,-0.01722570415387032,-0.0057320054561710255,-0.03180739060080616,-0.008718388513339583,-0.002879657056570832
SD6060,0.0059651397387185355,0.028234871924257426,0.046969697776814846,0.0821365965241549,0.0560743999807197,0.10586393465728478,0.050068391457632734,0.04969037220747169,0.022276935410124096,0.008632748876326524,0.001218168498871302,-0.006558566881924946,-0.01640455096278304,-0.03307528488072484,-0.02700137459370815,-0.04793534727946783,-0.02255981657429157,-0.04395316879987451,-0.0154679722728166,-0.013035525953148067,-0.0029214466411152493,-5.361324527714251e-05
HQ3512,0.010876330113638082,0.03872511293381057,0.05927179997972578,0.11128823887817005,0.0830268605897942,0.1146840508112516,0.09229403696841616,0.07173082431541662,0.03601554723296592,0.019244147548138184,0.0035236202147882734,-0.00880759304376964,-0.01450031002435951,-0.030040549050287656,-0.02151161201296011,-0.04297604889043686,-0.012378472428880318,-0.04630943212204409,0.02802184404213611,-0.0017161803563719021,0.008159204551528593,0.0018097153573062492
sd7034,0.010645909096617596,0.03689484690999959,0.06561465665964786,0.10155919970657219,0.09203809643604491,0.10763924155168646,0.07810149080349457,0.05638087979924553,0.0287458839754347,0.011026081425315156,0.0020114876265986867,-0.009538732084958637,-0.018555603097637992,-0.028802693337162,-0.013338026811082612,-0.026641287842302613,-0.0013947593341163413,-0.0058525789669373034,0.005505886148927214,0.003155395180568985,0.003421819193949096,0.0012257998262732894
MID455,0.011738322099070022,0.04661750783396947,0.07896265688082424,0.1261503953343195,0.07340148029712937,0.08837864415829055,0.06624940604190624,0.022979048525348395,0.015893127824414984,0.000552433194098923,4.5392339276057815e-06,-0.012822172910791648,-0.028303351781309966,-0.045536282194380176,-0.05163851248419345,-0.09110580482286736,-0.036061771623906703,-0.058388789589000414,-0.033912870762502594,-0.01713711659711801,-0.008789564413404026,-0.002248579969554567
E203,0.007557340350717431,0.03288857468239081,0.05509650969579893,0.10186546350246974,0.06681718290404415,0.1677556336320637,0.0322787541673155,0.08528865258541563,0.024082376850442434,0.023486493445795918,0.003077635958199159,-0.008595077229494805,-0.019846772523925138,-0.05340589614434798,-0.022328020561456843,-0.09211350877719648,-0.027541460097437902,-0.0212679264787042,-0.014014565509916437,-0.00048010614624560276,0.00019524348462699744,0.001461743819886157
Merganser,0.0033557540708768637,0.01738947722169057,0.044974675684332305,0.08011807170502495,0.07722782514061538,0.09747185468613195,0.081063707426183,0.10958435041069459,0.059651576798538816,0.03919601541052301,0.009688224174297454,-0.003399121733610344,-0.0014896258569963882,0.015987396628090254,0.03301044518846516,0.07139895904421957,0.05127960395940499,0.08198366563559238,0.07364361955988846,0.0695802611138599,0.03775755195238485,0.010120995756754795
S8025,0.009425547994290375,0.02555942801867208,0.04227240853195061,0.0584459134705221,0.045788420240277496,0.034017968089090425,0.03309828274662419,0.012982482516324412,0.0092057381337633,0.004231777961875369,0.0012187391963802787,-0.007122146765812145,-0.019393757249117058,-0.03220317361651649,-0.04586378331615942,-0.03580245317232872,-0.030168894533670287,-0.030808086796032946,-0.01154351250631664,-0.00817474855102259,-0.003621466389300667,-0.0010451810095711415
Sipkill,0.010654210246512082,0.028995664070038958,0.05044662754443417,0.07464455219595577,0.07430980620534942,0.06981203918086301,0.06315447999892224,0.032391151421789166,0.019848818920265503,0.008474872887155432,0.00223584075780437,-0.006695521993262551,-0.01792728498773077,-0.02854123857957232,-0.03321058081998178,-0.03402991157475458,-0.03516554057260571,-0.032639643995706735,-0.02877977806204012,-0.01739634633291292,-0.008313400690168822,-0.0020827424889334418
DAI1238,0.012837798670753225,0.03830514945132141,0.08491258236875884,0.09253599196880843,0.1496397460073888,0.09632529295680968,0.13115484487665346,0.08930050427455666,0.030767299715092157,0.017787773750024487,0.0036087524041866345,-0.013838852052091651,-0.0195073005669452,-0.028166433349062464,-0.018786820909790457,-0.02003268367713261,-0.00025131457033164366,0.0034361510821660332,0.011978635133534407,0.015774077057927063,0.00731141692291873,0.0020232607033300173
RONCZ1046,0.011826542922851988,0.05424152030027487,0.06773513425996873,0.20715643132018757,0.029188989270984386,0.3774779687509944,0.02644071249088522,0.12676546821018875,0.04123913610271662,0.028688659639648912,0.003270186924801775,-0.012763473887135073,-0.01589140382085685,-0.04030387293696587,-0.014356211663875731,-0.04601915892725076,-0.014208649551657248,-0.022850914905493312,-0.002268438646147901,-0.005579552553604019,-0.002194362286055298,0.0014454626681672626
hs179,0.0073549974324070054,0.028153285442276615,0.041799088133127396,0.07333029380587279,0.05984439043163336,0.071205644069827,0.057633475578726064,0.0442392947006395,0.025188540763916963,0.013576332417756107,0.0034571248491826285,-0.004757079365418973,-0.020357349208861685,-0.01848356571854782,-0.04889298375438879,-0.008063236682203321,-0.04915394652108191,-0.013762124268158664,-0.020834985723801335,0.005887086188586507,-0.0015582225353364268,-0.0004586588114589684
S809,0.008656849046846054,0.03681494905390529,0.03955210933388836,0.15845665771408762,-0.029865541283475572,0.2977762910301902,-0.0059381234947196914,0.0744549684723455,0.03267131015912088,0.01872001998323102,0.002149172992241339,-0.006055303875811213,-0.02557657303386199,-0.031249362939914774,-0.15937201986373017,0.051484443492487805,-0.42145572214709326,0.13619583807585875,-0.1210199598436084,0.01571267469727686,-0.003434885810553328,0.0023445607993521343
ag42d,0.007124523633834918,0.026364322999366432,0.04896239565543614,0.05908670364931141,0.07244878980275218,0.05308822581700349,0.05370433883068024,0.03159237963795714,0.023866756689740472,0.008885722749173042,0.0035235577747623377,-0.006793323532212803,-0.012108173321379881,-0.030208084610636506,-0.0015752761340876971,-0.05277419405442996,0.04685199771806476,-0.06314706525998794,0.04815563400709307,-0.013750669643987551,0.005409522648614316,-0.0011774524198899258
RZ,0.009285359443493107,0.027233946321023893,0.06938432495558933,0.028942466093306956,0.21059678044681335,-0.10584710346704615,0.35613207502241656,-0.12764892561084917,0.07610058685120662,-0.014467712955087628,0.006823345045148741,-0.009124766835552125,-0.015894913299436212,-0.023812555253419965,-0.030710668486650432,-0.030642820449714916,-0.03301661150675148,-0.039166791227850536,-0.02535764624839554,-0.03522852436054667,-0.01437691015121629,-0.006688046390741311
S7075,0.00743489184735505,0.036332621553185666,0.03665218320572087,0.1074051008238533,0.031716845057655214,0.13734534819992875,0.0235453173618756,0.08590347905183233,0.028988858966856896,0.016207829453215968,0.0034587967905776043,-0.00951342069465588,-0.01319965021965987,-0.029422364548795488,-0.017967204358305032,-0.01739468573467825,-0.027643265707766405,0.021945981649524385,-0.032448716868679645,0.021558782357412765,0.0017718730042526963,0.0016330994809835185
HQW2511,0.010598604417063045,0.02945379390060461,0.06018502179248414,0.07663595382421166,0.09098178844615032,0.08147874195500251,0.087013763893496,0.05437117895879861,0.03595835038560978,0.018000939030818466,0.004632742918807437,-0.00867323681271097,-0.01649778948468801,-0.032108708924261875,-0.029447794447373308,-0.043567884637470335,-0.017325025259266096,-0.050273953225396184,0.010426903006978995,-0.006293785078730577,0.004537529804946356,0.0016447581017307643
naca0018,0.018185017185170117,0.045668189331443815,0.07788118596602178,0.09177807717087799,0.11249203783760106,0.07823910283384683,0.09291289420763409,0.042303412114362345,0.04514330860034163,0.01399653236466161,0.008563254259033449,-0.01817293423519306,-0.0457051239276168,-0.0777608729406995,-0.09207118658165152,-0.11195539034393114,-0.07896882738264499,-0.0921787207682432,-0.04285803760518728,-0.044835668387883165,-0.014110212894875693,-0.008542076692012868
DAE41,0.01448214918338015,0.032731854152535024,0.07370430645823328,0.07189227269116236,0.12372362656448316,0.07049909607749412,0.1061877120514956,0.04378506590415999,0.03101732905743332,0.009691019416049336,0.002542942365245141,-0.011526472281466823,-0.020593958568686004,-0.033399758135703325,-0.03287798196195314,-0.035816316713640474,-0.025733908077711753,-0.01850559277177537,-0.009380936296805609,-0.003716413468323689,-0.00020933527429480006,0.0005245244856302901
N654421,0.02662501318987239,0.024682335806964183,0.104531498155066,0.08845400741293306,0.12255551357559664,0.18914679540378365,0.11000751903727263,0.08646674673173092,0.04610670426361876,0.017744439556053104,0.004509942791566566,-0.006207482046890007,-0.04198699619747079,-0.014353606088614643,-0.16037820341026962,0.04298221379638107,-0.23892816643373624,-0.012199725539467859,-0.05364876019228825,-0.014783705037881482,0.004913630566376728,0.0016665219313249688
TL55,0.008603151089312483,0.03132122112016441,0.05151979966906682,0.07911361134376915,0.06893195401278263,0.07423699955281705,0.04750740376572757,0.03557174778659601,0.0167147011122129,0.0061847049654623395,0.000308869414827442,-0.006625294695661794,-0.023466430786415037,-0.029747347409511564,-0.037450990491825334,-0.024893153205865208,-0.02973448139286897,-0.01530429230907646,-0.01651967530580407,-0.00886672277247169,-0.006335935226173737,-0.003085940701833192
S823,0.008749713351962365,0.03805350384821695,0.06650816942570738,0.11204584639349009,0.09059474913254566,0.17668066175238523,0.04076079670555152,0.11615758461539602,0.021973269888847298,0.033664197346390076,0.005238181737689321,-0.01328409352000704,-0.016676345697042974,-0.26058238890771024,0.044026417319843185,-0.3036802085935156,0.05513135829196224,-0.12353548054425811,0.026444292737450643,-0.009014964134470192,0.01276481063105597,0.0035946237871495564
S822,0.008132828499820262,0.03565481789213298,0.05078348716873083,0.10543590491315565,0.06948492813743043,0.13925465388918729,0.07995587539303439,0.10794648585789479,0.024662763999633554,0.025557707829963215,0.002921002556023915,-0.007055711285270744,-0.031424303030719226,-0.04757007639062298,-0.08156517930520628,-0.05743886531423792,-0.08685157401515026,-0.04667796443114273,-0.04965695324642117,-0.009541330298319058,-0.0022827467367202,0.001605064548408616
HQ208,0.005390532237442744,0.0301351519806291,0.020711124182326877,0.11457624580878227,-0.020048768617271093,0.15107047020568173,-0.0022108702675171818,0.07776769068854578,0.009133511733851254,0.014914296983131436,0.0019970320133355043,-0.003238127155440298,-0.015311235565515703,-0.01236827066161212,-0.03454014007176916,-0.002272307104446139,-0.0485809296422387,-0.0016890827433207786,-0.007192566780122325,0.007678365297570933,0.0006897370561965329,0.0010129079703888068
LA203a,0.019599714477468565,0.04169524482889402,0.09278705615969862,0.094871575672803,0.1942556140782741,0.08686780621511146,0.21216537029392918,0.0288630012227404,0.07168076895073852,0.019576492275813574,0.010977785617883535,-0.017616075510477294,-0.05530889741408042,0.016643272333075693,-0.12452827541126237,0.10109748067639508,-0.15755746281946806,0.06401179861439678,-0.021979394827505685,0.028548367598905548,0.012791391926453781,0.008721146577781847
N644221,0.022830322953572454,0.0324465069115052,0.09888554697877225,0.07189754581085914,0.14970583765694498,0.15065198627183968,0.0880972212425474,0.0692260860417748,0.03183328197639776,0.01109142924050448,0.0026151962014684246,-0.010187376829350036,-0.045371515254976486,-0.03789726290735535,-0.1474952449029866,0.0017767163989766436,-0.2570969528540177,0.025051809005150378,-0.08612341230346501,-0.0051629425634219205,-0.002152258117381262,0.0008251894012765167
DS21,0.00884466305386654,0.024700792731244835,0.05115346937552122,0.058641240934977176,0.07455646746342218,0.0596844729562026,0.05525969217978303,0.03900356133811412,0.020172139564896534,0.012327094237376787,0.0023026305604560275,-0.008939841535003448,-0.017963319836837927,-0.026665668417431468,-0.030225116187074002,-0.034402678678459454,-0.010827086945138568,-0.03186860260366016,6.87318911175702e-05,-0.0029676298454681034,0.001969255374672301,0.0003762992494806806
TL54,0.011705313587494853,0.031589528440882746,0.0571656070743894,0.08425036570359222,0.09053060852479632,0.06332120456938847,0.07028865519817025,0.03604437950257445,0.020371849106184024,0.0067851186196900256,0.0015781670549060221,-0.00770410307870003,-0.020819262156345254,-0.030730947192983388,-0.03611176320069121,-0.018584370000299104,-0.02911069195089296,-0.015841559524316557,-0.009986368960374203,-0.008694887937316941,-0.006168253508427527,-0.0018639139872547864
SD7032,0.008384429595866124,0.037308713324116484,0.058060064334109804,0.10292361700695936,0.07820136116660348,0.10908072810929577,0.06487201587696766,0.06598740760415074,0.03375200346044646,0.014807233806422331,0.0028094406880395293,-0.008276897681139091,-0.013338731552544891,-0.026253116602262636,-0.016677356646911053,-0.018543817617425875,-0.010641681870128565,-0.0014286500988444177,0.003189604556283043,0.00823406553157295,0.005905083643375595,0.0019179061844681166
FX03182,0.009267566621354051,0.04543964245710097,0.038404588835894156,0.17203768873144368,0.005853601422575077,0.25674805393133515,0.07145087476944688,0.09564357090998285,0.04425478535370821,0.023283543056295406,0.0067964180991535094,-0.0006734235547838822,-0.036132193073912286,0.0022353171501111597,-0.146960112393587,0.06679738463341854,-0.21179204667140844,-0.006914204493980207,-0.029111981895080533,2.5123332923213076e-05,0.007274019051115089,0.00478166547684962
MH62,0.00957932641163731,0.02610369229322051,0.04771520935312831,0.07598953849374278,0.07056941998747522,0.05029263265106528,0.07155355637185414,0.02127238840518296,0.011944894784318932,0.0015681487950795722,0.0003045406217284041,-0.006350719090836072,-0.017477530576281805,-0.02898792097598034,-0.043389608820496535,-0.030788804806841194,-0.025008013406708735,-0.025011174728797603,-0.009863205614728171,-0.008581732044147737,-0.004932022235060753,-0.0014928860502897313
DAE31,0.013621481682855282,0.03749875689767436,0.09606224947355187,0.0820725910755504,0.1782603032746839,0.08453638924623538,0.1556607563550868,0.09132641108007142,0.03821721421621034,0.01999688082209567,0.0041084363733283336,-0.017689969445281752,-0.01417168044963474,-0.026406346030416673,0.011022780694325681,-0.011741677565559138,0.03551401167437491,0.02188407867789843,0.0267697188903446,0.016311544100042027,0.008323089975074154,0.002149124573885555
AH79-100b,0.01043002135182566,0.03039122577110682,0.0718705768234829,0.0882359689896848,0.14727824957555186,0.08612477105154001,0.15411226880214932,0.062044150019676725,0.058657932964628255,0.028898327553762173,0.010711495005987486,-0.006661597549137986,-0.019990999726480548,0.00486338871519391,-0.030271339097204208,0.04406716572679622,-0.03777116154977046,0.07674016618999985,0.018800382781300574,0.03819794348366315,0.021293407114633386,0.007234780130332502
S4083,0.005299860682450125,0.03189831011094908,0.05413157977805984,0.08104201567816807,0.10104224923522126,0.050927062670336296,0.0712686991714296,0.036360545102809096,0.03346211755249268,0.01570264610750885,0.007663173915475647,-0.007979249064126288,-0.010203458433954865,-0.021844588499433257,-0.00236983777874599,-0.01958363277204021,0.019825056419691473,-0.01116793887081576,0.027787414904046345,0.001499925052928748,0.004601088925864354,0.0005614363971688909
N633018,0.00935859798733767,0.042497823829169924,0.050934195915298096,0.10425661673622864,0.08055466304116872,0.1364069770032928,0.057347289426746856,0.04915885460385161,0.01944190980774379,0.0037116637073056975,0.0011217349958430932,-0.0093679687130803,-0.042456285424020725,-0.05110143068932619,-0.10380961857364578,-0.08138067060175003,-0.13535218200366794,-0.05826752473508001,-0.04858887443773665,-0.01968537305701232,-0.003655773114886351,-0.0011292367962552562
FX05191,0.013382996071617472,0.03730446874969192,0.06725058198667802,0.11162783685754434,0.09959511789332791,0.2019329510661903,0.053205218106051354,0.1572970686234354,0.02855828413409595,0.026418540456762157,0.007884729900763337,-0.011635749213730347,-0.02710929487458472,-0.04077412655281712,-0.07819162350916524,-0.03766006243897072,-0.1603564333871635,0.02108276678065791,-0.12590828184235625,0.038077732761984714,-0.0015786029147700862,0.007643745088512716
MileyM06,0.007286337938014752,0.045665678721900894,0.03769496150778276,0.2495430430150076,-0.14610772420524779,0.5249605264506731,-0.2134442076109177,0.15233821789573854,-0.01352523174027015,0.010673611165426282,0.0015419353789602455,-0.0066658863607765625,-0.007243143655158701,-0.021568506751095576,-0.0032261913943230414,-0.027977085015000763,0.0015403714048839083,-0.018845736877636597,-0.00205534376261693,-0.007717909978847862,-0.003054696846317746,-0.0025672831015964583
LA2573A,0.019437131789738937,0.032921550998201744,0.11032091813063123,0.011724794482714256,0.30250106863947035,-0.06000631353882222,0.11710853209146661,-0.002521985938298856,0.017597212141065886,0.0005920351955111659,0.0007434482190390645,-0.016922415234233074,-0.048983900232600124,0.0037958847421324876,-0.10660991370736177,0.05696695353923215,-0.13529622961796914,0.039243278790257935,-0.07394852937304658,-0.01445213741757206,-0.007821346389345328,-0.001867004335884241
SC20518,0.021534445807414704,0.05477930370339301,0.06347329898004252,0.10770128772318031,0.06218834143459922,0.13670327870876114,0.06667409284825042,0.08519808542926029,0.02972183029162517,0.0250121790806665,0.002258564520314565,-0.021372724902599543,-0.054754134227922094,-0.06715045202440424,-0.08996108411373008,-0.11042373715950882,-0.05024320068682506,-0.1968716403143245,0.07214224144802646,-0.06831309954128252,0.03862780631674772,-0.016253406599962553
RG8,0.006886066432932493,0.03057991173429325,0.04930692120153304,0.08578714039814217,0.06408706620517127,0.10343945881283143,0.04703061347183402,0.07229172651530986,0.025863621702258786,0.024422155315724222,0.005137417313077747,-0.006567676946244775,-0.02277599048806708,-0.025620646874959224,-0.06278318752329066,0.00813789402563777,-0.09700988909594968,0.014958374826759267,-0.016637213584609803,0.006228170549253539,0.0044000448088443445,0.002520121151938645
AG24,0.0059639443895760725,0.026910178267175743,0.048029120484868064,0.06737144607816979,0.07191558506773965,0.06289251706027932,0.0591714174266955,0.03817419827617768,0.02519526396498916,0.011002328390404513,0.0030327686663618905,-0.00656352945748731,-0.014748035600610209,-0.02952943365505575,-0.02217951917731453,-0.03571308990576889,-0.003930888865888659,-0.017356986625768525,0.005981868647519777,-0.0012885748901557154,0.005258432476752819,-0.0007940060865574033
AH79-100c,0.010026023906748246,0.03032020433590849,0.07816774489377849,0.09018512473932024,0.136590339036405,0.10691504089104675,0.14062773873150133,0.09200156974209309,0.05809905680310639,0.043579307330932876,0.008436067764813673,-0.007832986201953576,-0.019690914408843168,-0.006245349921882063,-0.017228695116620032,0.020704303799371434,0.02566555564240843,0.018536275118108018,0.03871352645340606,0.02094168551333988,0.018196698082225092,0.005703321008307573
naca634_418,0.02583715853233339,0.024267915502671617,0.11625264674090081,0.034122859680579765,0.20407106037701658,0.06874986804929839,0.14475893206504864,0.0479344696916996,0.04665052196835744,0.013001360938416877,0.005919605371844933,-0.00582469783639754,-0.04050405068590386,-0.027393194960849236,-0.1134776696444472,-0.014189402205268844,-0.16294635248821146,0.007438694939744993,-0.059090170726479284,0.009382406285522666,0.00029702152472988087,0.004848498043090775
ag26,0.00588199947453246,0.02825352355719276,0.04104417893298494,0.07254242636774154,0.04832938064037066,0.07658559550818825,0.04093051521652907,0.039812074566146397,0.02074653911634172,0.010496509216411681,0.00297147425238494,-0.0060860690989621696,-0.012087752136982469,-0.02471867760357086,-0.003488507369915877,-0.03584773257004564,0.02563685458127496,-0.017783679238563947,0.021278640033860704,-0.0019033836017028126,0.005978524820851195,-0.0009633530205070597
AH79-100a,0.009784050843309825,0.025053911653964117,0.0670485707085313,0.054455017124925814,0.1237165527947128,0.06165824494356753,0.0911404711266126,0.06029449204392711,0.03285778909621683,0.017865989969460164,0.0042487401250270685,-0.00796302198251279,-0.019161498369443874,-0.026754591649795816,-0.028282363458767456,-0.032271356509243315,-0.016011562612436747,0.015946876860618242,0.014716319494858191,0.012684029525083044,0.009246289260746441,0.0011350196257254737
HD48,0.007616563369016007,0.025308999189214646,0.05005925508209763,0.06638524507266239,0.06866845606029914,0.07558823660582288,0.05244488235675419,0.049222762853257315,0.021621380701450286,0.014558340539642847,0.002702340646103838,-0.006721344131344153,-0.014587551422767138,-0.024796510387525353,-0.018169329302569454,-0.02313010493960568,-0.006520899631002009,-0.007451822838067117,-0.004944827981053214,-0.0026952190455500373,-0.0029081685302256577,0.0006044650328059199
S7012,0.0060808781497397844,0.02467422925201739,0.05275763183449548,0.0573333848358445,0.08984032905520101,0.055342119347704465,0.057844954171262605,0.035136734833847896,0.023514160573831468,0.010768748950788215,0.0031884330167678463,-0.006802207438157175,-0.012797310407928546,-0.03292627792245922,-0.01134934784155991,-0.05723286008966446,0.021102330875784756,-0.06188577246211795,0.021408898976000176,-0.005843810681368758,0.004833159518047401,0.0015164840509138942
N633218,0.018171185842065576,0.032190964706896814,0.0843416099155594,0.06711854404731869,0.1494743399010462,0.09618890221247493,0.10066189666941712,0.04903686236084601,0.02885076603421773,0.00943809908249886,0.002370396054219782,-0.008804069824383502,-0.038191649096765284,-0.04513013936908649,-0.09871514486865579,-0.06311622537639079,-0.13116648189111843,-0.04128086937251836,-0.038831424201840305,-0.01151679646987237,0.0014623241932944409,0.0007511554476840216
GU255118,0.01127976884130359,0.04996629323385057,0.07285170222678818,0.2057959675939073,0.05462487562465228,0.32935414997861767,0.14431807629545235,0.10326005829094782,0.06181368057727086,0.028922744133506702,0.007437088322075865,-0.007635013653991226,-0.030353214129217612,-0.00672210028073254,-0.07679112071021149,0.030708649079906458,-0.10578611934706235,0.03023025095905219,-0.04180702042213846,0.0007354598275962894,-0.009757074426799562,-0.0015203441616453831
HS308,0.008964554282582539,0.02268354491860803,0.06650249569185866,0.047869836645786715,0.14498429012683012,0.012614123614791448,0.06284821962015033,0.02988804538837054,0.01737819514131554,0.008930832641699695,0.0022488370698385044,-0.0024039136199147907,-0.024222788802547912,0.02306369059762126,-0.07073372251314071,0.08609319159128044,-0.11177824884363853,0.05207891437939359,-0.055590080840791915,0.0035655318215541717,-0.01348161922868635,-0.002253431181560757
SD7080,0.007592702901929865,0.03092531079048031,0.054088382441096795,0.07888602355926964,0.07067320809277289,0.08309564224273203,0.05542060512334186,0.05154392593236733,0.03128769793147685,0.011712541135410448,0.0021794501765921483,-0.007631172725223499,-0.01554933932862654,-0.028925842363133735,-0.02081371604853172,-0.03129117692004018,-0.012369789612579033,-0.01805979149256769,-0.0018875365280599586,-0.001141566684933443,0.0015841459294392317,0.0009746022840566906
eJ1,0.0060459862433345085,0.02494103479653745,0.05614618482069387,0.1361607903178931,-0.03829939681826414,0.3021657934468589,-0.11219881297408855,0.17233658706525,0.0002797248448350681,0.02533385363255955,0.006795244133625699,-0.006326071384330217,-0.02698697418855998,0.003207959247999786,-0.13183258700481185,0.07606395364988107,-0.18239852042810004,0.07366131941868033,-0.09366430745728302,0.010284724858604436,-0.01476564205515888,-0.0030847271264386423
Phoenix,0.009255897182158185,0.026207984634416957,0.04967691708853128,0.08873062121889935,0.08540398755938612,0.05207641717268605,0.05491682890159054,0.02035280801478315,0.01408192484848371,0.006088441776833271,0.0017297631765197533,-0.003460631246925813,-0.009371087947644225,-0.01203660197881235,-0.008815474902540069,-0.008080563507535481,-0.02903176301181457,-0.009268990292911219,-0.020533113162268184,-0.014070079888241133,-0.009305809083355198,-0.002547997744047656
AG37,0.006803210419741229,0.0235569738656215,0.05468219033231295,0.04306714618472246,0.10884586265213453,0.007347538289857758,0.09469337682629701,0.004707804131918073,0.03699323910064714,0.008770002963154434,0.0036607249297704804,-0.012465458736995406,-0.009181566931095491,-0.04060028749400873,0.01461462727588725,-0.07963498238100669,0.06052872758441204,-0.08407834896318694,0.04116383561738039,-0.0343028598035649,0.005926021314334375,-0.008870052508439282
HS522,0.009059622289843161,0.0287530381957053,0.05909723491858333,0.05940402985699072,0.08891323062079878,0.05028570914551836,0.06032078501790042,0.020736695276016917,0.015429322228715781,0.004274019817610508,0.00048511192005903757,-0.00857898624946417,-0.012551922598975558,-0.02647271786518739,-0.014074370627250794,-0.040656711958838083,-0.009951945793792362,-0.028784989999361375,-0.007463796634691101,-0.010389628588907183,-0.004333710087729204,-0.0017054395997765318
FX2,0.01455810309822041,0.025184074962895722,0.09941949179107037,0.04678657975278206,0.1927035350164221,0.10519607040044002,0.11902955699484596,0.20394186901120417,0.0339102752706007,0.03196345844246368,0.0084970136875315,-0.004366635326057435,-0.03587870988615921,-0.03162670341516177,-0.07206446298993731,-0.11687579169145873,0.020309042018169656,-0.2482074698850619,0.07255196714030158,-0.031598059896281776,0.010608939632787688,0.002774570121981202
FX66196,0.011982919455854245,0.033899536210701624,0.08347072365301789,0.13052811088434155,0.08888243796283335,0.294664449999876,0.011928369790290274,0.13148892543110555,0.028341297871609092,0.02255962633338589,0.005905288489390133,-0.006622077247989487,-0.02698679261811947,-0.027112073213502914,-0.10121814409441507,0.028514777312588484,-0.22073299578181568,0.08218883810830005,-0.06214978796617565,0.01423148289063812,0.0034877745438684276,0.002525593559909973
AS5045,0.009755945363783443,0.03757821286551867,0.06040282937978133,0.07624622556575192,0.13304240704603024,-0.0036559889040711463,0.23366386639821646,-0.06725706014504128,0.06625159363693074,0.004885667926369114,0.009361650963905805,-0.01198127580748309,-0.01346717084874266,-0.05983060834139768,-0.022856279795836102,-0.1502695550363973,0.06098979634790703,-0.24889775136349365,0.1119183220327605,-0.057860307405762194,0.014338911178515634,-0.0026796892778175167
N66021,0.017978308143322946,0.02658881554054697,0.08023484434110581,0.04114138973297162,0.20726415194638412,-0.03772499508060617,0.279341949240493,0.001850747854903388,0.0639290204173279,0.0044050588716012746,0.002378827456152276,-0.01804044601090468,-0.026416002217603506,-0.08078223761219495,-0.039813744524313646,-0.20971776783854065,0.04112444311311092,-0.2826879199828905,0.0002528885168168241,-0.06475053817718288,-0.004187763784435332,-0.002437890329289457
ag45c,0.007899724556093916,0.026820833413288017,0.05267798142346268,0.0570992545319448,0.07897720030992095,0.04973027983455163,0.05494564728867897,0.029115620917150104,0.02355402976541729,0.00889824069775453,0.0030401431372713123,-0.005813241491369191,-0.012226783679592425,-0.021411845112939466,-0.010235626660462533,-0.01996985416172611,0.022314634014581333,-0.0412131508938662,0.055354329371490776,-0.01804710146024524,0.00972706210601236,-0.0017083952135284076
EH29,0.00597919462069416,0.022313166059980925,0.04615690859678238,0.060333854031747076,0.06670618091645268,0.05461792356724931,0.03833720967558938,0.028420089265049225,0.012460865834904664,0.006575261538679501,0.0007252444841477269,-0.005983484047089409,-0.018489895879267745,-0.03141805119147092,-0.034904186505280335,-0.037909994687532596,-0.03962922549447415,-0.0330554561172076,-0.027485309741992855,-0.01223205330367191,-0.006615959673306643,-0.0007209937535854006
HQ308,0.006678557176975518,0.02880274207315375,0.043995016219160556,0.08272947040581245,0.05096284181938062,0.09817621649179024,0.05741707050940585,0.059958535253817044,0.02775635112140653,0.015549300144068037,0.0032222333411295913,-0.002498517198352034,-0.013604757455752433,-0.004168913802804166,-0.025640171716604893,0.007019967033806708,-0.03860741320624965,0.010348346755392679,0.0023262612981366157,0.015302251324285955,0.003866840765438021,0.0017823560373478133
N633618,0.026411980840885314,0.028101168483181133,0.1161612160722095,0.05790486052838328,0.19098735645290124,0.11149250301211476,0.12426111764730825,0.07582174903704328,0.04144886681478196,0.021198786830749234,0.005423150422861504,-0.0013725905214311978,-0.04006701497715561,-0.018180291307950708,-0.10483379541950255,-0.016402802802885277,-0.12628703993808593,-0.008456167969252215,-0.016886352554849833,0.002359847859923557,0.012825711165729949,0.0038177079431332786
FX6617182,0.01048323118086505,0.03861301638754976,0.06873293522510097,0.15147558760720198,0.05834732554910912,0.3204207326844638,-0.04944555017574665,0.15275189855487986,0.006923072006012337,0.029601637371277797,0.004840608430580475,-0.005249310675435505,-0.031688387825060595,0.00046803207121579965,-0.15236920963101955,0.11981585256701972,-0.2794746003685723,0.10045401691584727,-0.05856423755075203,0.013991644684296029,-0.0005426835838670317,-0.001573395009967891
PKMB500,0.0025848003747901077,0.033412253064302996,0.043725732199705415,0.08585048715511122,0.07665162849055648,0.08114357273058186,0.07569641987644231,0.04745733055515767,0.037830709970758096,0.01805851897005234,0.00642563310373663,-0.005478035725081628,-0.015541869486744185,-0.020690434866492847,-0.024752749399726468,-0.011349323190579623,-0.010470764600141333,-0.0035916615585553403,0.014707446361580556,0.0011350066849042059,0.010169351602639529,0.0014160998811385014
HS130,0.008939108345353454,0.031550981513912384,0.050541100127745375,0.07662335685948378,0.07073428726278218,0.06718209246674255,0.05858052171698625,0.02817901507872256,0.016530993776859283,0.003317780186596405,0.00023963024626617448,-0.007011071387345215,-0.016892462251788108,-0.029984863895309584,-0.02959164744858535,-0.03976994157150069,-0.024103574394465168,-0.038524731277465765,-0.02126235835800179,-0.019306573562005096,-0.009660349531600486,-0.0030523590817047677
EH1917,0.00466878206812042,0.017683134606630888,0.037893866184627985,0.048992671289053755,0.05600430528623903,0.04363474137541155,0.030389222728713094,0.022438443283364248,0.009537012012127115,0.0051821527544729275,0.0005512587659061747,-0.004642359142690833,-0.013861523180941079,-0.023259439207827224,-0.02332509976871172,-0.027259451433027986,-0.02959024736034359,-0.0227094686350772,-0.023559568084912996,-0.008359977206600592,-0.005471761117280307,-0.0004921978809721986
SM701,0.011000945781650971,0.047321182925594056,0.08629587307768052,0.107979063411844,0.1370492803339959,0.07438573906209166,0.17355565768577497,0.04412822718565847,0.06296591042452021,0.029024399992343426,0.004793962433750102,-0.010755144268291208,-0.02486893979035579,-0.029831293145256826,-0.07839280774864231,0.012307022449656334,-0.1483009023806712,0.011431019353313424,-0.023796694284068835,0.0062840518408748556,0.009300421038015679,0.004503768682580908
rg15,0.005917602185761688,0.027434935153992916,0.042309949507660836,0.07332046945648525,0.05624926102670556,0.08342962592802258,0.0415626491463634,0.05423429222983294,0.02089606517092896,0.016899837079668627,0.003435983235709271,-0.005730460152892732,-0.017779670941602994,-0.02569059304435055,-0.031052015466711404,-0.03529074715071984,-0.011165724802970971,-0.04915493901515638,0.007051760400866583,-0.005975252701404122,0.0026180070750145357,0.0012209220370922647
S5010,0.011355807836404986,0.03132503393694923,0.05541883427291925,0.08802332733601465,0.08030084040705461,0.06564869577732761,0.06629307402443099,0.01672549759572616,0.008704987491746736,0.000884059483761751,0.00021626476933069464,-0.006287086086560899,-0.01675732447172512,-0.025859991974795004,-0.027649503565871862,-0.02856117256177587,-0.03387613872377945,-0.015166580660405889,-0.01778039761021004,-0.010684167041998508,-0.006086032224901357,-0.001597778883873281
HS520,0.010987919806725258,0.030152017402900053,0.052437381432565704,0.07973892546893853,0.0742388823593558,0.06298445520493975,0.055310079000280885,0.016708386299761478,0.008499671202052137,0.001693111884418406,0.00042028529144179003,-0.005570902715927576,-0.014827442095814538,-0.022354331634279072,-0.022525924141982328,-0.02278602614684147,-0.03101619671077369,-0.01217258148091319,-0.01509906169933208,-0.008734040044711785,-0.005021977589802358,-0.0013119000503294467
RG14A147,0.006852733735963504,0.02004451387021718,0.04111148266880081,0.047380257379817596,0.059426665687471736,0.050281211666782226,0.04332825584441458,0.03498567100589345,0.017528330201529604,0.012008605335516112,0.0023949737579620754,-0.0028170764399329767,-0.01517432096478183,-0.015276497766929938,-0.03382429590409479,-0.006516055796134919,-0.04289302618882072,0.006866736404613777,-0.03543650403920833,0.0036660023914747617,-0.002888428049230649,0.0007726998355080102
ag35,0.004859486334703386,0.028296066971450786,0.05050720180202133,0.07028230922230813,0.0680051391319427,0.09158380596208016,0.022814007099610924,0.06367531253097011,0.013691448151574328,0.012989153224596628,0.0018282674311867221,-0.012190530283565123,-0.013056012754420233,-0.03991831837866361,0.0012337453731982755,-0.0722182904691816,0.04720512817504158,-0.07649736124518926,0.033347186128322444,-0.03098252143597007,0.0044676974886105275,-0.007622974990933454
DAE21,0.013845280111893968,0.04072913834494377,0.08551909460124797,0.10240670597951439,0.16377626260169356,0.09232237218818089,0.1851662994061385,0.04542302287895259,0.044199117947406365,0.012991868799528669,0.003812628381485687,-0.015257295947268145,-0.014289944378672929,-0.022246464604434413,0.0013320779253942249,-0.008470967263710837,0.020592292667960515,0.01939179956806382,0.020295509195718067,0.014255381942793258,0.006997257015740103,0.001862176067957997
