AG38,0.1370766114550162,0.1672479324580547,0.10196079997762914,0.2294211091471266,0.01177652182202188,0.2547230426206558,0.046485425218933375,0.25426822938879473,-0.08437301175658309,-0.0205968136012802,-0.06484418082741909,-0.011286814344306412,-0.020011562013163814,-0.06681153742062174,0.025480066895628026,-0.09327151212017742,0.0031930025231511425
EMX07,0.08820943248928098,0.24579985880952543,0.16068246453194251,0.22497513204363215,0.0643979644644726,0.1914825562199236,0.022110544874973104,0.11383230616344049,-0.15228232115495965,-0.0494624278122322,-0.07801810116448196,-0.08656236733403863,-0.028021438613682576,-0.1843392290956293,-0.029827353486912477,-0.20558287901281735,0.0725712007672259
ag10,0.03658828780040236,0.11231138653778973,0.0688885693073227,0.1301514982049791,0.0220973898543376,0.1612227757539415,0.01168103695309227,0.15545359850883297,-0.17534658370896275,0.00410340730284835,-0.06228181916496027,0.06316729111265046,-0.04115157214144485,-0.006792132543340126,0.02034361697853651,-0.04788473680268003,0.0840970316342731
N634421,0.22628926833718302,0.28935687619702394,0.3288371101847724,0.36845193341279403,0.3003267304966265,0.3245248054984935,0.2299141303758066,0.19724868720741384,-0.22066385440127617,-0.26475973305426975,-0.1531826532928882,-0.3499475552532449,-0.10471523897747356,-0.18105573665085684,-0.08600847370356504,0.1112630097377588,0.04379273884413566
SG6040,0.19704803019353367,0.2602993424827784,0.25675575180181914,0.30896836657984905,0.23708143628684347,0.3302304754489336,0.22584212855506805,0.31040516540934937,-0.16723449173497656,-0.1529840132915971,-0.13219784534670967,-0.1474465321582367,-0.2150168400367664,-0.007887960348020202,-0.1012966392312763,0.08475330944744983,0.012485491297604396
DU84-132,0.15760865124356466,0.2609767928937096,0.2232829924565439,0.2845642883701766,0.23700667708538817,0.2972497114606112,0.24290371412466644,0.3117400419598604,-0.1871944944909389,-0.08774658469002536,-0.15493973440151187,-0.06977440337397207,0.00045559366763583866,-0.3377125002604443,0.2250373397747188,0.05334973175061034,0.04825268592244026
EH210,0.1169403130719736,0.25323579742978775,0.1261549898817975,0.23532402413955295,0.0967161796411918,0.14761311350383982,0.0999446359927798,0.0751699550508272,-0.12634949471560106,-0.0711301993492,-0.07773952803703635,-0.07967710228790233,-0.10268969206157173,-0.09823356664282608,-0.11241519360484915,-0.07200074953605091,0.021633288405048103
FX61184,0.13883839929950278,0.30256019379793764,0.24857847294667626,0.40168470170365284,0.24291423569009032,0.46456797710273656,0.09981819074999893,0.39155084523618816,-0.19668956578786362,-0.19059225345101555,-0.17291544021769356,-0.09613228002369895,-0.419040580466703,0.18940148472800172,-0.16570163854123438,0.2558871045213838,0.08383274745742098
S4061,0.12149147355281997,0.22046261249955865,0.21726475116884594,0.21940467421024737,0.23675992234829743,0.23426891233884903,0.18658778561608066,0.12672725619440253,-0.1451594839673281,-0.06483266508670976,-0.02346521037255762,-0.005199364484002858,-0.00010170808715336686,4.3619651702492146e-05,-7.457914655705912e-06,1.6474244952309682e-06,0.04887260166907855
Aquila,27.365810050283926,6.118149574749054,0.6437888480693722,0.25786383484878694,0.1687160834488868,0.23432276353788475,0.16807951296853335,0.17197681101756865,27.1131749063111,5.882233572706432,0.3660884655563671,0.05062896810020343,-0.08822329396109443,0.03704429901253543,-0.030831334378103627,-0.003907538516419075,-27.192567586498196
N663418,0.1721186363034303,0.18886993116025033,0.37433513512238975,0.10811102746608538,0.5192968745555583,0.3022634738391008,0.35830787688704685,0.22960197938863855,-0.17542800468518463,-0.12390390019752123,-0.2506067522877341,-0.024800939357066,-0.3758732254257083,-0.13633369295508113,-0.2143472585430234,0.08083836923997165,0.03442537736303167
dd928416,0.11751291448007146,0.18238179951574343,0.10780378218098949,0.19368487156492942,0.11180315982321132,0.15962210395737347,0.14080074661192754,0.12843324381915822,-0.09830323866795261,-0.0789682601191141,-0.05903470631639145,-0.08226684378263081,-0.03845588242457968,-0.08458605249509624,-0.07379613121702555,0.007805654519517653,0.007265534587536452
marske7,0.14893632996553316,0.21208397557854036,0.2259677662022659,0.1534082763306379,0.4161052798150544,0.21395081643761954,0.011576468505782853,0.08221090009113287,-0.1073744731587413,-0.04828277383883676,-0.11164991719207092,-0.044904624850239216,-0.12023865028799208,-0.09307640247632726,-0.1452298999794681,-0.24658210546563397,0.008190864512215942
N63618,0.17914217927752585,0.266228629804633,0.307283823605533,0.3698014590689941,0.27436894150665336,0.3593438526014194,0.23587420322114447,0.2727436961468807,-0.21365827311261704,-0.1957997106757955,-0.11365497369444907,-0.24170012930581775,-0.07607397758011625,-0.08501546528390995,-0.04674585962441235,0.1948861627652196,0.07453011248395225
HS510,0.15365393358546617,0.2300183911637716,0.10831870828350566,0.24467368345085017,0.08882742244321065,0.1417811801940996,0.05271524960366011,0.002612061138632848,-0.0918831333053631,-0.016365462832949474,-0.12218147723223068,0.021089791657610574,-0.11179779421240095,-0.017645996564961092,-0.059748440273428655,-0.07957802489484596,-0.0011249935545902207
ma409,0.2026174265114665,0.2628610063789438,0.035814773556292714,0.2731029937691062,0.13307689990575983,0.09892411659369185,0.3006835651732693,0.13836749857961878,0.01260687867423022,0.0064076028796139165,-0.01524665411997283,-0.053667537108596945,0.1725866084043776,-0.1626366963638582,0.18840009736121346,-0.06627509116072258,-0.1251302512748344
DAI1335,0.20152218464668162,0.3374371856864571,0.28220077128403054,0.3967000763542411,0.38487127558046497,0.2516371997960223,0.22393444920469208,0.17454523541607184,-0.18790886532150458,-0.0088964375954444,-0.11875811509536197,0.05885722474506756,-0.06526803516016366,0.05461337969242683,0.036175140648788934,0.06555353554228761,0.04127988824646929
SG6041,0.14055902870468295,0.187224614984912,0.1406923709836023,0.23558344963823402,0.13117963053860107,0.255723265495784,0.1861861810332617,0.20148070320788658,-0.12965932068884256,-0.056592453001403954,-0.12096512154103023,-0.010593270583704356,-0.15752865042158698,-0.038676074555135644,-0.057893614177830156,-0.0020682682352036173,0.02778674013276577
DAE11,0.20204953326840253,0.3502279800272172,0.2879490407651048,0.33339459553889655,0.46755613617794933,0.2667216027837316,0.23813470467263825,0.17709603699677415,-0.12366341905355299,0.02558308001356943,-0.07792219783724129,0.07734387097378312,-0.007980349841951296,0.06995876799317402,0.05885332153490624,0.08405770192657815,0.013261221632362517
SG6043,0.19909112355807884,0.26414792074141397,0.2095292873507162,0.3438544202113217,0.19637837132975516,0.4282099966637982,0.2202945195361943,0.4530878638784911,-0.11784181143502896,0.04570539916407945,-0.09466190236457565,0.12790136779044387,-0.094694250937446,0.1790420167738315,0.018107634926151913,0.227851342983143,0.004909119160933812
clarky,0.1481861930015473,0.3222148732247785,0.1220239358713091,0.35166902836187514,0.16449372519618555,0.29972178872759137,0.20988838093490747,0.267565171156341,-0.17211576199619796,-0.030690299223682462,-0.1489596649440381,0.04695995067529691,-0.12828697682205198,-0.005991782701728103,-0.047219996592516744,-0.052324640673633044,0.01444619993498287
RAE2822,0.12338569892871282,0.12860505178512482,0.17542675718965908,0.12431376051814758,0.23578580472515362,0.16798580520957143,0.19852741730837392,0.20619222357990216,-0.13186668555587325,-0.15002598900084216,-0.10687208265720456,-0.2614152738625283,-0.08757746344598938,-0.11280475722445447,-0.0534137723963714,0.06111234542440457,0.004326898236048027
EH159,0.10691003210586812,0.21360913831806294,0.10850455641216379,0.19937763354859275,0.08665906104108048,0.12780326244903822,0.09090829977866066,0.06586492944006266,-0.10978982011372689,-0.07657577614204916,-0.07230450270673525,-0.08269315548656637,-0.09125817314572184,-0.09057714479974355,-0.10040184993115688,-0.06356285763118485,0.014092922643539774
AS5048,0.17520872528312953,0.27747865888585327,0.19540080796948572,0.3221302933389614,0.2481511104010888,0.40085447312643885,-0.01984911709245112,0.5168251446573999,-0.17854829265355265,-0.17501176233817023,-0.29387688828172553,0.03767940115114627,-0.6261813611390599,0.11565292643249139,-0.2291491781755664,-0.09839652587756438,0.04020819622083566
ag46c,0.1629967000790963,0.16409791616593664,0.10490280756537838,0.16438820300250362,0.09646545838201155,0.1457334036356888,0.10814460016758441,0.11902183678370108,-0.043202823284109765,-0.011734536900608257,-0.042593192447076815,0.04191311264820419,-0.08536144446121334,0.11013037185369715,0.0040830440295522045,0.0274478419261233,-0.029548869034213766
DAI1336,0.23477634315137796,0.33272459554154843,0.2766366188307298,0.3585207177844632,0.3654026200103314,0.29732782860545387,0.22749942778405688,0.1726438700125003,-0.15387712004784665,-0.0005954098301719917,-0.11972602863585145,0.06016897019516999,-0.06648751832765562,0.055024963134111066,0.03593183948492776,0.06544393574667184,0.006293948094425252
Dragonfly,0.12418591684985297,0.38627500575539164,0.15582068496570475,0.5048506979012777,-0.00306156609055507,0.5670776982784593,-0.015473942843562504,0.4960516894831163,-0.1633756331784729,0.030982287306772903,0.20885784010536476,-0.09496301239780279,0.40614787504850547,-0.2690907362794124,0.41975655836465137,-0.2543604268987933,0.05270306782760077
SD7062,0.2721511694053764,0.3338815971485151,0.24037404685973052,0.31693491995550593,0.24625262928901717,0.25519331223879443,0.23274141162934817,0.1919453378373998,-0.13661477788024087,-0.05640360061178456,-0.13653260774334222,-0.004847044033323699,-0.10576556901030557,0.024148942276162814,-0.03419785197211914,0.07355986406365221,-0.011518468270893444
SG6042,0.19615932374241268,0.22896682395128035,0.17884462453229816,0.2883732115055855,0.16455635157855064,0.3453273477821707,0.2022148174614299,0.32606360746337265,-0.09810589670659908,-0.0008458299427875996,-0.10836783105404,0.06764940333703044,-0.14231513898593326,0.0870127294907794,-0.027062459012723555,0.11602789858093997,-0.007826868879789959
MH45,0.13141044628143944,0.19692344740793502,0.16431629254485752,0.15446991947124164,0.1649304338880941,0.14423964586397667,0.06714608034893992,0.0061842383144091505,-0.12494129970868978,-0.11783421514548496,-0.07938111180994975,-0.0677753154608654,-0.07228496327545947,-0.06238823248612107,-0.038633880032952594,-0.08358421083103393,0.02493992807775941
S6062,-0.043848048142406025,0.1409648136109392,0.09822403086535596,0.19285784198128517,0.10851172352847509,0.15118046363801801,0.13493826414859703,0.07216810879618323,-0.24260318470018416,-0.10768172817246878,-0.05974505058605734,-0.06441788703739788,-0.04636506612084481,-0.05469588659127302,-0.043083998469734215,0.0023071382212151085,0.15699448203248767
FX63-120,0.16259727304331736,0.23701614052671888,0.28709462585228185,0.2798061055343636,0.26608657939682845,0.36998974729285206,0.18403334012573416,0.41477396358612156,-0.16792102204240786,-0.03862831364145739,-0.12676678019155727,0.09002723405023856,-0.11121982940644291,0.19421428213009106,0.05487449772215223,0.3428002030563673,0.07520033027821069
Teal,0.02437157447131378,0.08354952552045458,0.11689643137740305,0.13144310356393366,0.13370338501777854,0.1383676865982052,0.16401020597953533,0.23933882658598643,-0.0331037171705347,0.02432910222558701,0.04052705809929038,0.04566845319487606,0.053995063913642956,0.06529997607141991,0.06832920045458285,0.04041917474197945,0.0212551858871302
HM10011,0.13438013903538173,0.20416462688706483,0.11861786431830075,0.21398581860579738,0.10814559890718185,0.17363995145935784,0.13320349286239375,0.1067845635056984,-0.12788047889475856,-0.12500724649598957,-0.07174309190489866,-0.11070948413152774,-0.05579422311136038,-0.07821311770388856,-0.054042369346180646,-0.024555923200458785,0.01657141476512737
FX02196,0.18189710292768485,0.32724057434512316,0.235614975315995,0.58884643295362,0.15601948786846756,0.429305914582991,0.22400032937460795,0.24626708518673407,-0.18909088991815107,-0.18962870464921297,-0.09291823645301096,-0.3170531456728281,-0.05382513974102771,-0.046753657903415624,-0.07174645340820386,0.15781711960312883,0.06545045050896559
ag47c,0.11516491791246666,0.10836670059929743,0.11383035123340002,0.10711906243584343,0.1118575004025331,0.10221722769032802,0.10479352143680026,0.09737495975630395,-0.07912921867510947,-0.0076444583070037625,-0.05592348014507562,0.059851195520729185,-0.09375275201386876,0.11689390295850866,-0.001464365318629022,0.023912066020872935,0.009154422469432346
SD7003-85-88,0.19708334457987817,0.19842637487772988,0.10713614476202787,0.18219119072018103,0.09387426630643604,0.14428706073434025,0.09753416423715815,0.12265295125231819,-0.06873643689603601,-0.058410843481538376,-0.0932411042302522,-0.026964416407791892,-0.09412221044141938,-0.01278993310103767,-0.046971522140489726,0.03387920948580559,-0.04699462650393863
S6063,0.09271087409025655,0.13739858064548685,0.1255292317949807,0.11830812724039956,0.124879946502341,0.12880333156490184,0.11041456365333614,0.07167422127124441,-0.095347895042718,-0.06684461002238248,-0.054351133706731045,-0.04770287569997686,-0.04291872065568318,-0.03755179586159776,-0.02688221951320148,6.547144976172435e-06,0.014163485202309712
AG03,0.09960585220067644,0.16020961563411293,0.08894199937489802,0.18335252685292225,0.06402212681521158,0.16249117907746147,0.07798242119226012,0.1301037696128301,-0.10280603565622087,-0.04076108498135292,-0.0066419189120235644,-0.05819748563860187,0.023762786456789323,-0.05894197239457136,0.011641062427134913,-0.03945090896823645,0.036047957622248
N663218,0.18242092553433883,0.17160484013227587,0.3509017903827803,0.07509545958269376,0.49792322870301087,0.2503118667322784,0.32663844716289586,0.150682233314478,-0.1664245433400041,-0.13498922703306554,-0.2878853445876248,-0.03813573742029367,-0.41682117759839443,-0.175579983506471,-0.25062647503295393,0.0036753999250314843,0.008325433298508137
bw3,0.08443054203656487,0.1415384893506085,0.21499853116600923,0.27512238328495425,-0.022592095720972857,0.6496049193212078,-0.25154661227250896,0.7171758222975039,-0.2083825229542242,0.06184281354557385,0.2658083209669939,-0.2964736340471602,0.7021467740504753,-0.4797104388845487,0.555979693098008,-0.24701540817365739,0.0822747951108219
hn1033a,0.169604259386511,0.19524544190317206,0.1010028543252616,0.20869935049747423,0.10393686822289651,0.1883499740382269,0.14356062727290966,0.1776956998008966,-0.037452013829295,-0.031946292318384764,-0.0663879394417015,-0.0059231392496193235,-0.06544386027380722,0.009166684324043625,-0.017726254486314905,0.04771171110322544,-0.04873932109772442
FX63-137,0.17408216791755196,0.27298672437315175,0.30172435356287125,0.36942554085653956,0.24339746060030518,0.47410578483421734,0.17437432800334574,0.5078050031480994,-0.207452049852726,-0.05406491121282811,-0.11006242844070427,0.018078875746059635,-0.016848292014455903,0.12863178999567337,0.10043602924390153,0.3985356998195406,0.09973460729192365
FX78188,0.16461542031539828,0.25450262441202437,0.3104947522462097,0.20723831610908197,0.4888116129105837,0.3683024497236188,0.2302347776801481,0.20644469901450802,-0.1553611754160608,-0.15229257945350452,-0.1833858829298652,-0.17248396179870584,-0.1882021853899156,-0.34379485032748947,-0.03381089158433209,-0.04496616817550035,0.013563339799854975
UA79187,0.18389344851646539,0.38116228822321807,0.11702971739303487,0.6777756377796017,-0.14357232328199518,1.0898869775355815,-0.0507947864004067,0.39888176391026187,-0.08220977829298017,-0.14903425257706093,-0.1479896264540294,-0.07640364799541637,-0.34240887284061855,-0.03154117698826102,-0.13622514735695368,0.0731977656535779,-0.013724260365916122
ishii,0.12222733797790537,0.2018052938973714,-0.06569380474257638,0.4286853240373569,-0.29380037485123334,0.5164631184968628,-0.17452591505655554,0.33264073392498145,-0.10081980244348704,-0.11155384553861797,0.007559601694721332,-0.220216899833193,0.38045469286988776,-0.3710323101704263,0.29490667651556074,-0.1885934847580269,0.016548757339439325
LA5055,0.21912615715737446,0.4210883346914059,0.10107121880876473,0.7654560740371702,0.18190634887699406,0.13306955551747154,0.2200202463066815,0.10158411366496634,-0.29061749767629774,0.14452694145794848,-0.37834329714646214,0.28098770834524217,-0.21700644866513621,0.007283482394938453,-0.0015130740151643224,-0.01291769320159547,0.032278286165614616
FX05188,0.1531262249684717,0.26060373544432425,0.2876734444059455,0.3577351459768108,0.27595843444398704,0.49121737369545393,0.13534563006513062,0.3700851138044151,-0.20929932565607606,-0.13496172243461366,-0.2725627251869254,-0.04402182893537456,-0.3661724045536752,-0.07607023377612866,-0.08659429049401046,0.19491135064746987,0.05174253806422192
NLF1015,0.1505688438075602,0.3030499937622704,0.2211567123569078,0.37018444205146306,0.30065194321402666,0.49191288515270915,0.2573668311791886,0.5162606109134632,-0.13378642175964098,-0.08295983450800369,-0.14038575991659036,0.04674162163435445,-0.30488096523587666,0.16329501017002165,-0.10517833110558346,0.30324906966600723,0.02333228535719577
FX61-184,0.13883839929950278,0.30256019379793764,0.24857847294667626,0.40168470170365284,0.24291423569009032,0.46456797710273656,0.09981819074999893,0.39155084523618816,-0.19668956578786362,-0.19059225345101555,-0.17291544021769356,-0.09613228002369895,-0.419040580466703,0.18940148472800172,-0.16570163854123438,0.2558871045213838,0.08383274745742098
E552,0.16823751191443853,0.35161284185648434,0.15436103172557825,0.6027342306432777,-0.03415530654960732,0.4903800032334752,0.0756209668292267,0.32949294840667687,-0.17066571448582638,-0.22507894724938068,-0.07109189165295297,-0.41706565714388166,0.09212830534309727,-0.18915930843815965,0.0024031763543855113,0.08027806733679246,0.043851901702604244
sd7003,0.19708334457987817,0.19842637487772988,0.10713614476202787,0.18219119072018103,0.09387426630643604,0.14428706073434025,0.09753416423715815,0.12265295125231819,-0.06873643689603601,-0.058410843481538376,-0.0932411042302522,-0.026964416407791892,-0.09412221044141938,-0.01278993310103767,-0.046971522140489726,0.03387920948580559,-0.04699462650393863
PKMB803,0.0977821041418172,0.2055521518129141,0.1023839824427168,0.25476460214872426,0.0658941845625464,0.2504831273501323,0.10685153710260369,0.24742490963186772,-0.0902703821663608,-0.0017859147643660108,-0.019494413738221767,0.030764109876753164,-0.012376615951564255,0.05229471907663961,0.024427442203697462,0.11939558977195472,0.027387452938798185
N653618,0.18550426398626085,0.25684759550690234,0.30711181146794553,0.3073610829353611,0.4233925139255436,0.2923003102144625,0.3378531108458543,0.28258355995769513,-0.16193435805436007,-0.14427018977199993,-0.15387522934121559,-0.12094913013793018,-0.2862367582083477,0.026835641013476134,-0.16962120833387634,0.19508043785544915,0.03784343426628197
HQ359,0.10805032336777318,0.2595160447206651,0.09291141592269506,0.30953847284913893,0.14873989775015964,0.27011228314434094,0.21292154948052663,0.21096039835180036,-0.10156802899659512,-0.016018990134516475,-0.06330800246923766,-0.0023011485535094256,-0.051025675677009,0.028290878485024942,0.07833631083210772,0.08560535055103725,0.03873260730154939
N654421a,0.1784050828234208,0.2826448809862472,0.3479789684765512,0.30278973749314775,0.5542642275148921,0.2010244437213142,0.38409418432169373,0.08962571536747414,-0.21049445973072745,-0.2183007081859582,-0.12841819840586374,-0.28566011867270447,-0.19026268026108265,-0.14965076287162024,-0.17465261437698168,-0.002337088800402018,0.06975363870783002
AS6093,0.13948890998227684,0.1833742349054753,0.1487052419860314,0.18666937494076857,0.17215978955141797,0.15155746079516158,0.17177567809615002,0.1737551403867741,-0.07954468823935505,-0.129061355207573,0.2849202289123904,-0.07275458864478543,0.2919678701946013,0.11383589207418143,0.1864654686937067,0.1503668823155306,-0.003501587600824473
AH95-160,0.22132012001886334,0.3178203359782309,0.3391779632868422,0.2684706322090038,0.6432141613310033,0.09643679391718561,0.4379478425378905,0.16601034142229618,-0.16964759232271573,-0.020789521863365076,-0.1448508046638754,0.0057266566965369385,-0.10050079889681138,-0.05523310448804074,0.01844216627292147,-0.0314820483773335,0.010867976587326019
S807,0.192506702546771,0.30789142159488286,0.2928305469291194,0.07629059346068721,0.38967712145804934,0.05403088840071502,0.32175604998313706,0.28813896062157773,-0.1838604242993191,-0.25640238201243504,-0.13977295225359676,-0.4465414094289835,0.004528154643494625,-0.12852313201865104,-0.04832250920423581,0.16827276767723637,0.018246229544561166
FX75193,0.14652329863285624,0.3292870394986636,0.21826207956524843,0.5611023053730028,0.020074986890004018,0.922999898024009,-0.0725050589959553,0.45373735447163155,-0.19037652347118988,-0.1016438965525429,-0.3108244753374905,0.15848100836315065,-0.6344305168113641,0.14939259908320512,-0.07559445680217032,0.16228031025991646,0.039715034052483125
Dragongly,0.16152596586883544,0.4603879170705333,0.23482045263276163,0.6443085690957295,0.4542618593610799,0.22605486600612876,0.3509472613860416,0.262003203714977,-0.19746975735328898,-0.03530591820807583,-0.1646045306370839,0.0007738791566221195,-0.14442097360513206,-0.023249397381505433,-0.05874857261915581,-0.10127234163707202,0.04969285461103802
N643218,0.17705835209687695,0.22059273471078936,0.24199806158639386,0.3331914275288945,0.22420649085923203,0.2588447378143729,0.20049364904812417,0.12197400291366386,-0.20685373195095053,-0.20032327234577965,-0.17950614181737948,-0.2838246781917003,-0.16833180687121943,-0.15878881515014298,-0.1415596730995948,0.03548286368309799,0.03367780718694496
HQ3518,0.254195000562479,0.37328697328834537,0.23509301106985644,0.3637864249120823,0.37418935491204164,0.2839878304797188,0.34707253162385215,0.23956693255569594,-0.17144408185303864,-0.1547502293909822,-0.12017238807172503,-0.1769586966141107,-0.16530592165677255,-0.05706878923310734,-0.02372624889082777,0.04903511559207591,0.005054165071316918
E553,0.1560283144726006,0.3281335189955131,0.20397900981405054,0.4629072957505069,0.1195070062805,0.44689705064571855,0.15149446678614037,0.35104958335560116,-0.18271003674725184,-0.22266308229452042,-0.10586753350822338,-0.3699099629880317,0.08184996497122873,-0.1714157476363342,0.013828870442456998,0.10130762217438882,0.05071731739209521
E551,0.1596083487278947,0.3335322079774827,0.17136936738538924,0.5176574635594332,0.08976998502892396,0.4586768278535817,0.15159977460139976,0.32605349148679397,-0.1686359469979675,-0.2252604702688799,-0.0717519014938858,-0.41975560918939664,0.09249106206467937,-0.19507615269625672,0.002336099444581886,0.06836175240105043,0.0418096667651558
MH114,0.1826221973704851,0.3541218408253029,0.253584887699838,0.4222183177903063,0.26618892307425895,0.4546161703571685,0.2880152449999581,0.4439539622939671,-0.16019932194038303,-0.02517314914756565,-0.06554722933841303,0.07630995634029249,-0.04440123625994915,0.15239346036126686,0.04131813211811693,0.26404780625398905,0.05393011478746653
FX60-126,0.14719793311451565,0.2345767058479018,0.21139964447921802,0.2839011414036589,0.1881087804386887,0.2856921632697179,0.21019512204122498,0.21896719690812574,-0.17164423526562472,-0.15709758161336185,-0.06178171605831285,-0.1319048989889243,0.02657400181331145,0.013731751829123597,0.0723096253642383,0.14933370453603242,0.06823063782403187
S3021,-0.12096036802412329,0.1854925942107635,0.13410599391821984,0.2618880258960077,0.16936353427881531,0.17299098422781709,0.17618457574005486,0.15099936550944296,-0.363223254721488,-0.11027931402448093,-0.06682298148771128,-0.011482323709186698,-0.06712271224018616,0.008202393256241617,-0.05346813554080227,-0.010156127941658356,0.27468106808934495
ag41d,0.10980817541685767,0.19397417122024538,0.09914095613913948,0.23286879703506727,0.0682511949793287,0.22260969019096394,0.10333392419812824,0.15763748459809993,-0.1118806802208399,-0.05580193042067528,-0.051610489116040846,-0.01102765227964935,-0.0446388076090865,0.007876797993064977,0.034945507675859314,-0.007590018107843609,0.023342737999985912
owl,0.08437934194610984,0.11210299241418088,0.16226723750278918,0.2002759602346655,0.2141459410190433,0.21514679784888344,0.24200825065231785,0.3596064739519215,-0.09874730144980215,0.011764647222035648,0.10961927618973943,0.17550874655450258,0.20357337997710276,0.20360974454859412,0.2036426792436451,0.2499914183399018,0.02006289718419531
FX63137,0.17408216791755196,0.27298672437315175,0.30172435356287125,0.36942554085653956,0.24339746060030518,0.47410578483421734,0.17437432800334574,0.5078050031480994,-0.207452049852726,-0.05406491121282811,-0.11006242844070427,0.018078875746059635,-0.016848292014455903,0.12863178999567337,0.10043602924390153,0.3985356998195406,0.09973460729192365
HQ159,0.09958137755923654,0.16723366094138395,0.12225543294292616,0.1872883271607096,0.13810976787797552,0.18203195139404676,0.12906226570012905,0.12219355254286911,-0.1176375058265377,-0.08309716118944856,-0.08885342249718124,-0.06652656005812808,-0.10109025774750116,-0.04252591271419951,-0.009094435277037833,-0.0021960128566906427,0.02954006190357996
mh32,0.10168654763294992,0.20906139509862526,0.10812517856785481,0.25229573049868576,0.1024147954443825,0.21676329843637787,0.17702708125330927,0.12287595476673746,-0.11174285409192197,-0.08062512602180219,-0.04190457092368811,-0.057635440577610046,-0.027126156482087986,-0.03168700592440964,-0.0156183785900361,0.010121510059078088,0.03413536329069986
E554,0.16708335666454763,0.3417421291818909,0.1994348792022748,0.5230510223192163,0.0007000518714224129,0.48043623166870086,0.07347530490950684,0.35663812999695504,-0.18273523002477116,-0.22081995916574915,-0.1062230765938927,-0.36544436877182007,0.08046031823131476,-0.16419493391227183,0.014046980823211786,0.11420393803942758,0.05022459714590941
aquilasm,27.365810050283926,6.118149574749054,0.6437888480693722,0.25786383484878694,0.1687160834488868,0.23432276353788475,0.16807951296853335,0.17197681101756865,27.1131749063111,5.882233572706432,0.3660884655563671,0.05062896810020343,-0.08822329396109443,0.03704429901253543,-0.030831334378103627,-0.003907538516419075,-27.192567586498196
E636,0.18848060262798705,0.30359521400814105,0.23515500290749844,0.20651782902486898,0.17107305688136015,0.15020312427770863,0.09634536541835877,0.10012660732500767,-0.10252502081704264,-0.0313594888172397,-0.10868648925847174,-0.05445553744738915,-0.1086264003339302,-0.10912233101270014,-0.13215245640716836,-0.19236723433183253,0.005803837219055185
ag40d,0.10532459796184405,0.19697592778740414,0.10215332015678145,0.24017279776600414,0.07329485934412559,0.23963647195281776,0.10844745452192141,0.16530792719174356,-0.11840607911111169,-0.06081664944572639,-0.050241297736009306,-0.024849496996006096,-0.03897523360292589,-0.003149692785752712,0.03232819805971736,-0.011439222616743008,0.02661100564453984
e193,0.6395746579581327,0.3558564582258777,0.15837492668475192,0.33607167964231016,0.1577067079612777,0.22748507507656437,0.18500029636481935,0.19405755980119704,0.3940722540745774,0.05610065133569911,-0.05389143723635527,-0.0070303091292622305,-0.05358535155910089,0.015210731502505626,-0.02729308182092774,0.013580582365984651,-0.4898986135801426
HS602,0.13316827062070907,0.2167202577028922,0.1705410429117013,0.22039422643611828,0.20394674389762338,0.18762569587849678,0.20759835046424852,0.19502783095714601,-0.12116926416045498,-0.07451784432101431,-0.08694568532727906,-0.06982188341295922,-0.015253167227431648,0.02889255956096803,0.045889646831663446,0.10802480792974578,0.014709197587421693
N6334221,0.18779846927660399,0.27048158522042753,0.29215158887904613,0.3531613267486565,0.2626572443338628,0.28067306428949046,0.1974116250248272,0.11897757607479134,-0.26147319873458136,-0.2791014989379346,-0.196983488865282,-0.35611950061412245,-0.1520717708717561,-0.21861523893614346,-0.12046372801872508,0.03382366478282612,0.060894016251634486
Seagull,0.09733924353550516,0.32170675059447684,0.17786526623455157,0.35680729346518486,0.18663729396984996,0.336203672657703,0.2964459371387382,0.3762803727284548,-0.10245127176455864,0.119414621098312,0.03923327965015197,0.23322131419445613,0.10013467376486072,0.22495423563957676,0.18213896314732547,0.22969770735900602,0.03757697845111275
SA7035,0.15178876088752533,0.23244992057829814,0.13014700003491858,0.23248055561706252,0.15857184528711235,0.1664226028322201,0.21810010938895924,0.11861608739439981,-0.08185717905685734,-0.06134887717557727,-0.06700235770946988,-0.02004126615794801,-0.08094079011700986,0.020294795272163015,-0.04572599514735626,0.03927995350252109,-0.0035551122429706068
S1223,0.20637320346509166,0.364934662167199,0.332387187354745,0.4620223591491129,0.047482637294505546,0.7216792901697955,0.03151341491865169,0.8897814512140354,-0.22856566041939486,0.0874545995941309,-0.16327223805077265,0.4535157656594673,-0.20800587794637068,0.5643501617628994,0.04075138595648506,0.6818034332132977,0.0887079040689172
FX60177,0.06906431164821099,0.2565880087800965,0.23044314182831863,0.35376310068465094,0.2211731012987826,0.4284743152829011,0.302590284098209,0.46504489395344845,-0.29186270974563705,-0.23340063794236857,-0.14451698971407345,-0.18577013772644632,-0.21006988461706372,-0.17725273610967066,-0.1270283475031706,0.30071482459515014,0.1849356168250176
lnv109a,0.2832605485941703,0.3377230353434934,0.32866000414829627,0.4779862392135034,-0.07490103566801892,0.3352544435760533,0.028588708451973012,0.0879768400794443,-0.25146787275470145,0.1830074249538976,-0.275963256135973,0.2924448171490719,-0.1509250017109778,0.11916407027918265,-0.005748515829249054,0.012939593073940237,-0.014524882574151026
N643418,0.17472345195373787,0.23645294576212378,0.2687149537724816,0.3627934814884881,0.24869373067052739,0.31061776112252093,0.22950421706706137,0.2008977322628304,-0.20642240056021857,-0.19543638122768558,-0.12664664032889464,-0.2963906103227717,-0.09660925720101961,-0.1432383938332799,-0.09511306568742636,0.11041547666314942,0.053619443952610334
DU86-084,0.1047087433140633,0.17873664183350307,0.012899416090617191,0.37890548307289923,-0.22308273545416696,0.5848523652021492,-0.13425182192888388,0.13071345471232965,-0.09159795883079751,-0.10194825802766054,-0.05623287951969109,-0.10133709421330661,-0.08456520714156696,-0.02001546463731187,-0.25619921089293446,0.05780845306335557,0.009182033374954428
N643618,0.244328805875447,0.2684487650341701,0.2918159915815993,0.4035320802592143,0.2596003135343294,0.37213263877571817,0.25421018867455675,0.2813287251354178,-0.13948091037552504,-0.15750983042625638,-0.11565304253438265,-0.2355073160326271,-0.11153535505345372,-0.05871057887916083,-0.08319244960411781,0.19184562484101003,0.0018167815123025953
HD48B,0.12578393991789905,0.20278353594425452,0.13207840002496501,0.21847819999370438,0.13425727730332399,0.2000986332297041,0.1456350519511418,0.17702256351763107,-0.12554906235347743,-0.0707603326750473,-0.07208192053948437,-0.027785955117320463,-0.06473789508210627,-0.0047807222653722765,-0.06100718849748709,-0.027971758847120422,0.021857691853899887
PSU94097,0.04315309402536274,0.24984762622821755,0.11586027340922032,0.3719395138885756,0.10541351127849456,0.40255287333310397,0.09771378735994607,0.3244299417170974,-0.1920929836009176,-0.062153588057973226,-0.03724781888398319,0.0016907994321886243,-0.03638789137351225,0.04057347272287765,0.013264705641458128,0.10694417321949812,0.11855429005906055
AS6096,0.19542473552638231,0.2613411174727723,0.1875206384159512,0.2845147159117761,0.19993680350556034,0.26334923086465734,0.24222565837738874,0.26078501976806956,-0.06857245352637178,0.004233140426882048,0.2908691504156411,-0.012797848881968785,0.4112025795334844,0.1667860255214972,0.283229304062719,0.22607493593135086,-0.011222597467454598
e423,0.22122409300003812,0.3933596569477457,0.33356928044708894,0.5333853567535636,0.36065332598598654,0.46570103498063903,0.35475357807458163,0.607090684401566,-0.2025295346866801,0.030169696620408786,0.04638424675359837,0.230321933077794,0.01282178373567731,0.2940479445966172,0.11811086574356296,0.27300603517469835,0.08006181035923474
e387,0.12364239846852189,0.23937454518471563,0.1416427121554911,0.3266011324586733,0.14541134329313585,0.2131790722617558,0.1692261275289501,0.15538449657599554,-0.10336113241955872,-0.024434309545929442,-0.049482062992360305,0.020892855157408127,-0.03268544308386777,0.035829141828817496,0.00243317276382836,0.05514065419205222,0.02002726750080188
N653218,0.20256626589445162,0.22552271856560474,0.2559797030894746,0.24593553443666583,0.37741329287585873,0.18564423839919775,0.28280620257488553,0.12009260580424742,-0.14285790919852825,-0.1770892589489054,-0.20430030997217824,-0.1827662230936419,-0.33258217329925516,-0.07892758965870286,-0.2267144115323281,0.03901044584411314,-0.013083802860999826
SA7036,0.1369586284552279,0.2319799375550908,0.13737763579767814,0.23504598482919947,0.16862869765363372,0.17087508607208962,0.22959650556375052,0.12625502260048305,-0.10347213636744454,-0.055613215421446933,-0.06964798096279459,-0.005565920857680851,-0.07751208003427618,0.02926161838569357,-0.03767910275527661,0.04819833287685453,0.01596087070298544
naca0006,0.08602488364089211,0.07793349908037743,0.0831657617022944,0.07071705432418439,0.07678462324351253,0.06907898364679499,0.07204934211194756,0.0724284105170804,-0.08599772866447979,-0.07793090874501944,-0.08315228517129661,-0.07074809905588866,-0.07674021931436287,-0.06911417986798728,-0.07203191699099522,-0.07243424559353794,-1.341393681593971e-05
DOA5,0.19337122743807153,0.23105587814687556,0.22228033472061748,0.294276504811651,0.2237152157665909,0.3937214084267342,0.2461757602779628,0.4274433259375134,-0.20481162404467185,-0.12134198684527091,-0.1272519854084993,-0.29660317474191966,-0.0015608756642396142,-0.40089700229209335,0.17782185674803055,0.03441380441541159,0.045120375637080025
MH30,0.10381970017661929,0.17762692790516366,0.09089076116900402,0.2094680384904927,0.08638255668531412,0.18328937170598278,0.15172923657071075,0.10097509779105655,-0.09363048834192873,-0.08809230328101082,-0.03499458825911617,-0.07940922298870973,-0.020495870902548556,-0.05269976834246849,-0.01913813814851814,-0.011876709434960143,0.017103271806896508
GrummanK3,0.28042117538507666,0.1831846562066308,0.23567279580421266,0.22645757952786627,0.22178889281554454,0.3766078893639553,0.26751940124163853,0.47248111180719216,-0.27326519652789555,-0.1776785306141074,-0.2639085347070137,-0.2078350215302978,-0.2592793546838351,-0.023125964804951337,-0.08779318946604549,0.0945215424137583,-0.05122445487117692
E1098,0.24334778397650977,0.36845827248211294,0.2335093590186794,0.3692111802036691,0.4810493632683953,0.24733249582100278,0.3030818547626809,0.305305008318293,-0.0740893751494002,-0.16976805932565253,-0.1008683850785233,-0.27216056265074096,-0.13829872801782642,-0.014522761797463648,-0.07768041236118767,0.1345121561230301,-0.04621418351314185
goe417a,0.10565963494269957,0.241866257710771,0.042459783329714555,0.4024848909864163,0.012653856405003012,0.29761870080395436,0.23288564078534124,0.2683434762472865,-0.17655877574032666,0.4939041958584258,-0.5519190699693104,1.0086594337612513,-0.7399034774641039,0.6958750400916253,-0.11202963035977986,-0.09200524844690491,0.022330465769982922
ds19,0.16259698306642495,0.1932371351967605,0.13597951081110637,0.18493616627224016,0.12735527710987998,0.1812834289908962,0.1281471679271441,0.15716417454963735,-0.08095300525036722,-0.03458715275460491,-0.10889071855688412,0.003957962384338542,-0.08722119201074847,-0.010346284281357095,-0.012291787201915658,0.03989112076308267,-0.023777663570805074
HS3412B,0.15852794104989482,0.30413440109510065,0.18456078958016336,0.3086212754903549,0.15084603415888212,0.1844849086873122,0.16104721439770034,0.13338793487482123,-0.15414467566688636,-0.06655179550586302,-0.061866338076420835,-0.06201337217100618,-0.09776562872817064,-0.1231594984519461,-0.12804824190893646,-0.16257897750675332,0.053392112689173224
S833,0.20037066825203748,0.2637800438179765,0.20493263706626683,0.26011188882230596,0.3285801741319535,0.2407430205683358,0.41447023802110944,0.3832794781671491,-0.18789777709288624,-0.27956808524696514,-0.18330666421415887,-0.24589355943397886,-0.18008998856403347,-0.1938809324026088,-0.031285834704378686,0.15352899841108533,-0.03207957371988632
N654221,0.1949542091119791,0.26097809694904917,0.27616711641318337,0.3093937815277032,0.41042578633769017,0.2173516164809388,0.3120687242597584,0.12397158871325183,-0.19596679250276008,-0.23139192607601394,-0.21900962022487674,-0.25308523662645693,-0.3612128501131808,-0.11229662305962915,-0.25405690412667203,0.034886436732844826,0.019829861817496772
RONCZ1082,0.14972807841731636,0.3539219269269421,0.14257765876754125,0.5754741248066112,0.17757030080056388,0.3927149709181745,0.1953113201248392,0.3214227685454969,-0.1940182282909823,-0.1431457122960225,-0.13133436277269062,-0.1802721658484014,-0.08157142901747162,-0.29785636542010546,-0.08860263418785122,0.012660657809196564,0.051179884056400324
N63618New,0.1772779089590201,0.2672860086907717,0.305375374987017,0.371428020556461,0.2733243219545623,0.3599333627861831,0.23553228007291488,0.2728931196710883,-0.21505080617923492,-0.1953980085754417,-0.11530026705095109,-0.2384371966141741,-0.08087408753527993,-0.08022617731076237,-0.05035215320933166,0.19705452704446136,0.0757278152389479
E604,0.18075064722374234,0.3340400591656538,0.24980195648159778,0.40380065778777113,0.352792863197109,0.3666598393041206,0.29477670750951446,0.3544992182422213,-0.16518107260656353,-0.15674017950807004,-0.17494958159483284,-0.06275678602733856,-0.38568712675628997,0.02809182101671134,-0.12862386830893005,0.17821896722583308,0.03972473297914869
S1210,0.20008352452085512,0.35717845083298844,0.14397184618952824,0.6673366749793483,-0.1596464137638677,0.7520185036968409,-0.009269504974645133,0.6959163136887687,-0.15391126430498445,-0.009260012193875388,-0.17611344894820477,0.36900182126670616,-0.22018962214194635,0.47471128777922683,0.018609582896100194,0.5890151948656359,0.04760877369761059
HS208,0.12047260930201559,0.1897452969457334,0.16058034978552338,0.1393541017415148,0.1221673555887561,0.08875135397760503,0.11892923122809612,0.017394020331835187,-0.0736554707224657,-0.023773899692495205,-0.09636484930168103,-0.010026288899213018,-0.07870583235531146,-0.06889860255024499,-0.06303437055102415,-0.11432109994694978,0.008034088522273374
sd7037,0.9444249909917172,0.40509192825867074,0.15791535928178818,0.23997741548644255,0.17612614115101116,0.17397229038067152,0.24960301181596628,0.1376531445145511,0.6872480691757098,0.12603710836877785,-0.053778410505652914,-0.002651499108875422,-0.055738310378425804,0.014171340513685158,-0.012143800788826974,0.05793008666266661,-0.7820115944691562
cr001sm,0.1757848958392337,0.24760046610184103,0.09905438086310754,0.32463394068666607,0.07430742354200078,0.30981196515587983,0.15679710618318562,0.281704259866934,-0.03671829672512902,0.023843617439895243,-0.048733664428532955,0.07088069798977786,0.004961966198453105,0.05798816830273401,0.08596391461587514,0.06849374641166363,-0.036639537253302636
e214,0.14686338921951406,0.2723704154865885,0.15553873065478124,0.36413777644585954,0.1447183359609519,0.34278561313728995,0.22090497613493823,0.3710514838802786,-0.11329674512557338,-0.057466026856113385,-0.05904875301001196,-0.03501283260746328,-0.06138666043049028,0.08429955727214446,-0.00043464699748131056,0.18238676355181688,0.015124417612287052
DP-1.89-7.83,0.11766988390346889,0.19744055525034998,0.08595009270429178,0.2128317537072028,0.07798239944422942,0.14236533404853993,0.10920340826833724,0.11328074150978136,-0.11202413799597685,-0.07042507622093873,-0.05271048906220735,-0.02748085968996031,-0.05532400087606101,0.0011416523068396693,-0.015475266806182556,0.0699222448160129,0.028520991302323766
DAE51,0.5093933932675853,0.33021726658673567,0.15247688009171864,0.3381712799194659,0.10577633859278661,0.3646506001323646,0.13984327844020056,0.23641151643358593,0.2589287930886603,0.0751160277961713,-0.07320942965912157,0.04083435096386707,-0.02667141352653562,0.015332828125491946,0.059841583461412086,0.023340439653904275,-0.35733559818176186
MS10317,0.2646433575682166,0.24514450016526798,0.2099806459595138,0.31603526097738754,0.2306632652906411,0.3502487782127616,0.18063064493337855,0.2970242245605077,-0.21402810503380362,-0.15625943353558258,-0.2073508604075186,-0.14233724218421376,-0.23497539664272785,-0.24783976695297125,0.027683725489028595,-0.057098297123246516,0.022062258562132363
AG45,0.1432581023022648,0.17459024963003655,0.08900259548459312,0.16019654510000475,0.09954601688560179,0.0766277138707933,0.08940085290322775,0.10656191140924924,-0.06595706714042109,-0.033726579233724734,-0.03942676849615114,-0.01911664681093721,-0.020497909673314274,-0.026919433078688954,9.700351801243742e-06,-0.006494446542141346,-0.010235393104472305
S1010,0.10932716656831493,0.09849571118062125,0.030208515917906922,0.1413573297691136,-0.015306086185968302,0.158575440434004,0.04203805282760154,0.0649793238538277,-0.1096129095417741,-0.09883082070372198,-0.029819489595645104,-0.1415445579296884,0.015114665393519607,-0.15818323902204423,-0.042355500235937094,-0.06487701019302376,0.00016357200559825977
AS6099,0.24384996341081597,0.2772207271753563,0.23886985824360807,0.28530309604267784,0.2793959755152677,0.28521809018383637,0.3161384036012774,0.38194071743033486,-0.04306809189784672,0.0655056398596252,0.2633884541924303,0.07008820055809716,0.4553316079822294,0.18030550703296228,0.3788993687428867,0.32871482019517506,-0.038090877251631766
SA7038,0.1381796377039403,0.2437694616322596,0.1406392833438305,0.25565568418946943,0.1724443903378445,0.19170115022780346,0.24573803766396693,0.14329981609263195,-0.1115436462725758,-0.03917003033521051,-0.07155109753620419,0.019063303216038212,-0.06837079423628009,0.04600401857439339,-0.02178444414833728,0.06630075214004033,0.0209866525874561
ag43d,0.10502756933536471,0.1711690894844422,0.07641827379200362,0.2058425027683858,0.05149947639659962,0.1600197337732512,0.08419971848265116,0.1277945082214248,-0.11122246150927498,-0.03772262414932905,-0.05976498129587613,0.03840288724232397,-0.06682164892451045,0.058355285664828546,0.034869955132930175,0.01663153306400596,0.03292507895226626
RONCZ1080,0.1411533783712815,0.3114445207714082,0.23324931952683037,0.38096843703051264,0.41637356580590584,0.2394051397476576,0.2513126543699891,0.26217369939684293,-0.21505583402507042,-0.14621006448202717,-0.14055127853751587,-0.16643428866077473,-0.1043235832805094,-0.29530190047917937,-0.08443542434920887,-0.015908217452656342,0.07608320104195539
CJ3209,0.13942871437702373,0.26997194315655837,0.13104715085050458,0.1893706576601372,0.11756372571192918,0.18932400806483302,-0.07752098893244953,0.1251998132613554,-0.055576429507702155,-0.06191970209471123,-0.12218980405685115,0.06483477794949138,-0.22920458213396716,0.10689988436266609,-0.20926460443065367,-0.11839985112716392,-0.04066454747628526
SD6060,0.10456544781798034,0.21930791957442075,0.11307782413369584,0.25692475042964985,0.15281370339328532,0.1762013104821349,0.1799562256718181,0.08052812124542678,-0.12555565044547345,-0.09636741140824197,-0.0842196629002574,-0.0812022145378172,-0.10336321154527112,-0.06678968922845029,-0.10230770364505583,-0.017799633030009625,0.029160616863697954
HQ3512,0.17308141591932139,0.2597212868301577,0.21495120961913486,0.2535956825264956,0.2657324744368864,0.2650557007540779,0.2534715845717187,0.21493350773352002,-0.11972469766528272,-0.054468725701787124,-0.11853075464826214,0.005492984645789511,-0.16325561347023654,0.06866392407700252,-0.007436587173545083,0.10363675328085425,0.020662233348089802
sd7034,1.1153896293726067,0.47647570597864675,0.20227641355919582,0.2826205163796169,0.20386260894575964,0.22969608024602622,0.2076150622316921,0.11626643769163743,0.8084622281595959,0.18006706831960073,-0.0691233445168901,0.026428139162259126,-0.05954461263790039,0.04110496421677789,-0.006077393356502314,0.057756540464685875,-0.9252984185879833
E203,0.1399994132522265,0.26213166723527387,0.16133824412380976,0.35660235415539376,0.17080480772472031,0.2546507758891119,0.20462822118382834,0.24628345022565723,-0.14415394899118036,-0.15362423110934909,-0.07383234508631518,-0.2141126471142058,0.026328765026271513,-0.10483273078972022,-0.022029784668465807,0.030890917443431545,0.019404652123733792
Merganser,0.130369230579344,0.27222536172043177,0.10180727412678486,0.3251822786025004,0.13675681650357377,0.3988738229298613,0.33803955560940624,0.5087316906310575,0.03114983463822674,0.16039773130479987,0.08189131537639881,0.20288323888986448,0.16659071467563208,0.2360968262925716,0.37113937621575965,0.5083519264128038,-0.04718087535519819
S8025,0.12742564080949634,0.14097829777479498,0.1070799721089314,0.08997420981359762,0.08753018586872138,0.07386711748059922,0.044685107854554824,0.05875532936438939,-0.11863069595498475,-0.11497849034753391,-0.08586896919438633,-0.07667074066892968,-0.07954683856870509,-0.06817996742949568,-0.039619974252800116,-0.050263304792708866,0.0126147353200871
TL56,0.1763208859466067,0.19582163870818292,0.1231770526499186,0.17361361623910193,0.1242695176096363,0.10525228732153177,0.12863599044607993,0.027514596292604696,-0.08942016254724158,-0.092007208897465,-0.04843766554663943,-0.12017192583365788,0.004626049627438913,-0.13711089473016003,0.000490991894451077,-0.14026387345045965,-0.030449252589456677
Sipkill,0.13530020545933602,0.18266008828168806,0.17232077731954146,0.16924399791521264,0.1711874417308246,0.15488444245318975,0.11528821008198745,0.10921037514731097,-0.1225055848762688,-0.08625361202783238,-0.08207927185357346,-0.08421458406979784,-0.08878095437356197,-0.09953264634254946,-0.11235490077590637,-0.10342543717517512,0.02334950808693127
DAI1238,0.1943804075544617,0.3223931869332597,0.20261266556094054,0.4234276430781731,0.14609855845739975,0.5089020106832862,0.169275277292144,0.21394292340629045,-0.15186699681772395,-0.0038608984031881137,-0.10608395197209729,0.05159093796161558,-0.030740833544778055,0.028789175186828688,0.08721294537749455,0.09885481004816782,0.018029974382795945
RONCZ1046,0.15242395402570852,0.4072713610414145,0.2610350675936745,0.5821659180660144,0.45100942323006404,0.22657905503667114,0.43101635984455094,0.25295132560995937,-0.2173289921014867,-0.05502269916163823,-0.14278845028587284,0.04964838719344888,-0.19069941493159817,0.09850787973947141,-0.11750638791896433,0.028750609985834716,0.09019663302261685
hs179,0.17416774011194355,0.1874581760507037,0.13985793660094376,0.17843083262620552,0.1464781792441361,0.18384542052801137,0.1450182236048954,0.17588609395867993,-0.05760586223612014,-0.07363591607616422,-0.06682454212087155,-0.08138804855709404,-0.04330975721201519,-0.11866284156096084,0.04167852727239275,-0.023614589122653695,-0.035690877787158015
S809,0.16836635700632913,0.27876396165744344,0.1816129214507068,0.3109743626928083,0.4463446520004546,-0.031538073821550314,0.3670964792185157,0.152535392270558,-0.10407657203343376,-0.30005341592372425,-0.10957700655379979,-0.6191107755561662,-0.08700167410900322,-0.1747369238490512,-0.12646705001079744,0.06476765008216548,-0.004173438977589952
ag42d,0.3159232535290541,0.23303920002932652,0.09522112777505397,0.22772016801105016,0.05273615976906872,0.20351096387370068,0.09253736166706286,0.14665171641125088,0.0970846153720999,-0.004019692773037633,-0.054247403317384216,0.01723792103151022,-0.06475896469806863,0.036871174929793776,0.03089138663718635,0.0013148536566154317,-0.1811097495823974
RZ,0.14893632996553316,0.21208397557854036,0.2259677662022659,0.1534082763306379,0.4161052798150544,0.21395081643761954,0.011576468505782853,0.08221090009113287,-0.1073744731587413,-0.04828277383883676,-0.11164991719207092,-0.044904624850239216,-0.12023865028799208,-0.09307640247632726,-0.1452298999794681,-0.24658210546563397,0.008190864512215942
S7075,0.13202868834025114,0.2038702394803517,0.14621765561285344,0.25439326960737396,0.1385270738351732,0.23984553016796567,0.24316977106583845,0.17819391005760998,-0.12432922410958433,-0.049121579605255684,-0.05212084834680646,-0.054112813648010155,0.045760999611778035,-0.11090661556946811,0.07307630323312979,0.056493819814302806,0.027322159862221546
HQW2511,0.13636872604042083,0.22163299338130943,0.16915617132750746,0.23886904896040229,0.19877095163253825,0.24060752863914397,0.20205171367063376,0.23452325119740883,-0.1339023345863972,-0.07409639096490997,-0.123284773210069,-0.002514381637333172,-0.18296633775949936,0.039679987939692574,-0.07022946507921482,0.07927351833404912,0.028043412595951535
naca0018,0.25862534379550506,0.2368634781639275,0.23971651034151933,0.23557936038806193,0.18967087139357683,0.2614113967111547,0.16281896605679877,0.2775005757215066,-0.256606121842321,-0.23586587850684085,-0.24073187381887934,-0.23427661839985145,-0.1908079829392703,-0.26070633374409796,-0.16311316838834455,-0.2774239730091634,-0.001058047323550952
DAE41,0.18811217127408636,0.23251646667488846,0.21692394728136036,0.24686997839937255,0.2181150951193202,0.24401945012974857,0.1821711562082728,0.12200395515952947,-0.14159213736857734,-0.05647483876428134,-0.12682360988156866,-0.008636096012969597,-0.11183977924589619,-0.00074666569030977,-0.059920125784039525,0.018248527258313878,0.010458524769195267
N654421,0.16058967992043782,0.2711894393184571,0.29980185936597487,0.3428639240573597,0.42963938044306454,0.2741709087680521,0.3383756972090573,0.20580049505522907,-0.2293729109016214,-0.22581209478284103,-0.1830785519078308,-0.23966354030509482,-0.31972923145085186,-0.07325924949100923,-0.217120253432423,0.10980923189844122,0.0724631558376093
TL55,0.18323927027501477,0.21411596168368682,0.1478024646236048,0.1847059509569658,0.14929658504938154,0.12192593005812848,0.14635566396986124,0.04557585042632995,-0.09310005388382199,-0.08336247011494041,-0.04929012235837969,-0.10178651061056951,-0.0008328599614114484,-0.11532799562641692,0.0015882689551880685,-0.12005501053261475,-0.024194772864073264
S823,0.21388501887851502,0.3223200690749026,0.1734981719297623,0.44282734052627554,0.1208997009602518,0.4180475825183918,0.1672073647016943,0.38091234546837266,-0.1996417265736806,-0.7910725123660591,0.4114310001856623,-0.9731770099477548,0.44684557226133864,-0.4024550299070561,0.07857791333803875,0.1468015357207741,-0.02964732366058761
S822,0.15573294546659777,0.2516543758423113,0.17480396159977984,0.32412304790259067,0.21118784680874264,0.38904090986357565,0.23171926525404324,0.25197260297568674,-0.16045712993089617,-0.21786325754839123,-0.11590193183060546,-0.22607681640012703,-0.12905665276826006,-0.17130593389007961,-0.15467625234260415,0.036597929549067564,0.011139686903498912
HQ208,0.08970890698767427,0.17849212768333017,0.09578646903126499,0.2101163845434047,0.12231289616463382,0.196888858211335,0.1381332006082308,0.1407060161705854,-0.09995140778098648,-0.06153096600733044,-0.04798545096349606,-0.06747817030452104,-0.04777827905723659,-0.02929235714854938,0.025241762090728453,0.029208677609630283,0.032125833913073915
LA203a,0.23677450209839163,0.2930154567249324,0.3619398270399715,0.3323053751660122,0.3978063350683878,0.3847849082460518,0.21497470065028043,0.3959161897162846,-0.2642730003409751,0.1009248069305445,-0.3426031796334463,0.2928639762864673,-0.455139121162212,0.33831161532530823,-0.1549411619434934,0.34297885737367073,0.018405590962948356
N644221,0.2307333482187572,0.25964028162932445,0.27976416038882507,0.3864690633025051,0.250380156352518,0.2918419868889759,0.22176696539202023,0.12697419612676625,-0.2117069146970762,-0.24140088142102267,-0.19862082087378058,-0.3583897694506915,-0.17766808460575184,-0.20075810017277596,-0.15809396869913234,0.029115541090894814,0.01296001204759221
DS21,0.15225607113846493,0.18708369106563513,0.12512570672556647,0.19575902125468686,0.11225225704917757,0.1791859398065662,0.12001790002513042,0.14561820387291668,-0.09512638398182792,-0.04641904705509223,-0.11159400691836224,-0.0028364195628231372,-0.09599447968759732,-0.02480702513346622,-0.019698000120699825,0.026156965002156047,-0.013507158093925484
TL54,0.14487843395878114,0.2128524019270974,0.19482316913429665,0.1765000845967451,0.17499567813522635,0.16919124317989948,0.13599234271001828,0.07762202940092723,-0.14305082907904534,-0.08640040488300647,-0.05913988889229706,-0.05646005668932983,-0.056892699867543264,-0.04368609239127247,-0.03147287665353148,-0.0906324452284566,0.02872550869025243
SD7032,0.1761077372115794,0.2693106533805174,0.16564876795998681,0.27361962011175484,0.18918801420315018,0.220640961736982,0.25193415584821827,0.1595269788419562,-0.09304501024999662,-0.03874703759452734,-0.05428305795295703,-0.010498909296453989,-0.026491038204943963,0.011178387111611355,0.02194667733315048,0.09204609129747669,0.002244403594442438
FX03182,0.12933400833785413,0.27251546974540325,0.24300281894506562,0.338035148926373,0.4045642596544768,0.2967279745176633,0.28372708400530305,0.3078359154882184,-0.17445269252238718,-0.18362601058025282,-0.14653387137304624,-0.12404093265718541,-0.3824414987075079,0.0836576071667577,-0.18706171662654777,0.1968379739596101,0.06413049375432002
MH62,0.11612081979667076,0.18919543965833038,0.154680975430167,0.1447171260807657,0.1602721471280921,0.1476528804403467,0.0762611645313861,0.013140712965814127,-0.12136290500896915,-0.11099469987370379,-0.07528381920586633,-0.06356372467524442,-0.06636883719114534,-0.05624697309092326,-0.03399765362992102,-0.07202901586508996,0.026381065834307698
DAE31,0.27577328838330156,0.3565496745668612,0.2126033245599476,0.4556575156412377,0.16084500410121302,0.5462729640054796,0.20301151235255968,0.24414537351244542,-0.07683051083879916,0.08971533679562972,-0.09352901576382489,0.15037641449355263,-0.005300106653273704,0.1232603608781279,0.08831723643658927,0.10973207843893547,-0.05630422747913014
AH79-100b,0.1320305117239073,0.29609007282917643,0.21018911266840432,0.38914623130419845,0.1970247196649596,0.4659168298397957,0.17287903763020362,0.4730392218144905,-0.13099675598261948,0.05778946393347898,-0.08938156506324016,0.13296842816925863,-0.02281382020473106,0.21104430132383883,0.09378515812629432,0.342067916238563,0.036989251712648
S4083,0.1148249462191037,0.26176279296583893,0.1027547023089778,0.31798269735956924,-0.009808810180720719,0.3307483480630158,0.040744717101944175,0.3043534721297293,-0.10867900822560882,-0.00662383440155903,-0.06196602130883109,0.07312197088594113,-0.0668239599196199,0.10036687972399537,0.027312966020356686,0.044204185818175576,0.02938861353661675
N633018,0.19307239440909676,0.23477025712692579,0.20513751737325556,0.31220841877675565,0.16883504072190247,0.2293902352357575,0.1350092020121907,0.042135138569735116,-0.1960881770411703,-0.23582887724519705,-0.20429445574669963,-0.3135221480122135,-0.1675841147815045,-0.2301871418604108,-0.13468795992921426,-0.04218913007671737,0.0015558785308469433
FX05191,0.14417897669791446,0.28194174315837633,0.20198086265737644,0.5461299824653565,0.027818159359061897,0.7009434769148004,0.1417059972982376,0.3718524981339944,-0.20939299829578598,-0.15367245148056488,-0.19489789162896734,-0.2236470224984795,-0.12389388910197376,-0.28139852325484976,-0.10040544898389259,0.19674068333275355,0.055834281168324916
MileyM06,0.13844941443415187,0.4639956371444858,-0.06901441972972423,0.8896147077836228,-0.17982102612408712,0.3433171728533756,0.05294848262551403,0.0900657402021815,-0.09239021146233801,-0.02974937708025666,-0.04635481218144165,-0.024286780874998914,-0.015443109910283862,-0.0551824302185929,0.007424176534534534,-0.08067528666425657,0.03041648966984197
LA2573A,0.25135796036763347,0.2460523118384529,0.36357560385753085,0.22599615666127892,0.07994819629535786,0.1735601024497118,0.04849631694097174,0.026413982829035645,-0.21560765466536644,0.05352639920255548,-0.2794350528406887,0.10986534148622334,-0.2644884477680768,0.005553247760058957,-0.23719233317725227,-0.05844800594422318,-0.009779597478651918
SC20518,0.34790423257081565,0.14983078657036328,0.3566618117878995,0.047990416686332756,0.4691444594895678,0.08852243530951849,0.35002256889396505,0.20913786294444608,-0.24932748172543484,-0.13883584331544505,-0.3122523922253028,-0.16874471263544674,-0.2814298524428174,-0.27687876197024186,0.0737633693510828,0.008794305527903183,-0.04864569348541789
RG8,0.13922024352270576,0.2317755676941927,0.12315930875969748,0.27623867088212306,0.11028640127168604,0.27766972708874116,0.14891839161219894,0.30240797689003784,-0.11811950503122146,-0.11060421263590892,-0.06786860161914898,-0.10819462307027541,-0.10064858402310815,0.015985915729146545,-0.04726724107520515,0.10390651405658057,0.006666420699392968
AG24,0.14768533971549444,0.2139160482408611,0.10420748385226347,0.22603207431824532,0.10031635469051789,0.19326495500563193,0.13313890724228072,0.14862835279556635,-0.07210613256827432,-0.07150463198652711,-0.048920615349927345,-0.06068738799392978,0.004743777994069228,-0.050314908819378557,0.034945071103831535,0.028197442331289662,-0.016918874865746576
AH79-100c,0.5749615768241345,0.4101326982302322,0.2094322283693475,0.3673474585459865,0.28649430840360507,0.4054423551178512,0.3008535685440093,0.5450682149957189,0.29994036614809294,0.13927841302587524,-0.06393301429132324,0.18028434645694888,-0.0643493750182448,0.20606732898946287,0.04956816141262475,0.27518860702441567,-0.4040792018953734
naca634_418,0.09503717412044155,0.2255632901585756,0.28097664367010383,0.34093276614380336,0.24946765318475392,0.3324128092112064,0.20930033991376987,0.21772012076618782,-0.30737056050255634,-0.21680434954705513,-0.16532756355419684,-0.2286123049452211,-0.15827492318211842,-0.10204541499631384,-0.11982806611797026,0.12591087595915085,0.14457832019377992
ag26,0.13598022772255453,0.18939859238050225,0.09757556839286201,0.20692506717576578,0.09190650747517265,0.17564499445658127,0.11337964141288041,0.14180869597950732,-0.0738085982005529,-0.031571919706646294,-0.038198498154073654,-0.005897283680485032,0.01849507667987921,-0.0032016829156177374,0.053101166781045955,0.02512123435961743,-0.004064615860404624
AH79-100a,0.16670215129132454,0.23454004065151698,0.15891581242784988,0.28845592898248007,0.13117369658914502,0.30212987864723495,0.18061913607358948,0.2274427120385918,-0.09339422587851261,-0.05155849416094605,-0.08630416653800597,-0.02904699368223654,0.017065403066895413,0.027865875342668097,0.08956338313831813,0.09997841838162354,-0.015220422006884072
FX63-110,0.1558603331938578,0.20456585506987035,0.26681335916930243,0.2322262543299667,0.24682556156210322,0.309532761841316,0.16557876301324137,0.3437057794520027,-0.16376116469152371,-0.02870268314802227,-0.14605777308039164,0.10155746241252465,-0.14753183178698448,0.18077534999832118,0.02919186130286764,0.28423184307034843,0.06036724936545494
HD48,0.10886979626270746,0.19448544975943227,0.12089993124424891,0.21577270724756503,0.12462219458824786,0.19773433946236452,0.13837772592747638,0.17159035114787066,-0.11453306166984371,-0.047723904182378145,-0.06440694667613685,0.005230903371822525,-0.0642583160105611,0.02750920364394902,-0.053793754297910765,-0.006169880678822706,0.025886001207428764
S7012,0.23690072669437962,0.23971804230932256,0.10185851468906493,0.25750930591515964,0.060558906152327716,0.20797764459309565,0.10636682479948982,0.1536902022284759,0.023023225445276133,-0.040950489059026436,-0.08494860860428188,0.0039012468354494493,-0.13526912860405674,0.03081356555074866,-0.03778895991139279,0.07156971718039291,-0.11022654119995866
N633218,0.18865521494898285,0.22437918931233986,0.2911929378294565,0.26054778712037424,0.26794990229118376,0.2309818270263681,0.18810032043659497,0.11174039335354312,-0.20636948107331787,-0.22024628526433107,-0.1800881489957845,-0.2798390622120487,-0.14810450190189167,-0.17243537868930728,-0.11087723307678603,0.04009558235256904,0.029978969509420306
GU255118,0.16401878206095635,0.4448572688389939,0.2711789985263723,0.5607432589238123,0.5822292592313985,0.3777463228859055,0.38466983751462575,0.366460212748844,-0.19241631776871948,-0.05899831655023501,-0.1260000224179344,-0.03723520083095384,-0.11024172708555514,-0.037322753946822,-0.050386584198278156,-0.09839706854673055,0.06265613206242307
HS308,0.12073604125248291,0.22145282301812744,0.18336627387637827,0.19439582905226827,0.0731957924704282,0.17327910081938802,0.09050087307185624,0.11614123808330726,-0.09004418142707923,0.009718960236945953,-0.04738723611767219,-0.011231198209783147,-0.05528637384824067,-0.07482422260786947,-0.030994628820889356,-0.14633991510823716,0.020545665311002777
SD7080,0.12918070517749944,0.21872620909236315,0.13536434256452456,0.21607004022606183,0.16890194295893982,0.15289437809177026,0.2386365444973139,0.12164702775469581,-0.12282748715962614,-0.06216011792912015,-0.07077447531136849,-0.028524863057011417,-0.062277998411386835,-0.005843307604862138,-0.030053999793772167,0.03744064069555083,0.0262364672240927
eJ1,0.1335181750019219,0.39599201907748904,-0.13041739052570336,0.7637259284808887,-0.3328386890240291,0.6404605995921101,0.010215561014242298,0.33873458174222104,-0.08623814000323576,-0.10083536177720107,-0.15276984067093322,-0.0851314959803062,-0.07609876603853989,-0.18811827716326093,-0.012652886825111887,-0.16868679428697808,-0.018994153675479297
Phoenix,0.09972239032518829,0.22044004378678325,0.18238217279736507,0.15028111256444388,0.14088252483260916,0.11971386260852088,0.07019050501968804,0.08341689551287614,-0.09242395614808145,-0.023622943145745718,-0.033509792299912904,-0.04737808980661903,-0.04755008862261864,-0.051111063442372616,-0.07690678134900027,-0.12603129177482764,0.0407098422522441
MH64,0.23923873030355478,0.21310046838263846,0.11503812626304846,0.16685656446193894,0.13563764638370931,0.1175556405867982,0.10039889356602995,0.0065395500556425686,0.02073227480672497,-0.08821504402002071,-0.038537407130916766,-0.10913354461154098,-0.003534797249965108,-0.09146139828128536,-0.008392276583140382,-0.06263736940708105,-0.10913279451324916
AG37,0.1300898531459273,0.19065938445577058,0.1117221141264326,0.20728304898786773,0.07774830433409484,0.1699536813177449,0.12461850779447121,0.15947021285458912,-0.10334342937427442,-0.02415882291438278,-0.08436128206662999,-0.013580601419692022,-0.02087936657419452,-0.09620276322707697,0.04431360461192645,-0.13517878990799617,0.0017072939779295753
HS522,0.1588460169501415,0.2051357896807595,0.1279309922952855,0.20408200847203425,0.11197649130071353,0.1329159026151573,0.09687489417555896,0.04157734367442485,-0.08905264927150786,-0.0347783707523887,-0.09664037797475554,-0.022534803868813916,-0.07783808959776543,-0.044568016955756865,-0.04191437460350116,-0.06999574731770244,-0.00045011051988025824
FX2,0.11559281639225266,0.309698375299953,0.1344344119584573,0.6741059494835692,-0.15625449694535673,1.049469167489887,0.1683253475129171,0.4222010934699984,-0.2176176791450487,-0.1599234779009319,-0.2828041329582755,0.020368575956623773,-0.5733769809015523,0.040854727779706584,-0.14043486626011226,0.1380079873325538,0.06878187298409692
FX66196,0.15688949263671204,0.4050412026259943,0.12665009262786142,0.7462042673452672,0.03053403638608891,0.5321552045077792,0.17399208807296546,0.29424493377917615,-0.1487332929153591,-0.1882520702111999,-0.060828079659305714,-0.34424070878346685,0.007750183495825718,-0.10520805737752736,-0.03653441229230744,0.10297345952612212,0.028207377686696566
AS5045,0.14269981558184688,0.22111576058706273,0.20994488193110822,0.17696150933376403,0.3434863065184824,0.18760635828547007,0.041533304042789806,0.28042433144795675,-0.16683006310750143,-0.15164306069628017,-0.24336377061715456,0.016318233359755793,-0.49379504059592283,0.08881124315394001,-0.12227799934830472,0.04050656671572645,0.044346134934233145
N66021,0.20273811648722673,0.1734080771438672,0.38632752234499834,0.043780550216111956,0.5600560073294066,0.23226466015283642,0.3289923334377982,0.07903708812494394,-0.20269152050854988,-0.17339351010956297,-0.3863492936633085,-0.04372933636727787,-0.56012533895218,-0.23220771792532288,-0.3290238476751114,-0.07902487343687489,-2.346034539549796e-05
ag45c,1.0873987651057753,0.3989451484334018,0.11974047393573195,0.21359454851110235,0.0736732026887532,0.17532748870402995,0.10578838819822683,0.13495448758148554,0.8698549439124164,0.17469302228459943,-0.026222652964095258,0.04111254347743938,-0.09069706009521374,0.11783683264882379,0.0030275124972487496,0.032996889622154205,-0.9456849167519127
EH29,0.10668457842312339,0.19055344957942824,0.10253523789524027,0.17965096972257252,0.08781455266176941,0.12100091691709197,0.09296484742342656,0.06477797197942355,-0.10947943408934326,-0.1007901096818513,-0.07639277006270978,-0.10381925847371558,-0.0899813261967294,-0.0961074581539139,-0.0995038261367516,-0.0631714935685703,0.010118619454670446
HQ308,0.30187847262260925,0.24760629074598386,0.11743112981467858,0.23940634018543638,0.15226424753578163,0.2246415296091129,0.18698486804771694,0.18293546183814832,0.10969504082840785,0.017701754741224554,-0.037980504207274925,-0.029545780825022017,-0.025966084798750212,0.006265951894389094,0.07144809199823222,0.06930732314329828,-0.16542448908997895
FX63-100,0.12709376501467196,0.1947802529362269,0.2383842913915636,0.23655613236579362,0.21851835566476596,0.30814711374751685,0.15749126992088527,0.3408573945454565,-0.16013252832346284,-0.019080445895958694,-0.12858495569480877,0.11197082510162665,-0.13273337854936892,0.1902497077325785,0.03424765673738332,0.28760265821343195,0.07216373404898689
N633618,0.17914217927752585,0.266228629804633,0.307283823605533,0.3698014590689941,0.27436894150665336,0.3593438526014194,0.23587420322114447,0.2727436961468807,-0.21365827311261704,-0.1957997106757955,-0.11365497369444907,-0.24170012930581775,-0.07607397758011625,-0.08501546528390995,-0.04674585962441235,0.1948861627652196,0.07453011248395225
AG34,0.16385637450361684,0.26617819118147257,0.047502939631859226,0.3554614380353367,-0.02132323474336492,0.24835295240094235,0.15545043602112174,0.04674330196721201,-0.09306172560816597,-0.02692493181581188,-0.1153539179901562,-0.026011625629644663,-0.016487058490843875,-0.15804410183510104,0.08336892634808125,-0.21958000805739267,-0.045240834208204635
FX6617182,0.18159916359186543,0.38304248856243567,0.16763629414080805,0.6673079877825789,0.022302510379128303,0.4730424757695686,0.12392473581571833,0.3247429720694208,-0.12076666661795717,-0.15671335641987605,-0.08884203304474703,-0.210088841402114,-0.13823522427049503,-0.043552994038597054,0.0279530083614358,-0.023938417942558528,0.00684795635210782
PKMB500,0.1816551747228183,0.24948627593142933,0.1164430075761842,0.29261479617589786,0.09930787581454459,0.28128277227623394,0.1419218975859774,0.28487012566763636,-0.03740416033279222,-0.04559708581904606,-0.025110413919034878,-0.04028342963997836,0.007917062905347797,0.009783929222792356,0.021951751967715972,0.11088692869906132,-0.04459897191127389
HS130,0.1700842891155606,0.19963687905472852,0.15525087119608721,0.17069740186913904,0.16318814648616792,0.12267728513977896,0.1306710058748286,0.020977862091591942,-0.08886927821531161,-0.07889190861605498,-0.08090667966083243,-0.0780438109482382,-0.08039642395799039,-0.10189428275040069,-0.08711674274219251,-0.14200069328743783,-0.008905079903446049
EH1917,0.08978238561473742,0.15967778801196533,0.08312173195427597,0.1473018940846724,0.06905886055786668,0.09615912870468596,0.07189452632638745,0.0504775031077058,-0.07824084283859205,-0.06755859235758425,-0.054344772057386075,-0.07602736309378118,-0.06599837717912789,-0.07466732559717154,-0.07708894484816958,-0.04923348228907273,0.0029671322975230972
SM701,0.2217816344686173,0.3360044971579581,0.2290697374835561,0.26742020725821336,0.40926580397343204,0.2140746960318169,0.3677439984859567,0.33557610879525196,-0.1522489102867392,-0.11205270147822226,-0.14709113641490992,-0.0915142185681578,-0.253086611965879,0.0767498026410813,-0.12507023085498273,0.20257169523499416,0.016367832398156923
rg15,0.11245685230268283,0.191586675353773,0.11321881513871639,0.21825391015356957,0.10599679536293348,0.2065442205113559,0.1295079053654306,0.2048419155563965,-0.11151105512569473,-0.07465241074086042,-0.09210895809374968,-0.013917782066586169,-0.14742261892717132,0.009543005954132863,-0.055883583317974314,0.05095145789145686,0.017221379258627434
S5010,0.13497032452451194,0.21398600809065876,0.18306454904457878,0.16855000237222678,0.16859010329859217,0.13374548732363714,0.04859883789211453,0.008592050584472849,-0.12807688990261915,-0.07360467937529852,-0.07249603568823186,-0.07105895901359771,-0.06071117759632497,-0.054605475955509984,-0.06428593978537156,-0.07926993503503714,0.03514354402874897
HS520,0.126808637866433,0.19200719512742487,0.17043423586753384,0.15675067901321244,0.1496376631926373,0.1167260489814655,0.04863045095876794,0.019416873906456463,-0.11982276158273532,-0.0605731079933435,-0.06068142678496101,-0.06200572175847399,-0.05250362832291157,-0.0458692413578059,-0.05311751727739697,-0.06516708528731949,0.03746632445424896
RG14A147,0.108324624620836,0.14836776399701448,0.09974710502950651,0.16023760978979898,0.09135873253383102,0.15117481242417646,0.10179503937434747,0.14629493340556313,-0.06973346323448502,-0.07142155711480234,-0.02769274923944938,-0.09496952576612364,0.006802563768462358,-0.10320804467612191,-0.03596738898117172,0.002890238695788923,0.0031507346356053367
ag35,0.22340216453978937,0.26103470137331736,0.04796996607217377,0.36567182735226056,-0.06097678631924496,0.3052826203416708,0.08858671110288545,0.14297639119238761,-0.019416932088396965,-0.018155708735898706,-0.09288596516425357,-0.010422011929771595,-0.04241598183158095,-0.08239897030274308,0.023696792789993214,-0.12107221417997512,-0.09289723743060771
DAE21,0.2090601129435224,0.32340261662193476,0.2818549573879005,0.341426290068959,0.36079309136775206,0.3554248658716701,0.21838908776621213,0.17946583225421828,-0.13584181044833196,0.05442623528189113,-0.09233204478750703,0.12138792461561426,-0.01638203461969929,0.10122082410166681,0.07277646623677138,0.09449764810502377,0.015412184717648297
