AG38,0.022556186359150784,-0.06890010951515889,0.08877253905100822,-0.064206164088485,0.004290398275512504,-0.004357349744574946,-0.00486449520175582,0.0022313534278562788,-0.0011517530657974453,-0.0032860619412953002,0.028292673137922122,-0.07137516566373127,0.037714274046938265,-0.02341124122137594,0.006104255846822254,-0.0006712672705141378,0.0008408406719279093,0.001334643451780754
EMX07,0.029383452870397234,-0.10418398397359448,0.14386380962164416,-0.1335157714123425,0.052928252138272326,-0.012630406019500641,0.016920936541008378,-0.00977212958642141,-0.0010442554035246774,-0.00022084618267596408,0.01649910043577494,-0.050047450987492914,0.010739774650287562,0.006345637981292555,0.0069945072445587,0.001876952191695151,0.0014534209863087484,0.0011920087268921197
ag10,0.030194089740904942,-0.10201662826782389,0.13912513544933947,-0.12708145665660173,0.048183286916447306,-0.04113334011201849,0.0071348665584380876,0.0014162697998695976,-0.00014671925206753304,0.002888028261123826,0.0006541921677908041,-0.013840590427142368,-0.021148897327618786,-0.011158284424354068,0.00974799296940691,-0.002774280217350734,0.0008286136007121484,0.0008235818688972224
N634421,0.007507973391139677,-0.041605155237783416,0.09832626321465833,-0.133171759854192,0.1282699828602164,-0.01918319609545056,0.0066273129552997774,-0.004010569894719594,0.0012018733907846336,-0.007781479550173603,0.00023508815384998586,0.04026070782070447,-0.06984640294127584,0.13449787945924882,-0.07310288285167908,0.003231035956747002,-0.006804910383809132,-0.00031094379959852394
SG6040,-0.015351353470310707,0.05232965051056145,-0.05611813150083079,0.024847087579630726,0.024033419928726256,-0.004499188013567258,0.0030964361067795576,-0.003855493108974119,-0.0016721117497023503,0.04424348916692081,-0.16391747090840694,0.2840676300245747,-0.2938961246894685,0.21430027817777322,-0.08054705708211538,0.0030521134837994328,-0.0034605980258695574,-0.0005046421228077063
DU84-132,-0.00696944459541768,0.02062691678010368,-0.0002797950212438866,-0.032646598842192925,0.06432197959295126,-0.03668317694033177,0.019409423989267857,-0.0074370874962754,-0.00048235310624552847,-0.05238038228999839,0.22408225187472838,-0.42958027850641545,0.4602842706916085,-0.3197937550629191,0.16212639589154082,-0.0657766125213347,0.004646619669079363,0.00012063389414378331
EH210,0.029167903726942553,-0.11581746667901853,0.1762688487856676,-0.17043124377035643,0.0825440768043569,-0.02837516034900444,0.015159996584783795,-0.008973683033184033,-0.0009987772898888997,0.009961093579238077,-0.03558698872568835,0.05312798379886005,-0.07514590267781762,0.04489723795557915,-0.0013881587222809649,-8.128761769301891e-05,-0.001106718950295626,-0.0001254923216352756
FX61184,0.003761065664450797,-0.03095048313010779,0.1301344752167136,-0.2271317144327819,0.24125250271408724,-0.09953852706359695,0.031872079783166946,-0.011321970017683482,-0.00012160367460977665,0.027002912037806553,-0.12046659835487106,0.2265952416326088,-0.27226991264429923,0.2449552946873297,-0.0987764143410706,-0.007094465349772914,-0.003153633290031218,-0.002022036034394078
S4061,0.0052108259763833705,-0.028727073969285387,0.05569921562305962,-0.08443153070104631,0.09013229216420447,-0.04590639310189525,0.014680986860514307,-0.007070597005193607,0.0006928844701810618,0.009603663548643964,-0.0239881456368935,0.009544498035507998,-0.0018252252157405788,-0.03507539399323121,0.01153823461940018,-0.00167040290620209,-0.00012557599894611124,-1.059989541025011e-05
Aquila,0.01802075102275003,-0.07601014225312065,0.13712383130242312,-0.1534552367539622,0.10960814341072474,-0.04288942063450017,0.01959141079439852,-0.00828051763380602,-0.006059997393796816,-0.029145511133707974,0.11748980579995012,-0.19391224633303034,0.10671044921660938,-0.04327117845590184,0.007964104338669054,-0.001231190639081431,-0.00016831097941805135,-1.7862001735950067e-05
dd928416,0.015338063186200767,-0.06105783117663639,0.09015988216777086,-0.08658273858397654,0.040653536231584124,-0.026521027564011503,0.0024311883817687593,-0.0013161040882784677,-0.001365937607665799,0.007681796007990012,-0.01575447017131561,-0.003838741343128765,-0.0025900063018588207,-0.0016945301134923961,0.00291699576361258,0.0004072039023372446,-0.0031236474766413135,-9.051356920710534e-05
marske7,0.06718215232347799,-0.2921836637083148,0.5633862265448573,-0.696480562114633,0.5555061126827139,-0.24509146310070026,0.05362088212246691,-0.010982988415378309,0.0005255007714924599,-0.002408543489450499,0.024722658953426478,-0.059012818238271696,0.02338070345361204,0.0033786074524007567,0.001588552410386717,0.009892166805708053,0.0021101910727794847,0.0005461952840519329
N63618,-0.0009995919610561014,-0.006036424998341996,0.045833980258868534,-0.08268205368187746,0.10154704944367385,-0.019104774430730314,0.005592716472680005,-0.004087150526777191,0.0023563574539154997,-0.014413387632304467,0.02159377487040979,0.005526998199777552,-0.05757784930143477,0.10984342409427118,-0.06525624748863769,0.001636966138544985,-0.007450552575138946,-0.0004365801476600826
HS510,0.04191479651040268,-0.17349721668054546,0.27775934734786895,-0.2875235441694784,0.16507572648593422,-0.060066371544346506,0.015722939329474148,-0.004024776020686176,-0.0012100094383703092,-0.019739776784922405,0.08393407721596086,-0.15265105205984741,0.10345062430749327,-0.04475433963171076,0.011689168239220971,-0.0011851104944114628,0.0011635369975025972,-2.5418665055652544e-06
ma409,-0.0075337913246385415,0.014673795823594201,-0.015840421385811536,0.013266548301471011,-0.01210515891867914,-0.01081156149854536,-0.002604438472179946,-0.00460376941641983,-0.002727961692519169,0.017134130281374067,-0.038940889805704336,0.02622222615578403,-0.01791304689039123,-0.02580416751391383,0.0006547267534940861,0.0015320151622915678,-0.0012915806439260371,0.002590023767838753
DAI1335,0.05276767139454657,-0.23598968655900746,0.47323150400216946,-0.5566266472730281,0.4237104275529532,-0.13914783552402507,0.03568349554984526,-0.011104444011662279,-0.0012494254227743624,-0.008535989181297582,0.04691752650189108,-0.07358684232340922,0.03183505797073342,-0.020228634599753104,-0.006338514473701656,-0.00363041396248053,-0.00041500187920755433,-1.7913171940100093e-05
SG6041,-0.006193325949535598,0.021694831539489322,-0.034892870913046097,0.024896024672800044,0.0007941002657914086,-0.01923067962104737,0.003430474399999139,0.0012989137982150104,-0.0023271257556020998,0.009103413369997648,-0.018942043248031688,0.007569577264377124,-0.023726409055912983,0.015848220392719947,0.006448967884310507,-0.009708594045576968,-2.5843099229220486e-05,-0.00029137866988189
DAE11,0.03204986443944126,-0.1640031176801454,0.37180367670416037,-0.49511889651355,0.43738130244397383,-0.17692998187789055,0.05236392378552593,-0.01785458780286932,-0.0007404396020297217,-0.009195543388287312,0.04988459882591919,-0.08690923066430828,0.03484722522856073,-0.025095926187424712,-0.009303034839277522,5.751944624622008e-05,-0.0012352390981398471,9.490750784712604e-05
SG6043,-0.030678187723176303,0.11228156567807009,-0.1336715916378205,0.08371206835746116,0.012785649811773792,-0.021934674845750023,0.00900164452536069,-0.0029272255273971154,-0.002880947755681699,0.014185913659465024,-0.04117116845612747,0.07599507649942024,-0.13443281974412116,0.08013150701797676,-0.04744933407527165,0.002822207307306825,-0.004433078722778641,-0.0004765121119100602
clarky,0.007993860342543855,-0.03861472813454893,0.09651333986986875,-0.12976604487171506,0.12211039001977764,-0.06366658363549706,0.02840520513701968,-0.011391243873041893,-0.002351138801508162,-0.0036943952798759554,0.027095507808866267,-0.04622869928918001,0.02755118805012534,-0.026491673509811995,0.009720820567141446,-0.0021021466858591707,0.0003448488283426896,0.0003318733692744314
RAE2822,0.00706735754426377,-0.031238221346281365,0.06294263338806373,-0.08008547874184191,0.06696700323592311,-0.04642566210227041,-0.000774112769795284,0.0007562487968007399,0.00048433563704200884,0.02654727446153765,-0.10503712938466792,0.19829414508277154,-0.2530393336294822,0.2347220641350421,-0.10538311246903675,0.01183890995526081,-0.005193778286680799,0.00011274522527266306
EH159,0.024699210309842103,-0.10003049892755744,0.14813587449906052,-0.14244135848365622,0.06204023276409863,-0.025791428758697537,0.008764686910639297,-0.006202064036865651,-0.0004253518583650145,0.011952547677360443,-0.038017697595290306,0.04599707804771576,-0.06141850379610819,0.03763983991580176,-0.0028566333651298026,0.0002796376184204924,-0.001064975083626532,-0.0001317419361731784
AS5048,0.03601711862356127,-0.15568111266011742,0.37266447022599153,-0.5028909987608694,0.41746338818527057,-0.18594843558115756,0.05444136134758933,-0.011019412454827082,-0.0013161372109684792,0.01906216518422158,-0.0336439259545653,-0.008871238990948853,0.058112701001681984,-0.022522170509002574,0.05421249273730755,-0.04507006614951525,0.012150133359250293,-0.002845973798937815
ag46c,0.017230680284122588,-0.06801777719096293,0.09955506301099659,-0.0974346203391123,0.043255772390282964,-0.030159775891438426,0.0023049258802530967,0.0015184664625197577,-0.0015670367751198396,0.020061825002246552,-0.07087067319630887,0.1078488272458438,-0.1440936715163427,0.08500719671904615,-0.04313844287850285,0.00568644243844556,4.8342452423817735e-05,0.00013693395297580238
DAI1336,0.027396758954060102,-0.13414277256037677,0.2908718698524293,-0.3748131226466887,0.32662579097385636,-0.12384517603536337,0.03845298888515469,-0.011241592180918008,-0.0015948036079029247,-0.01260809067815533,0.060024474725855974,-0.09182683288494124,0.04598489794601484,-0.026880245357040346,-0.004366535690534264,-0.0040070288024586405,-0.0003642118508062932,-2.529218179000568e-05
Dragonfly,0.04049461947685812,-0.11045160005502659,0.17628916390115176,-0.1742521198803335,0.1274416442506429,-0.03916213484630682,0.0296735431224491,-0.01909360849436205,0.00020563293455837041,0.06584601357398237,-0.24816038833666215,0.43026268018207287,-0.4311883667470395,0.13878143043853178,-0.022787008423852482,0.0023616613272620826,0.004047381446430962,0.006469581271824785
SD7062,0.008829173840606512,-0.04925201413558981,0.1135598285593449,-0.14856910585816485,0.13199995684130522,-0.05053653723595246,0.032993324344275876,-0.007790611374632935,-0.0037530082375933763,-0.005752009383615063,0.040422594965247284,-0.07654690579808453,0.05386594316496177,-0.01990536883299534,-0.007150184365356034,-0.0024804474165763765,-0.0020443839084844065,-0.0002868283316623721
SG6042,-0.01891536066870816,0.06997467430195284,-0.0908119275134936,0.060827816934389836,0.00402515541143858,-0.0201407172085414,0.0063420472618767555,-0.0008320704644266034,-0.0024159957264765605,0.007580128119355405,-0.01723495643162991,0.02303944514379613,-0.06330750232694189,0.039132537606046715,-0.01683274300702026,-0.004821303720909279,-0.0018444741490210006,-0.0004453060356341126
MH45,0.027950883013817342,-0.11519583169030058,0.17744178764043889,-0.19902417399159578,0.13473065771052065,-0.06582302495469618,0.02158878780000566,-0.006156366916901631,0.0005113875052591029,0.003363468194662106,0.007589986925330022,-0.058997260199596314,0.07715580726609984,-0.053998606168193006,0.017914746310074732,-0.004542766974721098,0.0015906455404809008,4.2600371323372677e-05
S6062,0.01814324254504154,-0.0735389923198017,0.10542919111594769,-0.10287353547672261,0.053151961211527814,-0.03175018670508975,0.0010960237566306162,-0.0016738815802025831,-0.0002153455366494649,0.013055641153810254,-0.03138655742080732,0.01483661785041782,-0.01640029848002793,0.003931616499134363,-0.00058748342344479,-0.001538932104792754,-0.0015244872405955772,-0.00010059541369183564
FX63-120,-0.016059246573330042,0.055930630762168795,-0.04143698239350397,-0.01283174486202709,0.06805922646630592,-0.03252620975973016,0.014968488817686592,-0.004392141583057545,-0.0002569185912605376,-0.040767185773182904,0.1330526527710167,-0.20137850471691357,0.12717654122998978,-0.04020879150521941,-0.021200540360131154,-0.010460494153224777,-0.00444993834832734,-0.0010701545721621378
Teal,0.005286966924152282,-0.014570314380893193,0.014100372852595508,0.003711108461133799,-0.03636496744952425,0.011776697422097391,-0.03033796970276417,0.0020338464939848038,0.002058587915657664,0.011199294293152407,-0.034552622667707054,0.025967742951829492,-0.07018480695505604,0.020693615759214884,-0.015293633205933563,0.002063837661924331,0.00021488987915812036,8.616330264685546e-05
HM10011,0.019440334882701405,-0.07762604559896162,0.11742397719672458,-0.11684932757743208,0.06466842246652686,-0.035605738073372806,0.010797697529001884,-0.0024806947768748542,-0.0019844515981813525,0.005997317718460297,-0.01515434833643572,0.0014633318431167919,0.003903387963787884,-0.0002960137958011284,-0.0032362251608818353,-0.0005858607980400662,-0.0012244271514404521,-4.568812397738642e-05
FX02196,0.010429974163997997,-0.054657118577946556,0.12981535796469865,-0.16028166532445629,0.13552622517749374,-0.0011426865779542387,-0.009644342152733324,-0.0014189637680875763,-0.001487160319113082,0.009183533218519791,-0.0541302837957937,0.1385167213641334,-0.23145869379108505,0.26660185155911037,-0.14764548149919918,0.02411926718231822,-0.008393929010588184,-0.00038160467788800003
ag47c,0.018193371617095163,-0.0711476606546412,0.0993613908244303,-0.09293944091490625,0.032167031757842524,-0.026267919044467885,-0.004531382373584851,0.00456900606960046,-0.001154280226683244,0.013512057375159219,-0.045999377663236085,0.06679564740707143,-0.11078195707907175,0.06974437083250395,-0.0395019332502085,0.005870856147152708,0.00012177858236709674,9.458412944501741e-05
SD7003-85-88,0.02308657741681351,-0.09093285324166023,0.1403835978534381,-0.1400650554809362,0.06920653047317048,-0.03823383925160546,0.010642503529935421,-0.0006595589891200187,-0.0021166034835146392,0.0073549092988415,-0.017464644306107557,0.01088944117785958,-0.018467038273724836,0.006923696376169966,-0.0035033655411229677,-0.0031299732630918186,-0.0015485783615143993,-0.00023690496257984197
S6063,0.015431527783190424,-0.05889178360201287,0.0733682491752375,-0.06931366369102879,0.029880120122761738,-0.029196952802318408,0.0013434514458368287,-0.0018960239014102942,0.0009783262253158912,0.0063109214107342545,-0.011256904160802678,-0.011531502554241447,-0.000433112367686568,-0.003544437538867057,-0.0003615081927931024,-0.0017995606778214229,-0.0009317540491846917,-2.497270521509756e-05
AG03,0.02655329199823351,-0.09908593303308974,0.14617509648356572,-0.13831838990354994,0.06290030027399475,-0.03680404405545662,0.006017396679391657,0.0006019738759899301,-0.0015731692169334516,0.014205409843293692,-0.0493263830361997,0.06643265137616543,-0.09653218222379797,0.04929071233596092,-0.018166310946350593,0.00400682659656636,-0.0007095918090248245,0.0005135075372651312
MH78,0.05958424067389539,-0.24229475910292222,0.4005335476410029,-0.4160465886200069,0.2577202772034822,-0.11114031477403608,0.0753200794019548,-0.013629560131639159,-0.0046268760062836,0.00409524606623539,0.008910631819194674,-0.030817354591914505,0.024063456197821312,0.003261120418920273,-0.0009896603246267281,0.009438320215060117,-0.0035644032830641687,-0.00036770585391754135
bw3,0.02395718082786883,-0.02298681916169294,0.023675761254512314,-0.03824317578729032,0.047455423977104304,-0.03129606780376302,0.0033966979816836755,-0.0031295335096890426,0.004097816612781347,0.0295949942207775,-0.16795982729872017,0.39590929424582316,-0.5086177308246008,0.25328612014069557,-0.09392844030676248,0.023542279949632358,-0.0013776219599964637,0.007019449744698407
hn1033a,0.011438110325484932,-0.04427922697506901,0.06748459188895647,-0.06610187453347348,0.032026220420889234,-0.025605512003575113,0.0012683344265203838,-0.0010838110525813213,-0.001371239601428425,0.004065150122549856,-0.0066010157081498825,-0.00906404116572108,-0.0140200654954952,0.005779637116578734,-0.005836457085489723,-0.0027427324550498905,-0.0013018283873930116,-0.00020796038240067846
FX63-137,-0.021092141761005292,0.07867001507507616,-0.06850831387835257,0.00836928682752092,0.0661070844111472,-0.02453039370298008,0.01532010555063754,-0.0034052080735339193,-0.0019010369651314206,-0.01749045761279215,0.06963553311454848,-0.11699468704765012,0.06253107076106083,-0.0017429748576406855,-0.04165317000429026,-0.0054812372697896185,-0.0079764001859445,-0.0006278938123693691
FX78188,-0.031290676337294966,0.08629396583213382,-0.06224462209160225,-0.07563065214601905,0.21836243611434916,-0.13117305327880413,0.03439661665879882,-0.012535365036975048,-0.0005287130035649003,-0.011968339952869318,0.06418245774114782,-0.1449238844072816,0.1693146186205585,-0.10307054053608553,0.0909908121870548,-0.04256653989506241,0.0008112466844790345,6.791734924378425e-05
ishii,0.040070665898215535,-0.1205346269529421,0.16557357336499764,-0.14908340784049726,0.07101397004179544,-0.05068080436128625,0.011551865846029092,0.002944607380092633,-0.0027113679576387137,-0.027039972860696152,0.1369007047833038,-0.3075086641021073,0.33582032113683075,-0.21452836783163481,0.04805824398052204,-0.002209087494171957,0.0007345636322340981,0.003869881524000405
LA5055,0.09704545553407194,-0.4229997701715056,0.8091532564065371,-0.8907437519944426,0.5727121895313326,-0.13030774370413897,0.01511813546889933,-0.005956774434658979,-0.001111875687042312,-0.1064699493043021,0.3677030229667404,-0.4902214484159532,0.3235420874610857,-0.14324311474338083,0.03425796464953014,-0.005241548724439305,-0.00129127522143744,0.0006577018683990046
FX05188,-0.019584282191908164,0.0633455634637112,-0.04491085200094985,-0.041486999416641766,0.13105857041459384,-0.05878102141150957,0.012818818859993336,-0.007878068824328906,0.0006171180221128346,-0.017678137751037964,0.08756144690406804,-0.17011745041510973,0.16640979806009837,-0.06713513918731259,0.05452370560713467,-0.043858899344146225,-0.0011033055978631064,-0.0016915388651196574
NLF1015,-0.03502716700652596,0.11905992450440323,-0.10366817796899135,0.002065132926370299,0.1286415794159865,-0.08844656449687421,0.029198954545221232,-0.013495725896329322,-0.00047415396779207505,0.01834165573839536,-0.056020679927428436,0.06992092929291593,-0.07133885754648725,0.041330014084836504,-0.0022270261873329135,-0.023584288230351927,-0.0030966156607374557,-0.0021480823437234203
FX61-184,0.003761065664450797,-0.03095048313010779,0.1301344752167136,-0.2271317144327819,0.24125250271408724,-0.09953852706359695,0.031872079783166946,-0.011321970017683482,-0.00012160367460977665,0.027002912037806553,-0.12046659835487106,0.2265952416326088,-0.27226991264429923,0.2449552946873297,-0.0987764143410706,-0.007094465349772914,-0.003153633290031218,-0.002022036034394078
E552,-0.00016079814527097909,0.010342854383081008,-0.01848513687021726,0.02554239457977314,-0.028370639119198814,0.06495355361882485,-0.019022208453254533,-0.0025994891192042758,-0.0032806560813393127,0.022669030511063573,-0.09408358950283167,0.17954565990873073,-0.23581843534085375,0.26191601837623607,-0.15255846429358427,0.029810735089760867,-0.008608104524932537,0.0004705364879741132
sd7003,0.02308657741681351,-0.09093285324166023,0.1403835978534381,-0.1400650554809362,0.06920653047317048,-0.03823383925160546,0.010642503529935421,-0.0006595589891200187,-0.0021166034835146392,0.0073549092988415,-0.017464644306107557,0.01088944117785958,-0.018467038273724836,0.006923696376169966,-0.0035033655411229677,-0.0031299732630918186,-0.0015485783615143993,-0.00023690496257984197
PKMB803,0.009104118810450954,-0.030189822923487136,0.04651330486956889,-0.04546712216158,0.018089648404911892,-0.015004155411252794,0.0012458714936175387,-0.0025603764406184636,-0.0025542949750237466,0.01209678799260752,-0.03808914025422814,0.04784097020924972,-0.08683308982795614,0.03910644654100062,-0.019210265508899253,-0.0003965953561392597,-0.002903783248163194,7.049118205546636e-05
N653618,0.009432952575740665,-0.06224174571676047,0.1813611385892986,-0.2557101230243094,0.25284200686697444,-0.10114086659400888,0.02200819340464746,-0.007557051722408896,0.004095808869043658,-0.0030839388010696534,-0.0211810262467217,0.08573045120516491,-0.15557575239337695,0.16416260600181082,-0.06189114806932264,-0.0033203847046233493,-0.006092958278083133,-0.0013215501205564504
HQ359,0.006551742376287181,-0.036165550745922176,0.08639871316140135,-0.11853444816380589,0.11470142329555479,-0.07094343242366918,0.023123432589917104,-0.007260556517296677,-0.0015900083144085642,0.002000650768332677,-0.007051332546925733,0.007177626441015286,-0.06798649075141398,0.06096388910331206,-0.031128666520675932,-0.006402195227274953,0.0001301050962425408,-5.740047497482199e-05
N654421a,0.043065431362925954,-0.20724402400485523,0.4306895188421651,-0.5236009641422179,0.44198979198186644,-0.16648334295152148,0.03873847572209933,-0.010676355990106341,0.0049020155334477695,-0.011332086551422739,0.0018500705684515166,0.05838799640443997,-0.12725553594601163,0.1656821052595143,-0.06509391627395132,0.005485409741666196,-0.004612885801941237,-0.00024872643455447894
AS6093,0.01216266579637667,-0.05123738321214532,0.08809480710412564,-0.09367251275592471,0.05238579284841835,-0.02580704226308971,0.0004575569798324885,-0.0013831300649536056,-0.0010848026240617475,0.10111797626160837,-0.3682782772106943,0.5643775523155375,-0.4520619390788605,0.11649105088006875,-0.04364320810921764,0.008021089474599221,-0.001130403492663559,0.00021550739570846015
AH95-160,0.026557117479723214,-0.16605960639189862,0.41561398107441666,-0.5523940771173013,0.4752440172967916,-0.18398180340866463,0.04526838448266166,-0.013218123710436678,-0.0010443969432814772,0.001217613805963771,-0.0004555596378301845,0.02105915847027658,-0.06618196094914765,0.049947351406698495,-0.020612959144293317,0.00038911928144806635,-0.001770920012758032,0.0019045213235120147
S807,-0.007886105224518642,0.01594837493680698,0.0180198690694049,-0.05046329727276362,0.0531707872182786,-0.04144697881666609,0.04674056854287305,-0.018513651053655652,-0.0007108351218242019,0.02508576178914441,-0.10171471217870416,0.2088560920622416,-0.2773864183436328,0.3280511136244623,-0.1944071464144655,0.035785463298199635,-0.011180978177643191,0.00010596715922108912
FX75193,-0.0885164030027774,0.34181695759274255,-0.5312950168686513,0.41330981867008704,-0.08385453761120588,-0.007175775439357092,0.01037784326909869,-0.012779591180724102,0.0014797657628878298,0.006461966451027181,0.009918095469177554,-0.0716462153749457,0.11563159894272458,-0.09314666279644629,0.10115196849959826,-0.0744433997725906,0.009241309781001496,-0.0020826650335388198
Dragongly,0.1193678099750803,-0.5168848475905705,1.0196932175288713,-1.1301577649556538,0.7892970474971419,-0.241982515299261,0.04951939194110723,-0.020747487741054876,-0.0022008107807893113,-0.010499905970573454,0.04482555804772099,-0.05698906162217761,-0.0008324036404941828,0.030048208377287826,-0.018545561677308767,0.0034284280484021858,0.0012797608232677966,0.00018144914864683462
N643218,0.023717591675000264,-0.10255077036887655,0.18354945320974173,-0.2018513547922552,0.14666445521204063,-0.032728791331864515,-0.002875079111613856,0.00021586295332861832,0.0008771330030118777,0.02571222819252559,-0.09360719570512552,0.17493922236428472,-0.20556139688671513,0.2110516076962832,-0.09177093029599574,0.011250152548277239,-0.006459996164670569,-9.888705562079099e-05
HQ3518,0.009451710868712764,-0.06987094249094462,0.20252008966875898,-0.2903411843185794,0.28804392091302505,-0.13453645348048718,0.05650876046138911,-0.014304397433207265,-0.0014144563735454328,0.004951834987528469,-0.05175539709717806,0.14468198242342847,-0.19268405742657965,0.16491882630743707,-0.06341735634335151,-0.004667749596272262,-0.0008124764979593583,-0.00025681542668749374
E553,-0.005670502780431795,0.022619681991374506,-0.012012275602850807,-0.013096410450628353,0.041518259942477195,0.002983027807459437,0.0037749782457681944,-0.006676335950195544,-0.003156350747365347,0.006122551661416234,-0.021209536715260616,0.03688538543077257,-0.07694766324221414,0.15890691099774906,-0.11801822533180027,0.02230658712402907,-0.007782084294346135,0.00023417298464839458
E551,-0.001277754566387414,0.0024945232944346626,0.023593480436369774,-0.05050375465780246,0.06540821610710097,-0.0018886901880149937,-3.561222776868532e-05,-0.005114152597460908,-0.0033361566746770307,0.025780579649067895,-0.10564912623660873,0.19887382396042008,-0.2540650352869569,0.2727359012556274,-0.15602697618995393,0.03084700797529128,-0.008510272131075204,0.0005172135464317721
MH114,-0.02457522293001583,0.08265404383086561,-0.06863800115392185,0.007491456319334331,0.08182335949140389,-0.040759996826555955,0.02665876922460138,-0.011625813706939405,-0.0022942630402824305,0.014981380080473988,-0.03817996764136982,0.04277952937582105,-0.05916416692419352,0.01989753114416426,-0.02781660648979344,-0.002177609580241984,-0.004832111557722559,-0.0005770502828904339
FX60-126,0.0020242672330666634,-0.01061044641773484,0.02751446626494259,-0.04123407460046353,0.05039454431089195,-0.02331903818859297,0.011674555281068354,-0.002436473027564961,-0.0012410552623718352,-0.006902503797809435,0.03408757731854039,-0.0827572410322798,0.07415737333568571,-0.010253959240548576,-0.03796023679469633,0.001015267027140357,-0.0028640639764187918,-0.00023587396376617008
E182,0.057584569536089675,-0.2282279783355459,0.36016154125214517,-0.3524387254484031,0.19414990455509298,-0.06417434476664335,0.0012881342235715391,-0.0008421797543609602,-0.000650620042962365,0.006148625880136961,-0.009495857301432565,-0.013421497119399634,0.0031818826539901372,-0.0032007006886740886,0.001234670414723692,0.0010781435333940515,0.0009348706306919245,0.00036352096047320123
S3021,0.025020651663085387,-0.10807771746745873,0.1964196433116911,-0.21426783768522223,0.13944709809061315,-0.055653314179594814,0.014527487015824474,-0.005608018870941762,-0.0018900448008302255,-0.0011491909045872359,0.015991719168492617,-0.0509600310042048,0.03242230196087608,-0.024978817994299813,0.0054890153143636825,-0.0011454827978819848,0.00012137905367569668,-0.000495611202748021
ag41d,0.013843471914553011,-0.05148980122792624,0.07255550735914933,-0.07096851768068364,0.03611427598675134,-0.026316613321160805,0.00512410014911933,-0.002039827176011259,-0.0012088080505794814,0.013381730932238734,-0.03987286027878935,0.043361268044064025,-0.05595848108543458,0.023429281173673155,-0.013254999067401886,-0.0028698717474042873,0.0013875556943491216,3.177672471667259e-05
owl,-0.012726854703859451,0.04759218017225872,-0.05178908713999687,0.040071855761382766,-0.021309618833676876,0.007066137980863311,-0.030278520397332812,0.006621485603968251,-0.0003880090245911065,0.013614569596008921,-0.03324388681231722,0.0009438934570360919,0.04885582629563586,-0.1548242302598303,0.03905298621412855,-0.008126058069412686,-0.0014134351663617716,-0.00016237601940871706
FX63137,-0.021092141761005292,0.07867001507507616,-0.06850831387835257,0.00836928682752092,0.0661070844111472,-0.02453039370298008,0.01532010555063754,-0.0034052080735339193,-0.0019010369651314206,-0.01749045761279215,0.06963553311454848,-0.11699468704765012,0.06253107076106083,-0.0017429748576406855,-0.04165317000429026,-0.0054812372697896185,-0.0079764001859445,-0.0006278938123693691
HQ159,0.015613894894766278,-0.06533627804252143,0.10658433025890474,-0.12087167176309425,0.08275714443882216,-0.04928677072711443,0.006944653687109595,-0.0017130074914167561,-0.0006500602335877369,0.005434362503175834,-0.01520501452200842,0.009191774869556916,-0.03545891543362223,0.03911220381135262,-0.01485301805384475,-0.0060263885060683805,0.00043395396287256884,-8.329324600974653e-05
mh32,0.01050827223532235,-0.04266972228299706,0.05903808881837233,-0.054757009275018115,0.03368290763738973,-0.025508791724482352,0.00561121073493751,-0.0029102040708040774,-0.0018066870854142184,0.008866290692551862,-0.02323336395233803,0.007490350586267712,-0.01499436338036456,0.0038049840609606696,-0.005724922315723951,-0.0007699265526000961,-0.0010510716642876043,-2.8858923609378506e-05
E554,-0.006441237767730078,0.03575222142502786,-0.058072921934493316,0.05956876005076917,-0.04243868917528689,0.05810892159826636,-0.008373388600294768,-0.006131687067032524,-0.002458025381836518,0.0044838015960117095,-0.013919237634675336,0.02298309632709167,-0.061838244677948837,0.14804916733882056,-0.11370646788437654,0.02084708287248721,-0.007804107570740379,0.00016221512988232742
aquilasm,0.01802075102275003,-0.07601014225312065,0.13712383130242312,-0.1534552367539622,0.10960814341072474,-0.04288942063450017,0.01959141079439852,-0.00828051763380602,-0.006059997393796816,-0.029145511133707974,0.11748980579995012,-0.19391224633303034,0.10671044921660938,-0.04327117845590184,0.007964104338669054,-0.001231190639081431,-0.00016831097941805135,-1.7862001735950067e-05
E636,0.017920542867339285,-0.07707623355070281,0.12286507841316235,-0.13126030288465232,0.06782026309535664,-0.014668525440703245,0.027364002367381984,-0.014649344567309224,-0.0011127443988255918,-0.009536578256932117,0.04467868593046946,-0.07836241930243562,0.022512368343373695,0.011284729865774572,0.0013909576040870015,0.006854073699332154,0.0007500635322851205,0.00044784214551327146
ag40d,0.01140468514152032,-0.04189232049259098,0.05810128244287015,-0.05915826979545385,0.03472598366079867,-0.027354541607875368,0.005407863008803441,-0.002552713619380507,-0.001072039133926446,0.013989061835427688,-0.0440883708219384,0.054099265880391725,-0.06804224023941079,0.032694842261328017,-0.016688106147172824,-0.0018845192520676262,0.0011321913732548568,7.614940742399545e-05
e193,0.018929175932782333,-0.08467322999267506,0.16279218964740186,-0.17967098137173082,0.11648780110322575,-0.029586785053888558,-0.0012303400207847198,-0.0035805295217233813,-0.0017266186854814237,0.00394785032688686,-0.0007516161023502247,-0.024295171684193352,0.01139727329571286,-0.01659440792501144,0.0005070542000583094,-0.001359079161921223,-0.0002328644737308501,-0.00037877263172037646
HS602,0.011621907333812484,-0.049712022850824975,0.09337673820294315,-0.1049387117854595,0.07526219296777531,-0.035857634364947995,0.008211700351818426,-0.005249555285018751,6.44413556814202e-05,4.12715010214966e-05,0.0056288555831198565,-0.012061515007376952,-0.03366245595498482,0.0621252022687957,-0.05892334582892602,0.008048172545669936,-0.0034559775887470336,0.000331255684023562
E186,0.05515630058592645,-0.21364002198615842,0.3120376300367911,-0.27637016066239745,0.11333137766828129,-0.010606174359503704,-0.010103007555701263,-6.604826282239621e-05,-0.001803043672782561,0.001994314127862019,0.004321266327599836,-0.03584997481853251,0.03309257907674581,-0.012761474387794423,0.00943451586626182,0.0019856213154245132,0.002978387542350069,0.0008864776392244605
N6334221,0.01964483734237434,-0.08907931954218469,0.16495083067912653,-0.19163888913280663,0.1504127337458675,-0.0273426493455448,0.006073075324220649,-0.0034211918231254143,-0.0004847664337407012,-3.9774958029993596e-05,-0.012782399204285977,0.04960497945818607,-0.0641844158023227,0.13298683212733245,-0.06766772110077368,0.0036579089097105583,-0.005760149762192025,-0.00014737135144464675
Seagull,-0.01720436009887531,0.0656861786867939,-0.08055672685986894,0.07069029681907321,-0.016984116680702387,0.0018464163939106444,0.00998380601168051,-0.014827027002853932,4.984823135914811e-05,0.007421626854774691,-0.023858757659681904,0.0371511907472335,-0.0870710403398417,-0.016683323425235947,-0.008547806826930682,-0.0026623980270902817,-0.0014486105023720091,-3.6582358546424426e-05
SA7035,0.015589805901850365,-0.0653353593853553,0.10415980168284619,-0.10148980930739737,0.06232610370686856,-0.03399151296109498,0.010928968925868279,-0.004159780011842634,-0.002300854087851637,0.01410748785588818,-0.03792215382443433,0.03069233674267548,-0.03804538825326026,0.019296914721869306,-0.011940826920846028,-0.00036814234693776775,-0.0012560404680125195,-0.00042962857268314883
S1223,-0.05889252373329655,0.2652810426608209,-0.3930574101603803,0.35803062912040523,-0.17876584818571167,0.07598054178069953,0.01601499696405452,-0.012565347438929337,-0.002737346817331626,-0.004388198852421845,0.06401358964062336,-0.1469082978291052,0.13893535344930208,-0.14186944063353854,0.014894149362437315,-0.0196622189136945,-0.007814615977018971,-0.002996629521920254
FX60177,-0.024349992704393298,0.09409354581861738,-0.10941258247089664,0.07779827505751079,0.01478164370585438,-0.026879063479886462,0.021945686058598503,-0.003985820951409783,-0.002631566562677059,-0.016118623026405054,0.05959202277174495,-0.1354534336674203,0.16121277740432272,-0.08647769912619215,0.06797757957116467,-0.04147503831730809,-0.006613416430431195,-0.0025109340829174353
lnv109a,0.0031294259800370163,0.012639146094468028,-0.11029941970636156,0.20483742917765574,-0.24464593214609123,0.20463541753198397,-0.04332475327303702,-0.0019423280721058175,-0.001278643550380186,-0.10128869744787242,0.33829060755798435,-0.42049923156665703,0.24989622213400223,-0.1334755066761354,0.03247377030757599,-0.0028362276616385874,0.0001918889959197632,0.00021351397845931785
N643418,0.010696196847877683,-0.05461646541195419,0.12155555978771794,-0.15369057425896418,0.13462322796446127,-0.030346958029315984,-6.890512207214995e-05,-0.0014474648462561863,0.0021209945692783594,-0.005135702589255221,-0.00914021372826796,0.0689018629779897,-0.13803798512068574,0.1786538164715301,-0.08781634356723297,0.009839771847335513,-0.007991033576438164,3.80850217403812e-05
DU86-084,-0.016241185171223783,0.09709049802326974,-0.2486841165165488,0.2711201832978719,-0.15336959842646114,0.02674964985365088,-0.01209766558081592,0.003128660731271424,-0.0020820684035603378,0.014959487819028974,-0.049081071883267165,0.06066171599944817,-0.07957283518446437,0.06941799205352356,-0.0396546335411609,0.02540318865643316,-0.011007361177668254,0.00022482950019426208
N643618,0.001762439510693612,-0.020532453255256728,0.07955130175995893,-0.1205704384871693,0.12853368183434807,-0.02882472832948383,0.002400302651478137,-0.002763852980017962,0.00302058331076657,0.12109749883931757,-0.35885114870437423,0.5097366414526182,-0.46726046115035613,0.32801297785819566,-0.1376963217988271,0.018110534867295008,-0.009890585493169981,-0.00020077052484887258
HD48B,0.010842160811778238,-0.04662114564474229,0.08113069358019122,-0.09211191924922557,0.0608205988817208,-0.03593156890846565,0.009293985203334423,-0.0030344437303966567,-0.001116816877794998,-0.00020377928469212877,0.010470847593170976,-0.03822575101929871,0.026396337043688177,-0.02066926638751839,0.0017599685101871501,0.0010778129114199962,1.8692450444439594e-05,-0.00047899008549296714
PSU94097,0.029251213668798733,-0.10569303223999717,0.2007368240366452,-0.23478731429141447,0.19300443276487578,-0.09175664870320217,0.025079977354515844,-0.0075548775570485815,-0.001626228888018127,0.013763827671031539,-0.04123887600735413,0.042773747103496504,-0.060351056836238114,0.02421064905273495,-0.013963939870242519,-0.0031407811691901663,-0.0020222891803554654,-0.0002967481454754835
AS6096,-0.004389184768304315,0.009157445135032173,0.009756450805092324,-0.03091242702443024,0.045551146216850094,-0.02462081057083375,0.010774347213425989,-0.004474992509379917,-0.0027968042590319304,0.06302306523692033,-0.23275238572006696,0.388156757043247,-0.38296698192939865,0.11986823022581278,-0.07479966210387316,0.018771356736586618,-0.003354665054196117,0.0006136834442591255
E184,0.05633826863747471,-0.22574836917771549,0.3522783443735423,-0.3469947365788663,0.18833502226131402,-0.06385122840465024,-0.00014966658215771848,0.0003999286743488279,-0.0012118493446984931,0.0017183061253176815,0.004300464328846813,-0.03406469168473096,0.02319995580548745,-0.010831472177875019,0.005439143220399676,0.0010865577687516955,0.001564481682858476,0.0005151546454320549
e423,-0.027595895191538874,0.07432408838891166,0.007921045163764288,-0.0995778762590315,0.15402214408191112,-0.03024764282574759,0.016109775493213022,-0.007078677955106311,-0.0062187040683654195,0.04100211584675404,-0.1461262526967916,0.2340499243651475,-0.20976100762546057,0.008879628069752891,-0.002381642259400275,-0.008615848350570547,-0.0006519839119369581,-0.0009178042810996055
e387,0.02599382678481666,-0.10832663996852215,0.19038691120282542,-0.19911390887578548,0.12156516101400563,-0.030681436392795306,-0.0017386290536725113,-0.003430223009536269,-0.001475732041091988,0.0070393268308630895,-0.01203955329564563,-0.005133191120028661,-0.016768791823857845,-0.0028173020834065922,-0.005544592247948273,-0.0010845578020605004,-0.0011253286455216972,-0.00015097659802908113
N653218,0.028690820609530626,-0.132625521950955,0.263305827597725,-0.3138518405990498,0.256233097701248,-0.09930096150748731,0.015596472302818142,-0.004712701468943262,0.0024888557990972024,0.009362464245167056,-0.04523236288112931,0.10546943146409742,-0.14774495028510048,0.16628797476447466,-0.054820602856941465,-0.0010035635585198103,-0.004397231181400445,-0.0008085968078566901
SA7036,0.013534671851933949,-0.05810202909032775,0.09487116334027926,-0.09415533590852315,0.06113900810694473,-0.03388023414914791,0.011625422536487538,-0.004384123272283386,-0.0025691262358877986,0.010275105409557362,-0.02320544338333733,0.009001831360599392,-0.02161022056077853,0.00926293305196082,-0.009528766366030998,-0.0008111262861486936,-0.0013041532658482782,-0.0004009810907388309
naca0006,0.02079763387235131,-0.07907659588824294,0.10245945192373307,-0.08843227499447397,0.01518600932604672,-0.02232258802404845,-0.009841759377842369,0.004258881541495758,0.00044579289436026844,0.0019965187733149313,0.007104588945947443,-0.042999864905547976,0.027344922457579093,-0.004915148439968519,-0.0004586068836318569,0.0012635986314756885,-0.00025292345780834327,5.6380785495076093e-05
DOA5,-0.020199931423044652,0.07129078552928252,-0.06219146312296347,0.007815226493089007,0.06993320888950079,-0.060244519141869776,0.026288998359357513,-0.0037018245928433706,-0.00028367060410880256,-0.01789198261142039,0.04221391985403608,-0.015284904561148215,-0.0563325440323071,0.0859268986212612,-0.001732216494503713,-0.0337984420078629,9.231102417722311e-05,0.0005950382790255536
MH30,0.01132427618660726,-0.04424686070045773,0.05421948283078596,-0.04612040488124171,0.019020872400746743,-0.02322806944064487,0.0014280618895837933,-0.0007428245564974313,-0.0014535006780675567,0.009308420899807938,-0.025757515192232853,0.01123208324823049,-0.01634602241496979,0.005329049336009943,-0.004905655927763141,-0.0005032336741874076,-0.0008077769470870394,5.8172795578849956e-05
GrummanK3,-0.037815569367001554,0.15282878803609162,-0.22104875439249913,0.19483598793890824,-0.07093282247184386,-0.002190233410319902,0.0006207684179862733,0.0052963291360374,0.00018459563478765223,0.03174269547828047,-0.13559904268986897,0.3296853376753157,-0.37304473798856214,0.30693078494933207,-0.13853713660150407,0.013622455709039666,-0.005295884996151666,0.0004527557804393529
E1098,0.026213617766823325,-0.15437303946829842,0.4041790264252149,-0.556101769200508,0.48998757626572664,-0.20688617100788145,0.05633534671909573,-0.0175539846594214,-0.0014824158882448802,0.04201888368284439,-0.1643738056223245,0.29991485312606064,-0.3575141322587285,0.3176837042213871,-0.14996002705853745,0.01904521672109366,-0.0064318046923797076,-0.0002951069171827245
goe417a,-0.0032228259211464333,0.012763572315344411,-0.01694381814779291,0.03098609546011259,-0.03209132439052515,0.012898703157428911,-0.01160859212716004,0.0006388553517577334,-0.0012076076668638169,-0.12048114574292462,0.44466311845471507,-0.6478337103498321,0.40740118407773707,-0.2269379290283873,0.0772198393798729,-0.021190100339560917,0.015246473344272747,-0.001552906799140152
ds19,0.006548804071329863,-0.028016801253596645,0.04222229672274797,-0.050605050623588936,0.029122054327795775,-0.02440271962160572,0.005360367636745828,-0.00242825315834887,-0.0004590527563032879,-0.007279882695227054,0.0419503527486974,-0.08993650810621058,0.06297071056420475,-0.0319260500304896,0.006589080580793845,-0.006159950572199183,-0.0010784436014089549,-9.217070338649826e-05
HS3412B,0.03292811509703631,-0.1315021062210716,0.21892515764634887,-0.21702136253492577,0.12153473145823908,-0.029728185875155688,0.022584244710621506,-0.008652871464946128,-0.0026332814806091587,-0.0008713352408064572,-0.002809682532255519,0.005746775812682915,-0.031242266059754713,0.004442819954906216,0.022723119546713865,-0.001534824044605598,0.0010445731681602193,3.551086269048338e-05
S833,-0.02950296135190621,0.09198786711000702,-0.08088483338595817,0.032661517231297496,0.04055983784458854,-0.040091067862711674,0.012874735566993294,-0.006369627651260907,-0.0018770529095267561,0.009997115423537886,-0.02634135421814976,0.01786657610623308,0.06372021627779749,-0.03450425785414984,0.02523931809209656,-0.029087774155271872,-0.003813500846654425,-0.0004486054035767237
N654221,0.03558478041588547,-0.16794666190304836,0.34355937999011316,-0.41177661723487086,0.3367407469331333,-0.125391062844499,0.024612735370646847,-0.006820840401337079,0.002787262365872976,0.012162321007489268,-0.06345291159963634,0.1509496172048457,-0.19433909482043793,0.21247410208411724,-0.07267239650043864,0.0008892056679066163,-0.005172507231888258,-0.0008072461127444219
RONCZ1082,0.0577650958573226,-0.24639187610635516,0.49907886714469074,-0.5715168711756885,0.42276209501490747,-0.14285556292598542,0.030494727391843546,-0.010208643448544033,-0.001909706827932961,-0.007276162108809895,0.058801118710055014,-0.14770949421765714,0.17951077065535434,-0.12266516446207198,0.08425646523125661,-0.029919165902130302,-0.0019949382695359057,-0.0007818560914204248
N63618New,-0.0013212647453979336,-0.004288705696377116,0.04175678060189466,-0.07725505264722148,0.09684955083126498,-0.016214736477335658,0.004167273644506121,-0.003445496792628833,0.002168218814824065,-0.015245289277940595,0.024462136445067572,0.0006729112174720834,-0.05259891476562376,0.10653252435078961,-0.06381800264970718,0.001229993953362961,-0.0073607058874376316,-0.0004910394608706248
E604,0.0001541687000520008,-0.030112823636820503,0.14422777962012948,-0.23486042014020644,0.24965190902965956,-0.10197682394366904,0.0303667646888182,-0.01050773652659348,-0.002478339388296331,0.0202268438671937,-0.06778558440728627,0.09199747287931782,-0.07990402190759728,0.0602936818540828,0.013278963742811588,-0.03535415165632836,0.0004637424565316745,-0.002031508816124675
S1210,-0.025482344859644648,0.1296133363617537,-0.1965550209883456,0.1966676501594786,-0.11539990733370323,0.07630986455010161,-0.013362812907217017,0.0005421765954259588,-0.006275792115585046,-0.012966305295774102,0.10109868131833744,-0.2588031172589496,0.3046070927493816,-0.23522001882726148,0.04718630409477281,-0.024618636543073835,-0.006097703928800321,-0.002843550363529022
HS208,0.023124548952745395,-0.0888578540621416,0.11220518406579112,-0.09061457666436303,0.018622547973783182,-0.004862227743035987,0.003957100263709174,-0.005829751396012151,0.0008645429124049561,-0.010139297190166116,0.05876075502093942,-0.13468773857049435,0.09776420802460935,-0.04575255367882799,0.01680347753391279,-0.00010145037784622393,0.0008257366047159169,0.00029469630288555247
sd7037,0.013573125457469123,-0.05857654816949214,0.09857407988195352,-0.097009401940442,0.06419012069893529,-0.03518118030983722,0.012847376086879103,-0.00433062386346472,-0.0018241056567680298,0.005013030084302824,-0.0033824824942903352,-0.019485357507239585,0.002533649890739643,-0.008873226426525596,-0.0015979471238138693,-0.003351526850622167,-0.001388940474502194,-0.0002221982967229394
cr001sm,0.0024893102155460842,-0.007583447058799012,0.021825023266466265,-0.029827129389013864,0.028174271363110348,-0.020930589903425785,0.003054775245425403,-0.00287703594851634,-0.001800209528828145,-0.008854861014275739,0.0537071582237904,-0.1185410254353758,0.08079964268504963,-0.060209394034735866,0.007770026361420178,-0.005700401252987886,0.0001873645675012904,0.00021858994861236421
e214,-0.0009742797932427448,0.001093072031315556,0.03256705716967536,-0.05112789183142704,0.05525083864952525,-0.02234701073482019,0.005294375157349172,-0.005488164305462264,-0.002302014933766308,0.01614853930834696,-0.06025446641730578,0.10418382992741589,-0.14653447434688002,0.10879349888246742,-0.0604295033189998,0.004691527680403174,-0.004446160757487532,-0.00042079824544707337
DP-1.89-7.83,0.031614764196153146,-0.12289639994388148,0.19218967233998419,-0.1862717962950793,0.09399620295746833,-0.04595852940743589,0.013165624225991532,-0.0018163999940062102,-0.0019160789617206821,0.006819472302524407,-0.015713024087643267,-0.001705061199976048,-0.007448642286026785,-0.0043054141399495776,-0.0004579457844157296,-0.0050853123495298354,-0.0016595914348137826,-0.00030317520336389564
DAE51,0.002690574788116686,-0.009334903658741895,0.021793949789832102,-0.04038883055500426,0.05675535358329755,-0.03127921349890036,0.007454427358390656,-0.0057356804519293455,-0.0008329863291101353,-0.006707404787077544,0.04209821990204706,-0.08692558860229989,0.048632577828747976,-0.03202458477928577,0.0005243412521250797,-0.003575850463365418,-0.00012716448695946887,0.000746223358602525
MS10317,0.013485225447846513,-0.06031765629479561,0.1455919684755636,-0.20093058638638897,0.19476554924487824,-0.09487194870680199,0.03087467235406197,0.0034281939450539613,-0.004679039478487305,0.004762206860704749,-0.009715318509597304,0.01655769933940391,-0.003577958174348118,0.010865269801209665,0.034177223914503785,-0.033313283359488806,0.0013474340239242291,0.0019802977058840164
AG45,0.0495553860870475,-0.19150018966706744,0.30654295704098694,-0.2949136501805663,0.14508324444024873,-0.060252922159088985,0.011280708933337666,-0.00048772914104784263,-0.0015649903327983445,0.008255060121661844,-0.017231940648118806,-4.615443199891341e-05,-0.018064333670449323,-0.0009708771085840198,-0.0005579424271051484,-0.0009998118674185489,-0.0007230683776033582,0.0003471497583831165
S1010,0.011794030061014668,-0.039378279458105216,0.02346734257527086,-0.005869598016005768,-0.027755500144390106,-0.015410468171062678,-0.007505342914458659,0.007830857463224683,-0.002321761262869675,0.015118971292920636,-0.05285420906877146,0.07225431436136222,-0.0700952294691946,0.027660296639769787,-0.0009597813476379641,0.0012262428723191984,-0.0017337385159489132,0.0002132702655892763
AS6099,-0.016579001788129225,0.05329241415856649,-0.038607914055068096,0.007331422387678679,0.036627594464919935,-0.020880423408450973,0.010808197569742163,-0.004646832853494875,-0.0034681571067161593,0.04661365916299179,-0.15787673638841515,0.24819002348819766,-0.24393539325322436,0.023676165271204686,-0.0426097197000865,0.007560453769476048,-0.004123772095139373,0.0008290777723548485
SA7038,0.01023454899046574,-0.04673481221172081,0.08120881087980392,-0.08365748189533455,0.06061856851488362,-0.03397584878074232,0.01277224676233597,-0.004751950038784926,-0.003030293210974188,0.007107085544295374,-0.009439995999405374,-0.012354230788619846,-0.004996742189449829,-0.0036197994558057715,-0.006564980185563159,-0.0014793532731266236,-0.0014120363300347105,-0.00036756690124909195
ag43d,0.0323763142463148,-0.12130679035704567,0.18317549141286657,-0.17125646664137367,0.07860107990679382,-0.039681251413844404,0.006675445409013221,0.0008187530068336011,-0.0020008725916664965,0.008948673986840381,-0.019836396168982827,0.003923008929463871,-0.020436560125862188,0.000708145670029552,-0.007477209411018659,-0.004203238634316364,0.001546542646456244,-2.8826592907609448e-05
RONCZ1080,0.05478488444161815,-0.2525705037046673,0.5404028416698916,-0.6577941479387814,0.5150953632358234,-0.19711941067486008,0.047377185140667064,-0.011895802434370014,-0.001400368857128757,-0.0012419606015099264,0.038788146009343,-0.12049329771967726,0.15826636008846046,-0.1124461136661149,0.0834394151590079,-0.03068447956023715,-0.0009672388492426112,-0.0008031677072035424
CJ3209,0.012305008800191366,-0.05482097599746471,0.09884156461062504,-0.16100688641017016,0.12505243142901284,-0.0620156270910204,0.026241503625831858,-0.01644283350904155,0.0007578982589414824,0.007679627672678034,-0.012151279505057854,-0.017680790836542153,0.025389217051585426,-0.026166144605854605,0.00796030408772948,0.006229683152507905,0.0023759105113204506,-0.0010992276087276498
SD6060,0.028125277259629766,-0.117124328071686,0.19421102421100211,-0.202608001698434,0.13383634143438514,-0.0595138699196579,0.01134135996753379,-0.004440989639870468,-0.001245757896074109,0.013100966805967647,-0.0361312848016036,0.03171285616947539,-0.03640107856678178,0.02585319147608893,-0.0040714226249808265,-0.0006032973991460987,-0.0017948950729448003,-0.00033289675615921213
HQ3512,-0.003411907729694155,-0.0005383703554912351,0.03292316462696584,-0.07345805512304217,0.1013634788532138,-0.05907930851181748,0.02403178153002519,-0.007802201392329086,-0.001237088898336147,0.014902466944300809,-0.04252415938420336,0.05556722093097852,-0.08671263711788516,0.0726821419217424,-0.03371969678806056,-0.006229848747997496,-0.0007067029734812891,-0.0004384549414318128
sd7034,0.016354072857156208,-0.07422724159434092,0.13379981441432098,-0.15424275981357996,0.12366158192001182,-0.05259696935778706,0.02147723784458119,-0.007279678775480993,-0.0021753686818326502,0.004332151431885704,-0.006786315145487221,0.005181402455209902,-0.03479514751377451,0.015561249901532116,-0.01512922722672101,0.0007568579359792147,-0.001530154884218514,-0.00011796737860700895
MID455,0.05550974547518773,-0.22735167134320178,0.37992277171733807,-0.4041292257365681,0.2698901030238257,-0.12132568624893185,0.06305297237178317,-0.013634234626737716,-0.003248809560839541,-0.03204849191099917,0.14014705894757426,-0.2514103493738368,0.23557762529949286,-0.10071223925238854,0.028878656187977265,-0.00489391802002568,-0.0003953193843092425,0.00026258161847633656
E203,0.009817118418473426,-0.05266087194537758,0.12212245162254134,-0.1467169070355675,0.10410147149041357,-0.024653986384156962,-0.0009170054961353895,-0.0038062731752373123,-0.0030892942524439826,0.001972676770086042,-0.0004792988674258872,-0.01021752062307588,-0.006867409559366508,0.04840237709068327,-0.047041323116145284,0.009682537346774439,-0.0037719981150958243,-6.32642894494174e-05
Merganser,-0.04479667163502568,0.17923546972477453,-0.26426445068754556,0.25417435748127193,-0.11621839486614619,0.0063085511797191345,0.001155318446296481,-0.010585365897232885,0.00015923687724026707,0.010536079045481992,-0.03950157761246679,0.06651097533449503,-0.15131300665638678,0.045477364078975076,-0.03609509802216777,-0.018151703604330202,-0.005231652766486247,0.0001850788196457833
S8025,0.02664555907487279,-0.10581385678673949,0.155131245391191,-0.15483776407607983,0.06690516873795771,-0.043527628172714335,0.01261396172962965,-5.585438869886505e-05,-0.0004283341982204395,0.004302088789564068,0.0017132652491351034,-0.04244169920870045,0.05570390123430311,-0.03703183583048729,0.013096335056767407,-0.0055317490203670265,0.0006132940550694756,-5.722952527184142e-06
TL56,0.02669246741061251,-0.11009990491190022,0.16478985357922907,-0.16029425213204757,0.08062519908965812,-0.03747970957596652,0.009023635005423754,-0.001608543015640681,-0.0014751940803919505,0.008565970208082852,-0.029527951524198914,0.03885289962279766,-0.04191711374261835,0.01803845167499014,-0.006026671438171393,0.002659294572923089,0.0010630604686128733,0.0008928089603323668
Sipkill,0.018182554192095482,-0.07626973110352779,0.12454968981094888,-0.1394952869889323,0.08802126037151614,-0.04055672240911949,0.009401073976104199,-0.002583544165968067,-8.636861288549403e-05,0.006246523643797018,-0.012814571984732587,-0.0014304695665852464,-0.010262677331896487,0.00932988850621011,0.0037454267103271544,0.002225245331948168,-0.0006065373344200416,5.024284289307056e-05
DAI1238,-0.029243197696813165,0.09973982698463751,-0.139304722822589,0.0786295941268521,0.046909621190377726,-0.04021718076860671,0.02320261174595145,-0.00973342751709831,-0.0014784969372201406,-0.011481820808109285,0.060771279453932306,-0.10600036620271842,0.06735289564174572,-0.04430506846368629,0.0031484466506509438,-0.00867043453925045,-0.0007562516074147767,0.0001516838347212871
RONCZ1046,0.04371329218461251,-0.2258919990993399,0.5143070774854306,-0.6175418107781304,0.4734470705824368,-0.1338351476403947,0.02649977622755135,-0.012761132858393342,-0.0025182522096948365,0.010299564202791498,-0.02177563429939044,0.026177551383387287,-0.05339513871633494,0.04287615493424583,-0.024792707228884322,0.004221954945508859,-0.0009544492320252825,-0.0007803317876718273
hs179,0.008628121075905005,-0.036028091532703733,0.05983564076858241,-0.06909649506105298,0.04491076097473298,-0.033027878206134655,0.005763702032672216,-0.0017385910173149644,-0.0011843362047457666,0.0009876541468340678,0.0025372868875608873,-0.02485675075451455,0.011970783158200054,-0.008384107363273666,0.010436859438378207,-0.011104086205836224,3.885352029044829e-05,0.000581444401453485
S809,0.07425367394896787,-0.338560801209682,0.6805672452481341,-0.7662622443661103,0.5208163937466171,-0.17956708592373166,0.03014146100858376,-0.008563080247004804,-0.000599792585117757,0.043979315219038466,-0.19146034064103246,0.3871322145283019,-0.5191048999959574,0.5516769680790097,-0.27413190577249064,0.04654329399107115,-0.009884020886889838,8.365199663713145e-05
ag42d,0.017546953526057854,-0.06620829323770883,0.09499992812760984,-0.08942941182267759,0.038438610059591746,-0.024660400262681233,0.004572338931308199,-0.0011901679428382985,-0.001451728575948324,0.011152010483872451,-0.02843788474790243,0.01839977376717085,-0.029001431513217768,0.003907685168870007,-0.005714602650037967,-0.004956848699656495,0.001807686037213639,-1.8652775790521257e-05
RZ,0.06718215232347799,-0.2921836637083148,0.5633862265448573,-0.696480562114633,0.5555061126827139,-0.24509146310070026,0.05362088212246691,-0.010982988415378309,0.0005255007714924599,-0.002408543489450499,0.024722658953426478,-0.059012818238271696,0.02338070345361204,0.0033786074524007567,0.001588552410386717,0.009892166805708053,0.0021101910727794847,0.0005461952840519329
S7075,0.0006229544177001297,-0.0006970739481002361,-0.009156964440820037,0.021390320679042167,-0.011002976014592788,-0.0065554983296844255,0.0002579801413446843,-0.000585444001976722,-0.00209224595884034,0.003948044448181075,0.005104259487312726,-0.038442398570385505,0.024267668816197716,-0.023491936041746764,0.003964341556365296,-0.003473160406696785,-0.004254156207795802,0.0012417694875562885
HQW2511,0.0019841740413053593,-0.01417038346014122,0.04402143139109001,-0.06955611652090558,0.07206626716413757,-0.04370335415254103,0.013012269185381455,-0.004583835860286713,-0.0005465880985483578,0.010031411026589032,-0.023235526157796563,0.01652032210374688,-0.0313617603107822,0.02797476046682104,-0.008708319268663675,-0.00806089624270234,-0.0011606656672651342,-0.0006820077596301814
naca0018,0.013000404752637206,-0.041615872023628764,0.07336419045322433,-0.07888143815634371,0.05796238642819141,-0.02388333428205041,0.017285613755638248,0.0005676404904106951,-0.0026090100884606005,-0.00750634148808461,0.03636585467505099,-0.0512922965205425,0.08431956254454452,-0.016712265098957603,0.00664672703493025,0.0023878474505899926,0.0009513116173149774,0.0013083901168359988
DAE41,0.012410350360159405,-0.05475731414437471,0.09511137668858119,-0.11646836065045954,0.10334831605517833,-0.04518113159181531,0.01450715019397648,-0.003901201223918316,-0.0009854572222871025,-0.0031830913046962603,0.027783933219001158,-0.05919753710102015,0.03696675808338082,-0.013361997454678995,-0.002512808879213843,-0.0012643411812165862,-0.0013733308839821603,-0.00020930264719628237
N654421,0.024505700247242586,-0.12729491160446219,0.29334835490230776,-0.37427338504763935,0.33080720969469835,-0.12522986470328076,0.02778197568801232,-0.008174593948259352,0.0038209622182416914,0.0588782603455621,-0.22111466704766117,0.37868801698399135,-0.3832080310937324,0.299839304381897,-0.1034905155415826,0.005358396661995871,-0.006988960830672138,-0.0006329807001370708
TL55,0.02290191011870162,-0.09547060732681414,0.14448684943369441,-0.1434876651438499,0.07742489872050375,-0.03466326655811551,0.011576164031908951,-0.0031523864241872184,-0.0014933517212927646,0.008320402262839158,-0.02737345291701074,0.03393276870055509,-0.03866152322578042,0.014445313140242003,-0.0052942472508191755,0.0020379115533610864,0.0009277041825355568,0.0007967867718632197
S823,-0.011760246799543276,0.038647456823830056,-0.024124963360445634,-0.009766428095774776,0.04090413627105293,-0.004273225220513841,0.0015541757690927642,-0.005515283225006951,-0.0028124997698757326,0.14068866801166216,-0.5478322026377139,0.855217404143627,-0.535581129431929,0.20367712603569235,-0.07782649007366962,0.0030155743236941995,-0.006614601692334581,-0.0005038590894944191
S822,-0.026714149511877457,0.08828520531626508,-0.10888490470195791,0.04929250166391052,0.05542267650689534,-0.05258601076538858,0.014235474982650842,-0.005763226004077175,-0.0016966554973965899,0.012476814621841411,-0.03918440404818312,0.03931007055378303,-0.0022572969212750382,0.015445821686131862,0.0023366401651312746,-0.0054208226666384186,-0.005110240374688993,-0.00048603799105463705
HQ208,0.014588727982904849,-0.060304724531224325,0.09885786880468055,-0.11124413987077134,0.07783080184609002,-0.049917644407092336,0.006688067071756603,-0.0011221530968410678,-0.0017678671843945608,0.0068909774146984305,-0.02486061800907058,0.029921110415956485,-0.06997177725574212,0.05784641994860619,-0.024116988441205266,-0.004404922446999091,1.3879598360589245e-05,-0.00010155398421607723
LA203a,0.0010575817589349335,-0.017124528764175077,0.10332344277111673,-0.18445390043029217,0.20627169259155267,-0.06791608591635688,0.018416539975826245,-0.007512969219769407,-0.001553705610496559,-0.008072063434974266,0.01893865800442643,0.06455277710661539,-0.1819143109108794,0.15178743410312132,-0.06697933288900182,-0.0024686854228062817,-0.006243150211627123,-0.0017115223045039427
N644221,0.02079493515138673,-0.09486537237871809,0.17834251771827245,-0.20272807040507945,0.1559793685207493,-0.025060862528960146,-0.003048141511110442,0.00031604368496814103,-0.00041868576481404507,-0.0003954004206686599,-0.019138351999742287,0.08650528207672104,-0.14013636618705727,0.20020703280834473,-0.09380561249321358,0.010543382941167558,-0.006808144169046888,-0.00012801230362337153
DS21,0.011882578052824317,-0.0500368148489919,0.0786355792386295,-0.08456250892014909,0.04571676336424388,-0.028360643390590724,0.0044468140320833485,-0.00137314339193085,-0.0005989633450801554,-0.005031083877384281,0.035071132530983304,-0.08211521638922832,0.06398202143997064,-0.03717072419993277,0.012516166895433552,-0.007828764732944228,-0.0007366600468156659,-0.00010353119487862505
TL54,0.014638870669653371,-0.05876983789562937,0.08242326263178239,-0.0878588797648613,0.05707414833667425,-0.029203166356425284,0.015092328992938005,-0.005801452222950669,0.00014854220471380728,0.01275628086888848,-0.040725050486285184,0.052483267865060176,-0.05469166195667077,0.019962535606518853,-0.0061258690923988845,0.0008109575006224387,0.0015731724557231314,0.0001094959173752239
SD7032,0.007977266863502112,-0.03821508170493378,0.07117238383270968,-0.0785944800777485,0.06677544786673185,-0.03543682539457978,0.017220539797909974,-0.0062711953243819035,-0.0027746096878574363,0.0076497639544103975,-0.013774464523570047,-0.0007544300549968929,-0.019408792289308495,0.0052358385011293225,-0.009272484039118678,-0.003420365462887283,-0.0021594446527055636,-2.8744297409410394e-05
FX03182,0.015515102225734767,-0.09194689967054545,0.2521025877280028,-0.3543760217629212,0.33010646385443754,-0.13878064121826814,0.02982914207283607,-0.009215246336390169,-0.001250817426998067,0.026879258963135238,-0.11899194740133202,0.21513350559195737,-0.2434967341348315,0.2008911010523823,-0.06105699854533333,-0.01283666037262255,-0.0030060557044411396,-0.0018951361963194155
MH62,0.024610236032987436,-0.10066639944938614,0.15112381438489822,-0.17063603213984524,0.11824755161026816,-0.06453183759674554,0.020806853854624375,-0.0067258003375154415,0.0009045556603161167,0.0017253886243961724,0.011984666779023267,-0.06397927936780926,0.07615687840441353,-0.05149771137899166,0.01590634511663049,-0.004210789254936698,0.0013426965500773246,3.523679886227918e-05
DAE31,-0.04068416574853346,0.1403707016423901,-0.1970572336508491,0.12863079300529504,0.029110070970501556,-0.03434111499857757,0.022385666894450446,-0.009949885894530334,-0.002183404536511971,-0.015788227245697038,0.08178512508299035,-0.13130609742838847,0.06617347448671794,-0.052203910247566265,-0.0024864623003766928,-0.0015665857557798184,-0.0005819105560920722,4.4005364320429095e-06
AH79-100b,-0.019226098982249775,0.06806110101844112,-0.04901609824431675,-0.016783954057374675,0.08705117817449108,-0.04550925161225922,0.015908193667680582,-0.011846920576033664,0.0002021018577335929,-0.015976657872120055,0.054396166143472376,-0.06336949916672215,-0.03467176363324272,0.04720376522790038,-0.05794725263737472,0.003900513515516928,-0.006759636899118899,-0.00040293335235810245
S4083,0.010990622637593334,-0.029566037120025854,0.04038453368613541,-0.03427867567379388,0.005126058493665536,-0.005318512825823629,0.010846349818087575,-0.007788618786166309,-0.0019434986406023083,0.011445548793719236,-0.02938228453766754,0.02912397138532343,-0.06213642269236226,0.030708142671123474,-0.025151475450938345,0.002488009380343415,-8.324453708040842e-05,7.425413517332468e-05
N633018,0.029025217337363116,-0.12180120203512863,0.1971998123552873,-0.20768115499186746,0.13504117618327813,-0.029191642208721513,-0.0005438593817406806,-0.0002084014861636543,-0.002922336753260982,-0.00047177498673336467,-0.003854800509401256,0.027536405719855966,-0.04383863484545715,0.11142607981362275,-0.05247411690435612,0.0037147394285009456,-0.0043013256990599175,0.00010138654639845099
FX05191,-0.036875324567966515,0.1499284913104976,-0.23759068408578204,0.207388601155392,-0.04898604442578846,0.015435599384352022,-0.007482312929501526,-0.00369827917843439,-0.000851798090651624,-0.019883712565491193,0.08556154560081963,-0.14922429474334895,0.12420714325164788,-0.022257974513154862,0.02360328912868741,-0.020542620713667546,-0.009449400955483817,-0.0007667600258887331
MileyM06,0.13321132214544817,-0.5343272548807054,0.9342680894785711,-0.9454144267074482,0.554360633112463,-0.13371880364888886,0.024074163955919818,-0.012522135254206633,-0.002808592803784341,0.004658876644193249,0.001856519689696715,-0.037999025827398565,0.008152784595559072,-0.005179435818328082,-0.0003788955329799409,0.0008311090968044111,0.0007731831875029593,0.0006816406904905026
LA2573A,0.007101968433200246,-0.0052349946194148785,-0.08086694697850377,0.16355402385110268,-0.20857802466340974,0.16202496526640806,-0.034082708428195795,-0.0008942143778523105,-0.0006919422914791124,-0.0431512277356617,0.15374533130259654,-0.179646192345686,0.06953220279157402,0.002332798781025407,-0.005968812348936111,0.013401764416097396,-0.005378823530515058,0.0002946194975153374
SC20518,-0.008147957417929492,0.011976267181248718,0.02268731740537312,-0.0657910889301409,0.08970742718409086,-0.05035031290395163,0.014041432948402576,0.008764025194459374,-0.0026092005631112953,0.010585720838831698,-0.05702359800183233,0.18242264984817627,-0.22245508502755254,0.1939410943053331,-0.0532868364051601,-0.016105421884309704,-0.005865136560157225,0.0048697508690637705
RG8,0.00017700091661786635,-0.0015134009312820734,0.02082077079024198,-0.03857365025759351,0.03610447973643997,-0.027002811146862635,0.00796608825736093,-0.004050140412404824,-0.0016986397850578038,0.026636247162904886,-0.09987715408903398,0.16539698883416626,-0.18475816414836516,0.13300142738343185,-0.058831228598605845,0.003634695309817776,-0.003327327625581901,-0.0004174502354002446
AG24,0.015108327446104356,-0.05962696806678381,0.09193630624091693,-0.09359541687859657,0.05255851040321011,-0.03246490797292947,0.007827143927683022,-0.0033688063378476425,-0.0015962878593229258,0.007321640128084567,-0.011760106769509594,-0.014899328631235205,0.011294923040366776,-0.01112122292945231,-0.005947391077500533,-0.0014243482706635905,-0.0018274749249041367,0.0006597828249659632
AH79-100c,-0.029702263215565943,0.09385361878812191,-0.05697351429890934,-0.02237909810893834,0.10393519216522971,-0.06340021442296599,0.023766069568280434,-0.012646813599149214,-0.0006524997270979764,-0.004057925553879995,0.02152059879604382,-0.03806403770815135,-0.0018429036429437723,-0.030668984068195154,-0.002170784167553218,-0.007729673484141547,-0.0036108434915939143,-0.0007880041841766043
naca634_418,0.010431797634258513,-0.045824403246495046,0.09730712525567184,-0.12456660687346643,0.11833284899756487,-0.029360343184273417,0.005575222803591279,-0.002692260914382371,0.002210606911756198,-0.015169286110383795,0.038316888954109944,-0.03294557440059081,-0.005732192701503577,0.07576131118284607,-0.04130914893466857,-0.0029406764659303504,-0.005412244032456493,-0.001105715778017978
mh49,0.0943402615294587,-0.3865293898546804,0.6516965907350925,-0.67800286013183,0.39783220407277,-0.13278485931334819,0.01983069717451121,-0.0027309325725791743,-0.0018081983805798435,0.010840592072840195,-0.02397615978527186,-0.003901663312409972,0.034073276282258556,-0.020559305508601945,0.00848665467108071,0.0005594827358137277,0.0015653888762967461,0.0010959427618846187
ag26,0.021875980599931656,-0.08399220707581523,0.12913952440364726,-0.1275419272902704,0.06692185361193512,-0.03780186123063595,0.006494474675948184,-0.001096242269806991,-0.0018253559546076378,0.004538723280089035,-0.002625133994467616,-0.02604889306274211,0.00813465495449641,-0.01483558010532989,-0.007211591439890049,0.00029774493378792455,-0.0009164344760269449,0.0006078000765667821
AH79-100a,-0.005868067449194894,0.021387168867691247,-0.031000289191977753,0.01958156332728955,0.007483306557829735,-0.011671574774130302,0.0020550511678881123,-0.004062841666962741,-0.0006621098867793069,-0.007875300336023005,0.0385944197676714,-0.0752067701464491,0.03886264825162155,0.0025629672105154312,-0.03769014584656512,0.004479649297878992,-0.0025456836247738945,0.00056927781234042
FX63-110,-0.011670627027863555,0.0410995449347131,-0.03359588259931692,-0.008381857605054223,0.04714956673190487,-0.023693022751204714,0.008301356538358277,-0.0024053059364183226,0.0002203354049029101,-0.022218682452437587,0.06290362821864455,-0.08004710286051395,0.012889131438862273,0.023580182728314872,-0.03816095426606584,-0.004987990499230196,-0.004470550802562502,-0.0006882456271288463
HD48,0.01115789111485169,-0.04660407186467788,0.0778817763714223,-0.08665178950696782,0.05462670928704856,-0.0335392042677707,0.006313296682141003,-0.0027484111089614437,-0.0009399866578576123,0.00640863059868598,-0.010367279635635896,-0.009923920954163125,-0.0046814054750843785,-0.005748870432002707,-0.004356423811929429,0.0024062521492329843,-0.00028960589026929434,-0.00043194108651805084
S7012,0.014730506859135163,-0.0560280914807076,0.07987743464958959,-0.07347049881277787,0.02645822747630756,-0.011294997215937798,0.00029986208264449923,-0.0027818496781686444,-0.0017772560853340975,0.011655522673758429,-0.028707514053083513,0.01450672893001424,-0.018934513434837427,0.004960285292446555,0.0011782004440031987,-0.008923747117046674,-0.0008270786175630906,-0.00046667046639055446
N633218,0.016872437276801936,-0.07388663705336988,0.1282280398847711,-0.14563023435966346,0.11065865569200664,-0.02128441127449053,0.0018822454836472913,-0.0026959587592830713,0.0005199213488034137,-0.0016750024830149758,-0.0012557858867689137,0.022837986427349247,-0.047421416973855726,0.10956275454265053,-0.05622014403678847,0.002901314890979571,-0.005358413828033918,-0.00012695766995418994
GU255118,0.041817500184243746,-0.23751567155100334,0.6089845459650314,-0.8180118942975673,0.7226174617905613,-0.28912799725997335,0.07622861153892713,-0.02584865673581922,0.0005347033009746025,-0.0175513427510305,0.058977945529818374,-0.07396013773348149,0.011114206068199363,0.024624768746424747,-0.017268556247601766,0.003071140953827514,0.0013182545039162627,0.00013374790384106564
HS308,0.007965224815939986,-0.02159663861748168,-0.005631123143854572,0.03916010472226223,-0.07335657260698908,0.0431750323541885,-0.004176234241415864,-0.006687835683219184,0.00017440485788827815,-0.0032546860856872755,0.006231223139099604,0.00158594784212862,-0.07391938615308971,0.04955863951346892,-0.006236569545256805,0.0018858524968242366,0.002110180504950539,0.00043250703782021945
SD7080,0.015599037566708768,-0.06541415657780895,0.10483112211060348,-0.09950429831764489,0.05997047404216273,-0.0358469554803246,0.01267148259936725,-0.003774304421982071,-0.0020365009342134376,-0.02398265672074446,0.08002325879141368,-0.12637170774435388,0.08006317886021011,-0.037235037706579224,0.006470083019149663,-0.004306432859367465,-0.0010742184314151489,-0.0002804160047263108
eJ1,0.000874131528802571,0.004081482708090324,-0.0005396460294000235,-0.011665550526731776,0.027363987666983603,-0.01717894382756929,0.009539116672350766,-0.00955309698351444,-0.001636636554677971,-0.01701943712584925,0.09126590800341527,-0.20350118442900555,0.2053460765904919,-0.10246434372436627,0.03377189119387706,-0.005631104563068565,0.0008280125258795539,0.0010496931049477094
Phoenix,0.020127423864756123,-0.080272162666086,0.11743690135351785,-0.12075004559692773,0.054218631357871215,-0.020132647723625014,0.015698229124997524,-0.0107773290772144,0.001747496687200592,0.010609638702081205,-0.038041068998540525,0.05396041057568564,-0.10885528331976468,0.0774875591745684,-0.025900705527598815,0.010079730042416711,0.0003656442401067132,0.00024065112183517128
MH64,0.02718597273650737,-0.11286299028819584,0.17188186567130326,-0.1824391513062473,0.11133751866249733,-0.056906716368615794,0.013092907778005428,-0.003309504259850743,-0.0012225012731820585,0.009824128354029153,-0.01877428595504911,-0.013614418853062514,0.02760508839848724,-0.023601785499152077,0.0040266339300119285,-0.0009034710723497923,0.00015924913465105287,0.00033578588232854867
AG37,0.012933756754259274,-0.05035840736043868,0.07401104518136085,-0.06857131742810757,0.02120473448110633,-0.01573320616684323,0.0034063924035646074,-0.0027657783246779442,-0.0008629118463612826,0.003874693498772001,0.012272662973785629,-0.051478204117409804,0.030395739540573466,-0.023191267919366584,0.007308041509418519,-0.0007221324028472354,0.001402218793364308,0.0019941831418139036
HS522,0.02872375544993451,-0.11889625672578294,0.1847088593574716,-0.18800157484715438,0.10200766799113167,-0.04144705069797543,0.011266527254061003,-0.0020902852115125214,-0.001752986262282689,-0.004698103981584523,0.033417617954100205,-0.07725628730930023,0.040435753388118625,-0.00986560429738566,-0.0006003948981629741,0.000554131617820985,0.00037709684804194477,0.00020689579299632265
FX2,-0.1059313648180117,0.43641712171344055,-0.7556871586100882,0.7404336145613911,-0.3282179613844986,0.07723535604875467,-0.012585607511499482,-0.00439860844251405,-0.0007295506243972502,0.0005055750120917805,0.0038506329859950518,-0.03047626029084,0.05578691368402732,-0.029873011095131533,0.07323325650562054,-0.06200267753240255,0.006043996328423018,-0.0025834141912758836
FX66196,0.012240982300105075,-0.05891815821052836,0.13967788814053378,-0.17099996899413153,0.14222849106861893,0.0007288322156975313,-0.012303892618595347,-0.008001843831545391,-0.0012202585459080509,0.020252105302790268,-0.09107149685799981,0.18708969006900358,-0.25728485978111004,0.2611120829003822,-0.1385871661152798,0.02333065797075884,-0.007394763998074204,0.0001549311485275095
AS5045,0.05130956414637484,-0.22207690210480754,0.45415125464784845,-0.5606214857152098,0.4244347864308504,-0.1825028884040041,0.04618726059146497,-0.008396167920184338,-0.0013306382571725028,0.0174675342146606,-0.030352918710504717,-0.008321659366438517,0.04021186920542508,-0.010477210042204315,0.039074655001497996,-0.043547357183307905,0.007633145713101567,-0.002121488629540554
ag45c,0.018670198757580487,-0.07278467874160709,0.10817335379643671,-0.10313036378728105,0.04456866710406776,-0.02478064783542633,0.005564087016954364,-0.0011295548318407238,-0.0015662895216870536,0.02035601826329751,-0.06994123110475833,0.10120667838546475,-0.1279648080619432,0.07036866006251806,-0.036986890454359864,0.0036428174083969283,0.0004122658863360783,1.9365796643921734e-05
EH29,0.022415248964140017,-0.09093436193037793,0.13228510217982695,-0.12716779187937421,0.05347834015171229,-0.026373512837861803,0.005669469877633622,-0.004011960061388369,-0.0004068244686587681,0.010464874817291065,-0.02998265603633841,0.02593080588196402,-0.03107546109526078,0.022523703115371888,-0.0011147477985384761,-0.00016352569022434939,-0.0009904223357959882,-0.0001554116756277632
HQ308,0.006856973370987938,-0.03281171123882562,0.06465024390499197,-0.08290951294171997,0.07289110509131812,-0.04911295981730375,0.01022591646091268,-0.0029839231278378643,-0.0018042028970861902,0.0053144292988175365,-0.019248323304509492,0.02465172205639807,-0.08236695357644498,0.06805050855911159,-0.03305807756519911,-0.0041710076104970574,-0.00014157873433546224,-2.07488096041797e-05
FX63-100,-0.012638330976141244,0.046327704043042754,-0.04648776738988516,0.008685165320139934,0.03093524620834084,-0.01872399677673205,0.004432485106041543,-0.001453338682173521,-8.968546439553502e-06,-0.01690908273146058,0.046655956321885766,-0.061339451011357495,-0.004300795931701272,0.028562991865005,-0.039182646510523715,-0.004099779436771143,-0.004526689291094412,-0.0006775416659154451
N633618,-0.0009995919610561014,-0.006036424998341996,0.045833980258868534,-0.08268205368187746,0.10154704944367385,-0.019104774430730314,0.005592716472680005,-0.004087150526777191,0.0023563574539154997,-0.014413387632304467,0.02159377487040979,0.005526998199777552,-0.05757784930143477,0.10984342409427118,-0.06525624748863769,0.001636966138544985,-0.007450552575138946,-0.0004365801476600826
FX6617182,0.013620870791871334,-0.05526988773891461,0.11703747971318515,-0.12524066733040495,0.07422229238287906,0.042286374419839325,-0.02285190289710079,-0.00527793004448745,-0.0032467239548604875,0.030426608263704674,-0.12606181267821534,0.23526593594587195,-0.2864900713775492,0.24614810136342688,-0.1089201983487789,0.006847165831940621,-2.7306190974028166e-05,0.000866278334375376
PKMB500,0.005428608155994151,-0.021144169218626215,0.05014349698282188,-0.06496235881905348,0.049983186710872596,-0.029138271358208515,0.007277345746603292,-0.004756908745804534,-0.0035188932468526103,0.005633436397575927,-0.015755591759423853,0.009831955307482883,-0.03378251782213334,0.01779349491779657,-0.019711387200856755,0.0009567646901287565,-0.0035116041291655318,6.54336763843728e-05
HS130,0.025515022801294696,-0.10528400766587022,0.15899645466708143,-0.16364579985870709,0.09736185521074908,-0.04461579852037062,0.01249442529806592,-0.0024436957461536975,-0.001502879176056053,-0.00029214648925085887,0.01215212083130013,-0.04366618367981061,0.029512866909390655,-0.013738253043190993,0.010026077028672338,0.0009543187426854063,0.0010597875704649409,0.00018047034032035446
EH1917,0.02286169853908886,-0.09074609069401163,0.1256130788437779,-0.11665205913273828,0.03828538494815229,-0.022778130763442393,-1.232302103424505e-06,-0.002676089501571984,0.00013000881020235947,0.00964178592430009,-0.027307345629221103,0.020620907248393744,-0.04069719908869324,0.028183117797596406,-0.005143672432781316,0.0013068791204541008,-0.0011535636192486892,-5.188877986986716e-05
SM701,-0.006772904652182695,-0.004617385905047206,0.10163898028798606,-0.1887362779606743,0.21314856187408646,-0.11456903086583207,0.05078220590320987,-0.011836623746132983,-0.003817085859881197,0.02988084217788592,-0.11682588423344702,0.2215097388846669,-0.2723814730814355,0.22347583946674587,-0.09270284488400087,0.004470993482456717,-0.00621331342334182,-0.0008792188048169283
rg15,0.008595556229291423,-0.03398624595639059,0.056015543031510295,-0.06059945631671582,0.032003504194423146,-0.023442799870388064,0.002470812668075288,-0.0017176039123246458,-0.0016051985916993438,0.007835156353992973,-0.02045618745369839,0.011230399167616912,-0.021801222373210413,0.010768259791759691,0.002592930151532293,-0.009296078596959606,-0.0006552636712400658,-0.0005044843113072541
S5010,0.03096131958718686,-0.12896536108664505,0.20503725790239846,-0.22966473969069662,0.14760222566308046,-0.060211435843965516,0.022198864955732252,-0.007058072202055581,0.00039657587463127553,0.007278325871277701,-0.020131871557027222,0.01882480856078961,-0.04577399468908799,0.04055013121193016,-0.020105240618841717,0.006486238323441228,-0.0003658153160268157,0.00015649424145277942
HS520,0.02971302603489068,-0.12276028181928078,0.19204786515549155,-0.20943545935432065,0.12314768657262493,-0.04895463110415448,0.015799327565596252,-0.004396216962519745,-6.076053949387135e-06,0.00693149457522725,-0.020531142413485415,0.021062120991965777,-0.05531149488200548,0.045419670811817706,-0.020846504553307426,0.0057383797021329785,-0.00038724353948440285,0.00013533724819459237
RG14A147,0.017005576449822857,-0.06502627634938118,0.09535600029303123,-0.0918766761169786,0.03727326494010829,-0.02761975000390278,-0.0009965457761789685,5.970517582196883e-05,-5.0079449627562165e-05,0.0033958161006711267,-0.004897402952908741,-0.021400942523376872,0.004545911282700916,-0.003942769335419666,0.0022916446324137384,0.0004880182831555316,-0.0030485728574666483,0.00022710536156931313
ag35,0.010928182021454914,-0.04262857976448891,0.05459870029509857,-0.045676660877692815,0.012401547984694197,-0.008289712314408513,0.0014272354037551905,-0.0025692906309353705,-0.002845762860675454,0.0023695613690565263,0.01608857891604848,-0.056799554586271866,0.04417700448660742,-0.034517346996581204,0.011809265699721338,-0.0018798554266679806,0.0013429654524624542,0.0016289936493142677
DAE21,0.002175683404318249,-0.0376749902312849,0.12927464091296992,-0.2269214184235276,0.25823285295300297,-0.11340116321738572,0.03851477515128284,-0.01363215520319,-0.0006947517909575885,-0.017194358870522633,0.08441483833109337,-0.1395523632444612,0.0756493830477232,-0.050724418878740865,-0.0013157884445514055,-0.002283283418439208,-0.0004912389684484742,-9.871548378561604e-07
